ds_script	ds_source_line	ds_settext_ordinal	ds_speaker	pc_message_id	pc_speaker	jp_ogg_paths	alignment_method	confidence	selection_status	message_count	speaker_policy
a01b.fsb.txt	534	88	淳平	A01b_010_020_01_00	淳平	/sound/voice/A01b_010_020_01_00_00.ogg	unique_exact_anchor	exact	selected	1	same
a01b.fsb.txt	556	92	淳平	A01b_010_040_01_00	淳平	/sound/voice/A01b_010_040_01_00_00.ogg	unique_exact_anchor	exact	selected	1	same
a01b.fsb.txt	608	106	淳平	A01b_010_090_02_00	淳平	/sound/voice/A01b_010_090_02_00_00.ogg	unique_exact_anchor	exact	selected	1	same
a01b.fsb.txt	610	107	淳平	A01b_010_090_03_00	淳平	/sound/voice/A01b_010_090_03_00_00.ogg	unique_exact_anchor	exact	selected	1	same
a01b.fsb.txt	675	122	淳平	A01b_010_150_03_00	淳平	/sound/voice/A01b_010_150_03_00_00.ogg	monotonic_tfidf	high	selected	1	same
a01b.fsb.txt	737	129	淳平	A01b_010_180_02_00	淳平	/sound/voice/A01b_010_180_02_00_00.ogg	unique_exact_anchor	exact	selected	1	same
a01b.fsb.txt	739	130	淳平	A01b_010_180_03_00	淳平	/sound/voice/A01b_010_180_03_00_00.ogg	unique_exact_anchor	exact	selected	1	same
a01b.fsb.txt	780	134	淳平	A01b_010_200_02_00	淳平	/sound/voice/A01b_010_200_02_00_00.ogg	unique_exact_anchor	exact	selected	1	same
a01b.fsb.txt	801	140	淳平	A01b_010_220_01_00	淳平	/sound/voice/A01b_010_220_01_00_00.ogg	unique_exact_anchor	exact	selected	1	same
a01b.fsb.txt	803	141	淳平	A01b_010_220_02_00	淳平	/sound/voice/A01b_010_220_02_00_00.ogg	unique_exact_anchor	exact	selected	1	same
a01b.fsb.txt	845	152	淳平	A01b_010_260_04_00	淳平	/sound/voice/A01b_010_260_04_00_00.ogg	unique_exact_anchor	exact	selected	1	same
a01b.fsb.txt	848	153	淳平	A01b_010_260_05_00	淳平	/sound/voice/A01b_010_260_05_00_00.ogg	monotonic_tfidf	review	selected	1	same
a01b.fsb.txt	854	155	淳平	A01b_010_270_02_00	淳平	/sound/voice/A01b_010_270_02_00_00.ogg	unique_exact_anchor	exact	selected	1	same
a01b.fsb.txt	867	158	淳平	A01b_010_280_03_00	淳平	/sound/voice/A01b_010_280_03_00_00.ogg	unique_exact_anchor	exact	selected	1	same
a01b.fsb.txt	871	159	淳平	A01b_010_280_04_00	淳平	/sound/voice/A01b_010_280_04_00_00.ogg	unique_exact_anchor	exact	selected	1	same
a01b.fsb.txt	875	160	淳平	A01b_010_280_05_00	淳平	/sound/voice/A01b_010_280_05_00_00.ogg	monotonic_tfidf	medium	selected	1	same
a01b.fsb.txt	880	161	淳平	A01b_010_280_06_00	淳平	/sound/voice/A01b_010_280_06_00_00.ogg	unique_exact_anchor	exact	selected	1	same
a01b.fsb.txt	918	164	淳平	A01b_020_020_02_10	淳平	/sound/voice/A01b_020_020_02_10_00.ogg	monotonic_tfidf	review	selected	1	same
a01b.fsb.txt	949	169	淳平	A01b_020_030_04_00	淳平	/sound/voice/A01b_020_030_04_00_00.ogg	unique_exact_anchor	exact	selected	1	same
a01b.fsb.txt	957	170	淳平	A01b_020_030_05_00	淳平	/sound/voice/A01b_020_030_05_00_00.ogg	unique_exact_anchor	exact	selected	1	same
a01b.fsb.txt	969	173	淳平	A01b_020_040_03_00	淳平	/sound/voice/A01b_020_040_03_00_00.ogg	unique_exact_anchor	exact	selected	1	same
a01b.fsb.txt	1019	176	淳平	A01b_020_060_01_00	淳平	/sound/voice/A01b_020_060_01_00_00.ogg	unique_exact_anchor	exact	selected	1	same
a01b.fsb.txt	1021	177	淳平	A01b_020_060_02_00	淳平	/sound/voice/A01b_020_060_02_00_00.ogg	unique_exact_anchor	exact	selected	1	same
a01d.fsb.txt	25	3	淳平	A01d_010_020_01_00	淳平	/sound/voice/A01d_010_020_01_00_00.ogg	unique_exact_anchor	exact	selected	1	same
a01d.fsb.txt	32	6	淳平	A01d_010_020_04_00	淳平	/sound/voice/A01d_010_020_04_00_00.ogg	unique_exact_anchor	exact	selected	1	same
a01d.fsb.txt	34	7	淳平	A01d_010_020_05_00	淳平	/sound/voice/A01d_010_020_05_00_00.ogg	unique_exact_anchor	exact	selected	1	same
a01d.fsb.txt	180	37	？？？	A01d_010_120_01_00	？？？	/sound/voice/A01d_010_120_01_00_00.ogg	unique_exact_anchor	exact	selected	1	same
a01d.fsb.txt	189	40	？？？	A01d_010_121_01_00	？？？	/sound/voice/A01d_010_121_01_00_00.ogg	monotonic_tfidf	exact	selected	1	same
a01d.fsb.txt	191	41	？？？	A01d_010_121_02_00	？？？	/sound/voice/A01d_010_121_02_00_00.ogg	monotonic_tfidf	high	selected	1	same
a01d.fsb.txt	193	42	？？？	A01d_010_121_03_00	？？？	/sound/voice/A01d_010_121_03_00_00.ogg	monotonic_tfidf	exact	selected	1	same
a01d.fsb.txt	213	45	淳平	A01d_010_140_01_00	淳平	/sound/voice/A01d_010_140_01_00_00.ogg	unique_exact_anchor	exact	selected	1	same
a01d.fsb.txt	215	46	淳平	A01d_010_140_02_00	淳平	/sound/voice/A01d_010_140_02_00_00.ogg	unique_exact_anchor	exact	selected	1	same
a01d.fsb.txt	249	55	？？？	A01d_010_160_01_00	？？？	/sound/voice/A01d_010_160_01_00_00.ogg	monotonic_tfidf	exact	selected	1	same
a01d.fsb.txt	251	56	？？？	A01d_010_160_02_00	？？？	/sound/voice/A01d_010_160_02_00_00.ogg	monotonic_tfidf	high	selected	1	same
a01d.fsb.txt	253	57	？？？	A01d_010_160_03_00	？？？	/sound/voice/A01d_010_160_03_00_00.ogg	monotonic_tfidf	exact	selected	1	same
a01d.fsb.txt	264	58	淳平	A01d_010_161_01_00	淳平	/sound/voice/A01d_010_161_01_00_00.ogg	unique_exact_anchor	exact	selected	1	same
a01d.fsb.txt	266	59	淳平	A01d_010_161_02_00	淳平	/sound/voice/A01d_010_161_02_00_00.ogg	unique_exact_anchor	exact	selected	1	same
a01e.fsb.txt	34	5	淳平	A01e_010_030_01_00	淳平	/sound/voice/A01e_010_030_01_00_00.ogg	unique_exact_anchor	exact	selected	1	same
a01e.fsb.txt	56	9	淳平	A01e_010_040_03_00	淳平	/sound/voice/A01e_010_040_03_00_00.ogg	unique_exact_anchor	exact	selected	1	same
a01e.fsb.txt	97	18	淳平	A01e_010_070_03_10	淳平	/sound/voice/A01e_010_070_03_10_00.ogg	unique_exact_anchor	exact	selected	1	same
a01e.fsb.txt	99	19	淳平	A01e_010_070_04_00	淳平	/sound/voice/A01e_010_070_04_00_00.ogg	monotonic_tfidf	medium	selected	1	same
a01e.fsb.txt	101	20	淳平	A01e_010_070_05_00	淳平	/sound/voice/A01e_010_070_05_00_00.ogg	unique_exact_anchor	exact	selected	1	same
a01e.fsb.txt	108	21	淳平	A01e_010_080_01_00	淳平	/sound/voice/A01e_010_080_01_00_00.ogg	unique_exact_anchor	exact	selected	1	same
a01e.fsb.txt	112	22	淳平	A01e_010_080_02_00	淳平	/sound/voice/A01e_010_080_02_00_00.ogg	unique_exact_anchor	exact	selected	1	same
a01e.fsb.txt	243	50	銀髪	A01e_020_091_02_10	銀髪	/sound/voice/A01e_020_091_02_10_00.ogg	unique_exact_anchor	exact	selected	1	same
a01e.fsb.txt	254	53	獅子翁	A01e_020_100_03_00	獅子翁	/sound/voice/A01e_020_100_03_00_00.ogg	unique_exact_anchor	exact	selected	1	same
a01e.fsb.txt	264	55	桃色髪	A01e_020_110_02_00	桃色髪	/sound/voice/A01e_020_110_02_00_00.ogg	unique_exact_anchor	exact	selected	1	same
a01e.fsb.txt	288	61	王子	A01e_020_130_01_00	王子	/sound/voice/A01e_020_130_01_00_00.ogg	unique_exact_anchor	exact	selected	1	same
a01e.fsb.txt	290	62	王子	A01e_020_130_02_00	王子	/sound/voice/A01e_020_130_02_00_00.ogg	unique_exact_anchor	exact	selected	1	same
a01e.fsb.txt	322	69	岩男	A01e_020_150_01_00	岩男	/sound/voice/A01e_020_150_01_00_00.ogg	unique_exact_anchor	exact	selected	1	same
a01e.fsb.txt	324	70	岩男	A01e_020_150_02_00	岩男	/sound/voice/A01e_020_150_02_00_00.ogg	unique_exact_anchor	exact	selected	1	same
a01e.fsb.txt	329	72	岩男	A01e_020_151_01_00	岩男	/sound/voice/A01e_020_151_01_00_00.ogg	unique_exact_anchor	exact	selected	1	same
a01e.fsb.txt	331	73	岩男	A01e_020_151_02_00	岩男	/sound/voice/A01e_020_151_02_00_00.ogg	unique_exact_anchor	exact	selected	1	same
a01e.fsb.txt	333	74	岩男	A01e_020_151_03_00	岩男	/sound/voice/A01e_020_151_03_00_00.ogg	unique_exact_anchor	exact	selected	1	same
a01e.fsb.txt	346	77	淳平	A01e_020_170_01_00	淳平	/sound/voice/A01e_020_170_01_00_00.ogg	unique_exact_anchor	exact	selected	1	same
a01e.fsb.txt	381	85	銀髪	A01e_030_010_01_00	銀髪	/sound/voice/A01e_030_010_01_00_00.ogg	unique_exact_anchor	exact	selected	1	same
a01e.fsb.txt	389	87	銀髪	A01e_030_010_03_00	銀髪	/sound/voice/A01e_030_010_03_00_00.ogg	unique_exact_anchor	exact	selected	1	same
a01e.fsb.txt	399	88	獅子翁	A01e_030_020_01_00	獅子翁	/sound/voice/A01e_030_020_01_00_00.ogg	unique_exact_anchor	exact	selected	1	same
a01e.fsb.txt	405	90	獅子翁	A01e_030_020_03_00	獅子翁	/sound/voice/A01e_030_020_03_00_00.ogg	unique_exact_anchor	exact	selected	1	same
a01e.fsb.txt	407	91	獅子翁	A01e_030_020_04_00	獅子翁	/sound/voice/A01e_030_020_04_00_00.ogg	unique_exact_anchor	exact	selected	1	same
a01e.fsb.txt	429	95	踊り子	A01e_030_050_01_00	踊り子	/sound/voice/A01e_030_050_01_00_00.ogg	unique_exact_anchor	exact	selected	1	same
a01e.fsb.txt	431	96	銀髪	A01e_030_050_02_00	銀髪	/sound/voice/A01e_030_050_02_00_00.ogg	unique_exact_anchor	exact	selected	1	same
a01e.fsb.txt	462	101	銀髪	A01e_030_060_03_00	銀髪	/sound/voice/A01e_030_060_03_00_00.ogg	unique_exact_anchor	exact	selected	1	same
a01e.fsb.txt	466	102	岩男	A01e_030_060_04_00	岩男	/sound/voice/A01e_030_060_04_00_00.ogg	extended_same_speaker	medium	selected	1	same
a01e.fsb.txt	552	117	淳平	A01e_030_110_04_00	淳平	/sound/voice/A01e_030_110_04_00_00.ogg	unique_exact_anchor	exact	selected	1	same
a01e.fsb.txt	556	118	淳平	A01e_030_110_05_00	淳平	/sound/voice/A01e_030_110_05_00_00.ogg	unique_exact_anchor	exact	selected	1	same
a01e.fsb.txt	562	120	淳平	A01e_030_120_02_00	淳平	/sound/voice/A01e_030_120_02_00_00.ogg	unique_exact_anchor	exact	selected	1	same
a01e.fsb.txt	649	142	？？？１	A01e_040_080_01_00	？？？１	/sound/voice/A01e_040_080_01_00_00.ogg	unique_exact_anchor	exact	selected	1	same
a01e.fsb.txt	688	153	？？？１	A01e_040_120_03_00	？？？１	/sound/voice/A01e_040_120_03_00_00.ogg	unique_exact_anchor	exact	selected	1	same
a01e.fsb.txt	696	156	淳平	A01e_040_130_04_00	淳平	/sound/voice/A01e_040_130_04_00_00.ogg	unique_exact_anchor	exact	selected	1	same
a01e.fsb.txt	732	166	？？？	A01e_050_010_03_00	？？？	/sound/voice/A01e_050_010_03_00_00.ogg	unique_exact_anchor	exact	selected	1	same
a01e.fsb.txt	734	167	？？？	A01e_050_010_04_00	？？？	/sound/voice/A01e_050_010_04_00_00.ogg	unique_exact_anchor	exact	selected	1	same
a01e.fsb.txt	763	173	？？？	A01e_050_040_01_00	？？？	/sound/voice/A01e_050_040_01_00_00.ogg	monotonic_tfidf	high	selected	1	same
a01e.fsb.txt	765	174	ゼロ	A01e_050_040_02_00	ゼロ	/sound/voice/A01e_050_040_02_00_00.ogg	unique_exact_anchor	exact	selected	1	same
a01e.fsb.txt	796	178	銀髪	A01e_050_060_01_00	銀髪	/sound/voice/A01e_050_060_01_00_00.ogg	unique_exact_anchor	exact	selected	1	same
a01e.fsb.txt	805	179	獅子翁	A01e_050_060_02_00	獅子翁	/sound/voice/A01e_050_060_02_00_00.ogg	unique_exact_anchor	exact	selected	1	same
a01e.fsb.txt	817	180	ゼロ	A01e_050_070_01_00	ゼロ	/sound/voice/A01e_050_070_01_00_00.ogg	unique_exact_anchor	exact	selected	1	same
a01e.fsb.txt	819	181	ゼロ	A01e_050_070_02_00	ゼロ	/sound/voice/A01e_050_070_02_00_00.ogg	unique_exact_anchor	exact	selected	1	same
a01e.fsb.txt	821	182	ゼロ	A01e_050_070_03_00	ゼロ	/sound/voice/A01e_050_070_03_00_00.ogg | /sound/voice/A01e_050_070_03_00_01.ogg	monotonic_tfidf	high	selected	1	same
a01e.fsb.txt	824	183	踊り子	A01e_050_070_04_00	踊り子	/sound/voice/A01e_050_070_04_00_00.ogg	monotonic_tfidf	exact	selected	1	same
a01e.fsb.txt	828	184	岩男	A01e_050_070_05_00	岩男	/sound/voice/A01e_050_070_05_00_00.ogg	unique_exact_anchor	exact	selected	1	same
a01e.fsb.txt	838	186	ゼロ	A01e_050_080_99_01	ゼロ	/sound/voice/A01e_050_080_99_01_00.ogg	unique_exact_anchor	exact	selected	1	same
a01e.fsb.txt	840	187	ゼロ	A01e_050_080_99_02	ゼロ	/sound/voice/A01e_050_080_99_02_00.ogg	unique_exact_anchor	exact	selected	1	same
a01e.fsb.txt	853	189	銀髪	A01e_050_080_99_04	銀髪	/sound/voice/A01e_050_080_99_04_00.ogg	unique_exact_anchor	exact	selected	1	same
a01e.fsb.txt	868	194	淳平	A01e_050_080_99_05	淳平	/sound/voice/A01e_050_080_99_05_00.ogg	unique_exact_anchor	exact	selected	1	same
a01e.fsb.txt	871	195	獅子翁	A01e_050_080_99_06	獅子翁	/sound/voice/A01e_050_080_99_06_00.ogg	unique_exact_anchor	exact	selected	1	same
a01e.fsb.txt	873	196	獅子翁	A01e_050_080_99_07	獅子翁	/sound/voice/A01e_050_080_99_07_00.ogg	unique_exact_anchor	exact	selected	1	same
a01e.fsb.txt	882	198	淳平	A01e_050_080_99_08	淳平	/sound/voice/A01e_050_080_99_08_00.ogg	monotonic_tfidf	high	selected	1	same
a01e.fsb.txt	884	199	淳平	A01e_050_080_99_09	淳平	/sound/voice/A01e_050_080_99_09_00.ogg	monotonic_tfidf	high	selected	1	same
a01e.fsb.txt	886	200	淳平	A01e_050_080_99_10	淳平	/sound/voice/A01e_050_080_99_10_00.ogg	monotonic_tfidf	high	selected	1	same
a01e.fsb.txt	891	201	淳平	A01e_050_080_99_11	淳平	/sound/voice/A01e_050_080_99_11_00.ogg	monotonic_tfidf	high	selected	1	same
a01e.fsb.txt	893	202	淳平	A01e_050_080_99_12	淳平	/sound/voice/A01e_050_080_99_12_00.ogg	monotonic_tfidf	high	selected	1	same
a01e.fsb.txt	895	203	淳平	A01e_050_080_99_13	淳平	/sound/voice/A01e_050_080_99_13_00.ogg	monotonic_tfidf	high	selected	1	same
a01e.fsb.txt	897	204	淳平	A01e_050_080_99_14	淳平	/sound/voice/A01e_050_080_99_14_00.ogg	monotonic_tfidf	high	selected	1	same
a01e.fsb.txt	902	205	淳平	A01e_050_080_99_15	淳平	/sound/voice/A01e_050_080_99_15_00.ogg	monotonic_tfidf	high	selected	1	same
a01e.fsb.txt	904	206	淳平	A01e_050_080_99_16	淳平	/sound/voice/A01e_050_080_99_16_00.ogg	monotonic_tfidf	medium	selected	1	same
a01e.fsb.txt	906	207	淳平	A01e_050_080_99_17	淳平	/sound/voice/A01e_050_080_99_17_00.ogg	monotonic_tfidf	high	selected	1	same
a01e.fsb.txt	923	210	淳平	A01e_050_080_99_18	淳平	/sound/voice/A01e_050_080_99_18_00.ogg	monotonic_tfidf	high	selected	1	same
a01e.fsb.txt	925	211	淳平	A01e_050_080_99_19	淳平	/sound/voice/A01e_050_080_99_19_00.ogg	monotonic_tfidf	medium	selected	1	same
a01e.fsb.txt	927	212	淳平	A01e_050_080_99_20	淳平	/sound/voice/A01e_050_080_99_20_00.ogg	monotonic_tfidf	high	selected	1	same
a01e.fsb.txt	929	213	淳平	A01e_050_080_99_21	淳平	/sound/voice/A01e_050_080_99_21_00.ogg | /sound/voice/A01e_050_080_99_21_01.ogg	monotonic_tfidf	high	selected	1	same
a01e.fsb.txt	942	215	ゼロ	A01e_050_140_01_00	ゼロ	/sound/voice/A01e_050_140_01_00_00.ogg	unique_exact_anchor	exact	selected	1	same
a01e.fsb.txt	944	216	ゼロ	A01e_050_140_02_00	ゼロ	/sound/voice/A01e_050_140_02_00_00.ogg	unique_exact_anchor	exact	selected	1	same
a01e.fsb.txt	947	217	ゼロ	A01e_050_141_01_00	ゼロ	/sound/voice/A01e_050_141_01_00_00.ogg	unique_exact_anchor	exact	selected	1	same
a01e.fsb.txt	949	218	ゼロ	A01e_050_141_02_00	ゼロ	/sound/voice/A01e_050_141_02_00_00.ogg	unique_exact_anchor	exact	selected	1	same
a01e.fsb.txt	951	219	ゼロ	A01e_050_141_03_00	ゼロ	/sound/voice/A01e_050_141_03_00_00.ogg	unique_exact_anchor	exact	selected	1	same
a01e.fsb.txt	953	220	ゼロ	A01e_050_141_04_00	ゼロ	/sound/voice/A01e_050_141_04_00_00.ogg	monotonic_tfidf	high	selected	1	same
a01e.fsb.txt	1018	231	ゼロ	A01e_050_180_01_00	ゼロ	/sound/voice/A01e_050_180_01_00_00.ogg	unique_exact_anchor	exact	selected	1	same
a01e.fsb.txt	1020	232	ゼロ	A01e_050_180_02_00	ゼロ	/sound/voice/A01e_050_180_02_00_00.ogg	unique_exact_anchor	exact	selected	1	same
a01e.fsb.txt	1088	248	獅子翁	A01e_060_060_01_00	獅子翁	/sound/voice/A01e_060_060_01_00_00.ogg	unique_exact_anchor	exact	selected	1	same
a01e.fsb.txt	1097	250	獅子翁	A01e_060_060_03_00	獅子翁	/sound/voice/A01e_060_060_03_00_00.ogg	unique_exact_anchor	exact	selected	1	same
a01e.fsb.txt	1100	251	淳平	A01e_060_060_04_00	淳平	/sound/voice/A01e_060_060_04_00_00.ogg	unique_exact_anchor	exact	selected	1	same
a01e.fsb.txt	1102	252	茜２	A01e_060_060_05_00	茜２	/sound/voice/A01e_060_060_05_00_00.ogg	unique_exact_anchor	exact	selected	1	same
a01e.fsb.txt	1112	253	踊り子	A01e_060_070_01_00	踊り子	/sound/voice/A01e_060_070_01_00_00.ogg	unique_exact_anchor	exact	selected	1	same
a01e.fsb.txt	1114	254	踊り子	A01e_060_070_02_00	踊り子	/sound/voice/A01e_060_070_02_00_00.ogg	unique_exact_anchor	exact	selected	1	same
a01e.fsb.txt	1117	255	獅子翁	A01e_060_070_03_00	獅子翁	/sound/voice/A01e_060_070_03_00_00.ogg	unique_exact_anchor	exact	selected	1	same
a01e.fsb.txt	1124	257	獅子翁	A01e_060_080_01_00	獅子翁	/sound/voice/A01e_060_080_01_00_00.ogg	unique_exact_anchor	exact	selected	1	same
a01e.fsb.txt	1126	258	獅子翁	A01e_060_080_02_00	獅子翁	/sound/voice/A01e_060_080_02_00_00.ogg	unique_exact_anchor	exact	selected	1	same
a01e.fsb.txt	1129	259	踊り子	A01e_060_080_03_00	踊り子	/sound/voice/A01e_060_080_03_00_00.ogg	unique_exact_anchor	exact	selected	1	same
a11b.fsb.txt	78	13	一宮	A11b_010_050_03_00	一宮	/sound/voice/A11b_010_050_03_00_00.ogg	monotonic_tfidf	review	selected	1	same
a11b.fsb.txt	81	14	八代	A11b_010_050_04_00	八代	/sound/voice/A11b_010_050_04_00_00.ogg	unique_exact_anchor	exact	selected	1	same
a11b.fsb.txt	116	19	ニルス	A11b_010_070_03_00	ニルス	/sound/voice/A11b_010_070_03_00_00.ogg	unique_exact_anchor	exact	selected	1	same
a11b.fsb.txt	144	24	淳平	A11b_010_100_02_10	淳平	/sound/voice/A11b_010_100_02_10_00.ogg	monotonic_tfidf	review	selected	1	same
a11b.fsb.txt	147	25	八代	A11b_010_100_03_00	八代	/sound/voice/A11b_010_100_03_00_00.ogg	unique_exact_anchor	exact	selected	1	same
a11b.fsb.txt	150	26	サンタ	A11b_010_100_04_00	サンタ	/sound/voice/A11b_010_100_04_00_00.ogg	unique_exact_anchor	exact	selected	1	same
a11b.fsb.txt	154	27	紫	A11b_010_100_05_00	紫	/sound/voice/A11b_010_100_05_00_00.ogg	unique_exact_anchor	exact	selected	1	same
a11b.fsb.txt	166	31	セブン	A11b_010_110_03_00	セブン	/sound/voice/A11b_010_110_03_00_00.ogg	unique_exact_anchor	exact	selected	1	same
a11b.fsb.txt	168	32	セブン	A11b_010_110_04_00	セブン	/sound/voice/A11b_010_110_04_00_00.ogg	unique_exact_anchor	exact	selected	1	same
a11b.fsb.txt	170	33	セブン	A11b_010_110_05_00	セブン	/sound/voice/A11b_010_110_05_00_00.ogg	unique_exact_anchor	exact	selected	1	same
a11b.fsb.txt	194	36	セブン	A11b_010_120_03_00	セブン	/sound/voice/A11b_010_120_03_00_00.ogg	unique_exact_anchor	exact	selected	1	same
a11b.fsb.txt	200	38	淳平	A11b_010_130_01_00	淳平	/sound/voice/A11b_010_130_01_00_00.ogg	unique_exact_anchor	exact	selected	1	same
a11b.fsb.txt	205	40	四葉	A11b_010_130_03_00	四葉	/sound/voice/A11b_010_130_03_00_00.ogg	unique_exact_anchor	exact	selected	1	same
a11b.fsb.txt	211	42	四葉	A11b_010_140_01_00	四葉	/sound/voice/A11b_010_140_01_00_00.ogg	unique_exact_anchor	exact	selected	1	same
a11b.fsb.txt	213	43	四葉	A11b_010_140_02_00	四葉	/sound/voice/A11b_010_140_02_00_00.ogg	unique_exact_anchor	exact	selected	1	same
a11b.fsb.txt	218	44	四葉	A11b_010_140_03_00	四葉	/sound/voice/A11b_010_140_03_00_00.ogg | /sound/voice/A11b_010_140_03_00_01.ogg	monotonic_tfidf	high	selected	1	same
a11b.fsb.txt	220	45	四葉	A11b_010_140_04_00	四葉	/sound/voice/A11b_010_140_04_00_00.ogg | /sound/voice/A11b_010_140_04_00_01.ogg	monotonic_tfidf	high	selected	1	same
a11b.fsb.txt	222	46	淳平	A11b_010_140_05_00	淳平	/sound/voice/A11b_010_140_05_00_00.ogg	unique_exact_anchor	exact	selected	1	same
a11b.fsb.txt	228	47	一宮	A11b_010_150_01_00	一宮	/sound/voice/A11b_010_150_01_00_00.ogg	unique_exact_anchor	exact	selected	1	same
a11b.fsb.txt	230	48	一宮	A11b_010_150_02_00	一宮	/sound/voice/A11b_010_150_02_00_00.ogg	unique_exact_anchor	exact	selected	1	same
a11b.fsb.txt	232	49	淳平	A11b_010_150_03_00	淳平	/sound/voice/A11b_010_150_03_00_00.ogg	unique_exact_anchor	exact	selected	1	same
a11b.fsb.txt	289	54	淳平	A11b_020_020_03_10	淳平	/sound/voice/A11b_020_020_03_10_00.ogg	extended_same_speaker	medium	selected	1	same
a11b.fsb.txt	291	55	サンタ	A11b_020_020_04_00	サンタ	/sound/voice/A11b_020_020_04_00_00.ogg	unique_exact_anchor	exact	selected	1	same
a11b.fsb.txt	293	56	八代	A11b_020_020_05_00	八代	/sound/voice/A11b_020_020_05_00_00.ogg	unique_exact_anchor	exact	selected	1	same
a11b.fsb.txt	296	57	紫	A11b_020_020_06_00	紫	/sound/voice/A11b_020_020_06_00_00.ogg	unique_exact_anchor	exact	selected	1	same
a11b.fsb.txt	305	60	淳平	A11b_020_030_03_00	淳平	/sound/voice/A11b_020_030_03_00_00.ogg	unique_exact_anchor	exact	selected	1	same
a11b.fsb.txt	318	62	サンタ	A11b_020_040_01_00	サンタ	/sound/voice/A11b_020_040_01_00_00.ogg	unique_exact_anchor	exact	selected	1	same
a11b.fsb.txt	366	71	サンタ	A11b_030_030_03_00	サンタ	/sound/voice/A11b_030_030_03_00_00.ogg	unique_exact_anchor	exact	selected	1	same
a11b.fsb.txt	374	72	八代	A11b_030_030_04_00	八代	/sound/voice/A11b_030_030_04_00_00.ogg	monotonic_tfidf	exact	selected	1	same
a11b.fsb.txt	376	73	サンタ	A11b_030_030_05_00	サンタ	/sound/voice/A11b_030_030_05_00_00.ogg	unique_exact_anchor	exact	selected	1	same
a11b.fsb.txt	378	74	八代	A11b_030_030_06_00	八代	/sound/voice/A11b_030_030_06_00_00.ogg	unique_exact_anchor	exact	selected	1	same
a11b.fsb.txt	395	79	淳平	A11b_030_050_01_00	淳平	/sound/voice/A11b_030_050_01_00_00.ogg	unique_exact_anchor	exact	selected	1	same
a11b.fsb.txt	397	80	紫	A11b_030_050_02_00	紫	/sound/voice/A11b_030_050_02_00_00.ogg	unique_exact_anchor	exact	selected	1	same
a11b.fsb.txt	403	82	淳平	A11b_030_060_02_00	淳平	/sound/voice/A11b_030_060_02_00_00.ogg	unique_exact_anchor	exact	selected	1	same
a11b.fsb.txt	431	90	サンタ	A11b_030_080_03_00	サンタ	/sound/voice/A11b_030_080_03_00_00.ogg	unique_exact_anchor	exact	selected	1	same
a11b.fsb.txt	434	91	八代	A11b_030_080_04_00	八代	/sound/voice/A11b_030_080_04_00_00.ogg	unique_exact_anchor	exact	selected	1	same
a11b.fsb.txt	438	92	紫	A11b_030_080_05_00	紫	/sound/voice/A11b_030_080_05_00_00.ogg	unique_exact_anchor	exact	selected	1	same
a11b.fsb.txt	472	101	サンタ	A11b_030_120_02_00	サンタ	/sound/voice/A11b_030_120_02_00_00.ogg	unique_exact_anchor	exact	selected	1	same
a11b.fsb.txt	474	102	八代	A11b_030_120_03_00	八代	/sound/voice/A11b_030_120_03_00_00.ogg	monotonic_tfidf	exact	selected	1	same
a11b.fsb.txt	477	103	紫	A11b_030_120_04_00	紫	/sound/voice/A11b_030_120_04_00_00.ogg	unique_exact_anchor	exact	selected	1	same
a11b.fsb.txt	479	104	サンタ	A11b_030_120_05_00	サンタ	/sound/voice/A11b_030_120_05_00_00.ogg	unique_exact_anchor	exact	selected	1	same
a11b.fsb.txt	481	105	サンタ	A11b_030_120_06_00	サンタ	/sound/voice/A11b_030_120_06_00_00.ogg	unique_exact_anchor	exact	selected	1	same
a11b.fsb.txt	500	110	淳平	A11b_030_140_03_00	淳平	/sound/voice/A11b_030_140_03_00_00.ogg	unique_exact_anchor	exact	selected	1	same
a11b.fsb.txt	560	115	サンタ	A11b_040_010_01_00	サンタ	/sound/voice/A11b_040_010_01_00_00.ogg	unique_exact_anchor	exact	selected	1	same
a11b.fsb.txt	562	116	八代	A11b_040_010_02_00	八代	/sound/voice/A11b_040_010_02_00_00.ogg	unique_exact_anchor	exact	selected	1	same
a11b.fsb.txt	564	117	紫	A11b_040_010_03_00	紫	/sound/voice/A11b_040_010_03_00_00.ogg	unique_exact_anchor	exact	selected	1	same
a11b.fsb.txt	566	118	淳平	A11b_040_010_04_00	淳平	/sound/voice/A11b_040_010_04_00_00.ogg	unique_exact_anchor	exact	selected	1	same
a11b.fsb.txt	606	129	淳平	A11b_040_050_02_10	淳平	/sound/voice/A11b_040_050_02_10_00.ogg	monotonic_tfidf	review	selected	1	same
a11b.fsb.txt	615	132	紫	A11b_040_060_01_00	紫	/sound/voice/A11b_040_060_01_00_00.ogg	monotonic_tfidf	medium	selected	1	same
a11b.fsb.txt	617	133	紫	A11b_040_060_02_00	紫	/sound/voice/A11b_040_060_02_00_00.ogg	unique_exact_anchor	exact	selected	1	same
a11b.fsb.txt	619	134	紫	A11b_040_060_03_00	紫	/sound/voice/A11b_040_060_03_00_00.ogg	unique_exact_anchor	exact	selected	1	same
a11b.fsb.txt	621	135	紫	A11b_040_060_04_00	紫	/sound/voice/A11b_040_060_04_00_00.ogg	unique_exact_anchor	exact	selected	1	same
a11b.fsb.txt	645	139	紫	A11b_040_070_01_00	紫	/sound/voice/A11b_040_070_01_00_00.ogg	unique_exact_anchor	exact	selected	1	same
a11b.fsb.txt	647	140	淳平	A11b_040_070_02_00	淳平	/sound/voice/A11b_040_070_02_00_00.ogg	unique_exact_anchor	exact	selected	1	same
a11b.fsb.txt	649	141	紫	A11b_040_070_03_00	紫	/sound/voice/A11b_040_070_03_00_00.ogg	unique_exact_anchor	exact	selected	1	same
a11b.fsb.txt	668	146	サンタ	A11b_040_090_02_00	サンタ	/sound/voice/A11b_040_090_02_00_00.ogg	unique_exact_anchor	exact	selected	1	same
a11b.fsb.txt	670	147	紫	A11b_040_090_03_00	紫	/sound/voice/A11b_040_090_03_00_00.ogg	unique_exact_anchor	exact	selected	1	same
a11b.fsb.txt	679	148	八代	A11b_040_100_01_00	八代	/sound/voice/A11b_040_100_01_00_00.ogg	unique_exact_anchor	exact	selected	1	same
a11b.fsb.txt	724	161	淳平	A11b_040_140_01_00	淳平	/sound/voice/A11b_040_140_01_00_00.ogg	unique_exact_anchor	exact	selected	1	same
a11b.fsb.txt	753	168	サンタ	A11b_040_170_01_00	サンタ	/sound/voice/A11b_040_170_01_00_00.ogg	unique_exact_anchor	exact	selected	1	same
a11b.fsb.txt	755	169	淳平	A11b_040_170_02_00	淳平	/sound/voice/A11b_040_170_02_00_00.ogg	unique_exact_anchor	exact	selected	1	same
a11b.fsb.txt	768	173	八代	A11b_040_190_02_00	八代	/sound/voice/A11b_040_190_02_00_00.ogg	unique_exact_anchor	exact	selected	1	same
a11b.fsb.txt	770	174	八代	A11b_040_190_03_00	八代	/sound/voice/A11b_040_190_03_00_00.ogg	unique_exact_anchor	exact	selected	1	same
a11b.fsb.txt	776	176	八代	A11b_040_200_01_00	八代	/sound/voice/A11b_040_200_01_00_00.ogg	unique_exact_anchor	exact	selected	1	same
a11b.fsb.txt	778	177	八代	A11b_040_200_02_00	八代	/sound/voice/A11b_040_200_02_00_00.ogg	unique_exact_anchor	exact	selected	1	same
a11b.fsb.txt	785	180	淳平	A11b_040_210_01_00	淳平	/sound/voice/A11b_040_210_01_00_00.ogg	unique_exact_anchor	exact	selected	1	same
a11b.fsb.txt	787	181	紫	A11b_040_210_02_00	紫	/sound/voice/A11b_040_210_02_00_00.ogg	unique_exact_anchor	exact	selected	1	same
a11d.fsb.txt	32	2	紫	A11d_010_020_01_00	紫	/sound/voice/A11d_010_020_01_00_00.ogg	unique_exact_anchor	exact	selected	1	same
a11d.fsb.txt	34	3	淳平	A11d_010_020_02_00	淳平	/sound/voice/A11d_010_020_02_00_00.ogg	unique_exact_anchor	exact	selected	1	same
a11d.fsb.txt	36	4	紫	A11d_010_020_03_00	紫	/sound/voice/A11d_010_020_03_00_00.ogg	unique_exact_anchor	exact	selected	1	same
a11d.fsb.txt	38	5	淳平	A11d_010_020_04_00	淳平	/sound/voice/A11d_010_020_04_00_00.ogg	unique_exact_anchor	exact	selected	1	same
a11d.fsb.txt	40	6	淳平	A11d_010_020_05_00	淳平	/sound/voice/A11d_010_020_05_00_00.ogg	monotonic_tfidf	high	selected	1	same
a11d.fsb.txt	42	7	紫	A11d_010_020_06_00	紫	/sound/voice/A11d_010_020_06_00_00.ogg	unique_exact_anchor	exact	selected	1	same
a11d.fsb.txt	62	10	紫	A11d_010_040_01_00	紫	/sound/voice/A11d_010_040_01_00_00.ogg	unique_exact_anchor	exact	selected	1	same
a11d.fsb.txt	64	11	淳平	A11d_010_040_02_00	淳平	/sound/voice/A11d_010_040_02_00_00.ogg	unique_exact_anchor	exact	selected	1	same
a11d.fsb.txt	66	12	淳平	A11d_010_040_03_00	淳平	/sound/voice/A11d_010_040_03_00_00.ogg	unique_exact_anchor	exact	selected	1	same
a11d.fsb.txt	72	14	淳平	A11d_010_040_05_00	淳平	/sound/voice/A11d_010_040_05_00_00.ogg	unique_exact_anchor	exact	selected	1	same
a11d.fsb.txt	90	18	淳平	A11d_010_050_01_00	淳平	/sound/voice/A11d_010_050_01_00_00.ogg	unique_exact_anchor	exact	selected	1	same
a11d.fsb.txt	92	19	紫	A11d_010_050_02_00	紫	/sound/voice/A11d_010_050_02_00_00.ogg	unique_exact_anchor	exact	selected	1	same
a11d.fsb.txt	94	20	淳平	A11d_010_050_03_00	淳平	/sound/voice/A11d_010_050_03_00_00.ogg	unique_exact_anchor	exact	selected	1	same
a11d.fsb.txt	96	21	紫	A11d_010_050_04_00	紫	/sound/voice/A11d_010_050_04_00_00.ogg	unique_exact_anchor	exact	selected	1	same
a11d.fsb.txt	99	22	淳平	A11d_010_060_01_00	淳平	/sound/voice/A11d_010_060_01_00_00.ogg	unique_exact_anchor	exact	selected	1	same
a11d.fsb.txt	103	23	紫	A11d_010_070_01_00	紫	/sound/voice/A11d_010_070_01_00_00.ogg	unique_exact_anchor	exact	selected	1	same
a11d.fsb.txt	105	24	淳平	A11d_010_070_02_00	淳平	/sound/voice/A11d_010_070_02_00_00.ogg	unique_exact_anchor	exact	selected	1	same
a11d.fsb.txt	107	25	淳平	A11d_010_070_03_00	淳平	/sound/voice/A11d_010_070_03_00_00.ogg	unique_exact_anchor	exact	selected	1	same
a11d.fsb.txt	111	26	紫	A11d_010_080_01_00	紫	/sound/voice/A11d_010_080_01_00_00.ogg	unique_exact_anchor	exact	selected	1	same
a11d.fsb.txt	113	27	淳平	A11d_010_080_02_00	淳平	/sound/voice/A11d_010_080_02_00_00.ogg	unique_exact_anchor	exact	selected	1	same
a11d.fsb.txt	115	28	淳平	A11d_010_080_03_00	淳平	/sound/voice/A11d_010_080_03_00_00.ogg	unique_exact_anchor	exact	selected	1	same
a11d.fsb.txt	117	29	淳平	A11d_010_080_04_00	淳平	/sound/voice/A11d_010_080_04_00_00.ogg	unique_exact_anchor	exact	selected	1	same
a11d.fsb.txt	120	30	紫	A11d_010_090_01_00	紫	/sound/voice/A11d_010_090_01_00_00.ogg	unique_exact_anchor	exact	selected	1	same
a11d.fsb.txt	122	31	紫	A11d_010_090_02_00	紫	/sound/voice/A11d_010_090_02_00_00.ogg	unique_exact_anchor	exact	selected	1	same
a11d.fsb.txt	124	32	紫	A11d_010_090_03_00	紫	/sound/voice/A11d_010_090_03_00_00.ogg	unique_exact_anchor	exact	selected	1	same
a11d.fsb.txt	126	33	淳平	A11d_010_090_04_00	淳平	/sound/voice/A11d_010_090_04_00_00.ogg	unique_exact_anchor	exact	selected	1	same
a11d.fsb.txt	131	34	紫	A11d_010_100_01_00	紫	/sound/voice/A11d_010_100_01_00_00.ogg	unique_exact_anchor	exact	selected	1	same
a11d.fsb.txt	141	38	淳平	A11d_010_110_01_00	淳平	/sound/voice/A11d_010_110_01_00_00.ogg	unique_exact_anchor	exact	selected	1	same
a11d.fsb.txt	151	40	淳平	A11d_010_120_01_00	淳平	/sound/voice/A11d_010_120_01_00_00.ogg	unique_exact_anchor	exact	selected	1	same
a11d.fsb.txt	159	42	淳平	A11d_010_130_01_00	淳平	/sound/voice/A11d_010_130_01_00_00.ogg	unique_exact_anchor	exact	selected	1	same
a11d.fsb.txt	161	43	淳平	A11d_010_130_02_00	淳平	/sound/voice/A11d_010_130_02_00_00.ogg	unique_exact_anchor	exact	selected	1	same
a11d.fsb.txt	163	44	紫	A11d_010_130_03_00	紫	/sound/voice/A11d_010_130_03_00_00.ogg	unique_exact_anchor	exact	selected	1	same
a11d.fsb.txt	165	45	紫	A11d_010_130_04_00	紫	/sound/voice/A11d_010_130_04_00_00.ogg	unique_exact_anchor	exact	selected	1	same
a11d.fsb.txt	167	46	淳平	A11d_010_130_05_00	淳平	/sound/voice/A11d_010_130_05_00_00.ogg	monotonic_tfidf	exact	selected	1	same
a11d.fsb.txt	172	47	紫	A11d_010_140_01_00	紫	/sound/voice/A11d_010_140_01_00_00.ogg	unique_exact_anchor	exact	selected	1	same
a11d.fsb.txt	174	48	紫	A11d_010_140_02_00	紫	/sound/voice/A11d_010_140_02_00_00.ogg	unique_exact_anchor	exact	selected	1	same
a11d.fsb.txt	180	49	淳平	A11d_010_150_01_00	淳平	/sound/voice/A11d_010_150_01_00_00.ogg	unique_exact_anchor	exact	selected	1	same
a11d.fsb.txt	183	50	紫	A11d_010_150_02_00	紫	/sound/voice/A11d_010_150_02_00_00.ogg	unique_exact_anchor	exact	selected	1	same
a11d.fsb.txt	185	51	紫	A11d_010_150_03_00	紫	/sound/voice/A11d_010_150_03_00_00.ogg	unique_exact_anchor	exact	selected	1	same
a11d.fsb.txt	187	52	紫	A11d_010_150_04_00	紫	/sound/voice/A11d_010_150_04_00_00.ogg	unique_exact_anchor	exact	selected	1	same
a11d.fsb.txt	193	55	淳平	A11d_010_150_07_00	淳平	/sound/voice/A11d_010_150_07_00_00.ogg	unique_exact_anchor	exact	selected	1	same
a11d.fsb.txt	197	56	紫	A11d_010_160_01_00	紫	/sound/voice/A11d_010_160_01_00_00.ogg	unique_exact_anchor	exact	selected	1	same
a11d.fsb.txt	202	58	淳平	A11d_010_160_03_00	淳平	/sound/voice/A11d_010_160_03_00_00.ogg	unique_exact_anchor	exact	selected	1	same
a11d.fsb.txt	204	59	淳平	A11d_010_160_04_00	淳平	/sound/voice/A11d_010_160_04_00_00.ogg	unique_exact_anchor	exact	selected	1	same
a11d.fsb.txt	208	60	紫	A11d_010_170_01_00	紫	/sound/voice/A11d_010_170_01_00_00.ogg	unique_exact_anchor	exact	selected	1	same
a11d.fsb.txt	210	61	淳平	A11d_010_170_02_00	淳平	/sound/voice/A11d_010_170_02_00_00.ogg	unique_exact_anchor	exact	selected	1	same
a11d.fsb.txt	212	62	淳平	A11d_010_170_03_00	淳平	/sound/voice/A11d_010_170_03_00_00.ogg	monotonic_tfidf	high	selected	1	same
a11d.fsb.txt	214	63	淳平	A11d_010_170_04_00	淳平	/sound/voice/A11d_010_170_04_00_00.ogg	unique_exact_anchor	exact	selected	1	same
a11d.fsb.txt	218	64	紫	A11d_010_180_01_00	紫	/sound/voice/A11d_010_180_01_00_00.ogg	unique_exact_anchor	exact	selected	1	same
a11d.fsb.txt	222	66	紫	A11d_010_180_04_00	紫	/sound/voice/A11d_010_180_04_00_00.ogg	monotonic_tfidf	high	selected	1	same
a11d.fsb.txt	224	67	紫	A11d_010_180_06_10	紫	/sound/voice/A11d_010_180_06_10_00.ogg	unique_exact_anchor	exact	selected	1	same
a11d.fsb.txt	229	69	淳平	A11d_010_190_01_00	淳平	/sound/voice/A11d_010_190_01_00_00.ogg	unique_exact_anchor	exact	selected	1	same
a11d.fsb.txt	231	70	紫	A11d_010_190_02_00	紫	/sound/voice/A11d_010_190_02_00_00.ogg	unique_exact_anchor	exact	selected	1	same
a11d.fsb.txt	233	71	淳平	A11d_010_190_03_00	淳平	/sound/voice/A11d_010_190_03_00_00.ogg	unique_exact_anchor	exact	selected	1	same
a11d.fsb.txt	235	72	淳平	A11d_010_190_05_00	淳平	/sound/voice/A11d_010_190_05_00_00.ogg	monotonic_tfidf	medium	selected	1	same
a11d.fsb.txt	239	73	紫	A11d_010_200_01_00	紫	/sound/voice/A11d_010_200_01_00_00.ogg	monotonic_tfidf	medium	selected	1	same
a11d.fsb.txt	241	74	紫	A11d_010_200_02_00	紫	/sound/voice/A11d_010_200_02_00_00.ogg	unique_exact_anchor	exact	selected	1	same
a11d.fsb.txt	243	75	淳平	A11d_010_200_03_00	淳平	/sound/voice/A11d_010_200_03_00_00.ogg	unique_exact_anchor	exact	selected	1	same
a11d.fsb.txt	245	76	紫	A11d_010_200_04_00	紫	/sound/voice/A11d_010_200_04_00_00.ogg	unique_exact_anchor	exact	selected	1	same
a11d.fsb.txt	248	77	淳平	A11d_010_210_01_00	淳平	/sound/voice/A11d_010_210_01_00_00.ogg	unique_exact_anchor	exact	selected	1	same
a11d.fsb.txt	250	78	紫	A11d_010_210_02_00	紫	/sound/voice/A11d_010_210_02_00_00.ogg	unique_exact_anchor	exact	selected	1	same
a11d.fsb.txt	252	79	紫	A11d_010_210_03_00	紫	/sound/voice/A11d_010_210_03_00_00.ogg	monotonic_tfidf	high	selected	1	same
a11d.fsb.txt	255	80	紫	A11d_010_211_01_00	紫	/sound/voice/A11d_010_211_01_00_00.ogg	monotonic_tfidf	high	selected	1	same
a11d.fsb.txt	257	81	紫	A11d_010_211_02_00	紫	/sound/voice/A11d_010_211_02_00_00.ogg	unique_exact_anchor	exact	selected	1	same
a11d.fsb.txt	259	82	淳平	A11d_010_211_03_00	淳平	/sound/voice/A11d_010_211_03_00_00.ogg	unique_exact_anchor	exact	selected	1	same
a11d.fsb.txt	261	83	紫	A11d_010_211_04_00	紫	/sound/voice/A11d_010_211_04_00_00.ogg	unique_exact_anchor	exact	selected	1	same
a11d.fsb.txt	263	84	淳平	A11d_010_211_05_00	淳平	/sound/voice/A11d_010_211_05_00_00.ogg	unique_exact_anchor	exact	selected	1	same
a11d.fsb.txt	267	85	紫	A11d_010_220_01_00	紫	/sound/voice/A11d_010_220_01_00_00.ogg	unique_exact_anchor	exact	selected	1	same
a11d.fsb.txt	269	86	淳平	A11d_010_220_02_00	淳平	/sound/voice/A11d_010_220_02_00_00.ogg	unique_exact_anchor	exact	selected	1	same
a11d.fsb.txt	273	87	紫	A11d_010_220_03_00	紫	/sound/voice/A11d_010_220_03_00_00.ogg	unique_exact_anchor	exact	selected	1	same
a11d.fsb.txt	275	88	紫	A11d_010_220_04_00	紫	/sound/voice/A11d_010_220_04_00_00.ogg	unique_exact_anchor	exact	selected	1	same
a11d.fsb.txt	283	90	紫	A11d_010_230_02_00	紫	/sound/voice/A11d_010_230_02_00_00.ogg	unique_exact_anchor	exact	selected	1	same
a11d.fsb.txt	285	91	紫	A11d_010_230_03_00	紫	/sound/voice/A11d_010_230_03_00_00.ogg	unique_exact_anchor	exact	selected	1	same
a11d.fsb.txt	297	92	紫	A11d_010_240_01_00	紫	/sound/voice/A11d_010_240_01_00_00.ogg	unique_exact_anchor	exact	selected	1	same
a11d.fsb.txt	299	93	紫	A11d_010_240_02_00	紫	/sound/voice/A11d_010_240_02_00_00.ogg	unique_exact_anchor	exact	selected	1	same
a11d.fsb.txt	301	94	紫	A11d_010_240_03_00	紫	/sound/voice/A11d_010_240_03_00_00.ogg	unique_exact_anchor	exact	selected	1	same
a11d.fsb.txt	303	95	紫	A11d_010_240_04_00	紫	/sound/voice/A11d_010_240_04_00_00.ogg	unique_exact_anchor	exact	selected	1	same
a11d.fsb.txt	309	96	淳平	A11d_010_250_01_00	淳平	/sound/voice/A11d_010_250_01_00_00.ogg	unique_exact_anchor	exact	selected	1	same
a11d.fsb.txt	312	97	紫	A11d_010_250_02_00	紫	/sound/voice/A11d_010_250_02_00_00.ogg	unique_exact_anchor	exact	selected	1	same
a11d.fsb.txt	341	103	紫	A11d_010_260_01_00	紫	/sound/voice/A11d_010_260_01_00_00.ogg	unique_exact_anchor	exact	selected	1	same
a11d.fsb.txt	343	104	紫	A11d_010_260_02_00	紫	/sound/voice/A11d_010_260_02_00_00.ogg	unique_exact_anchor	exact	selected	1	same
a11d.fsb.txt	345	105	淳平	A11d_010_260_03_00	淳平	/sound/voice/A11d_010_260_03_00_00.ogg	unique_exact_anchor	exact	selected	1	same
a11d.fsb.txt	351	106	淳平	A11d_010_270_01_00	淳平	/sound/voice/A11d_010_270_01_00_00.ogg	unique_exact_anchor	exact	selected	1	same
a11d.fsb.txt	354	107	紫	A11d_010_270_02_00	紫	/sound/voice/A11d_010_270_02_00_00.ogg	unique_exact_anchor	exact	selected	1	same
a11d.fsb.txt	356	108	淳平	A11d_010_270_03_00	淳平	/sound/voice/A11d_010_270_03_00_00.ogg	unique_exact_anchor	exact	selected	1	same
a11d.fsb.txt	358	109	紫	A11d_010_270_04_00	紫	/sound/voice/A11d_010_270_04_00_00.ogg	unique_exact_anchor	exact	selected	1	same
a11d.fsb.txt	362	110	紫	A11d_010_280_01_00	紫	/sound/voice/A11d_010_280_01_00_00.ogg	unique_exact_anchor	exact	selected	1	same
a11d.fsb.txt	364	111	淳平	A11d_010_280_02_00	淳平	/sound/voice/A11d_010_280_02_00_00.ogg	unique_exact_anchor	exact	selected	1	same
a11d.fsb.txt	368	112	紫	A11d_010_290_01_00	紫	/sound/voice/A11d_010_290_01_00_00.ogg	unique_exact_anchor	exact	selected	1	same
a11d.fsb.txt	370	113	淳平	A11d_010_290_02_00	淳平	/sound/voice/A11d_010_290_02_00_00.ogg	unique_exact_anchor	exact	selected	1	same
a11d.fsb.txt	372	114	紫	A11d_010_290_03_00	紫	/sound/voice/A11d_010_290_03_00_00.ogg	unique_exact_anchor	exact	selected	1	same
a11d.fsb.txt	374	115	淳平	A11d_010_290_04_00	淳平	/sound/voice/A11d_010_290_04_00_00.ogg	unique_exact_anchor	exact	selected	1	same
a11d.fsb.txt	376	116	紫	A11d_010_290_05_00	紫	/sound/voice/A11d_010_290_05_00_00.ogg	unique_exact_anchor	exact	selected	1	same
a11d.fsb.txt	383	119	淳平	A11d_010_300_03_00	淳平	/sound/voice/A11d_010_300_03_00_00.ogg	monotonic_tfidf	high	selected	1	same
a11d.fsb.txt	387	121	淳平	A11d_010_300_05_10	淳平	/sound/voice/A11d_010_300_05_10_00.ogg	unique_exact_anchor	exact	selected	1	same
a11d.fsb.txt	391	122	紫	A11d_010_310_01_00	紫	/sound/voice/A11d_010_310_01_00_00.ogg	unique_exact_anchor	exact	selected	1	same
a11d.fsb.txt	393	123	淳平	A11d_010_310_02_00	淳平	/sound/voice/A11d_010_310_02_00_00.ogg	unique_exact_anchor	exact	selected	1	same
a11d.fsb.txt	395	124	紫	A11d_010_310_03_00	紫	/sound/voice/A11d_010_310_03_00_00.ogg	unique_exact_anchor	exact	selected	1	same
a11d.fsb.txt	397	125	淳平	A11d_010_310_04_00	淳平	/sound/voice/A11d_010_310_04_00_00.ogg	unique_exact_anchor	exact	selected	1	same
a11d.fsb.txt	399	126	紫	A11d_010_310_05_00	紫	/sound/voice/A11d_010_310_05_00_00.ogg	unique_exact_anchor	exact	selected	1	same
a11d.fsb.txt	402	127	淳平	A11d_010_320_01_00	淳平	/sound/voice/A11d_010_320_01_00_00.ogg	unique_exact_anchor	exact	selected	1	same
a11d.fsb.txt	404	128	紫	A11d_010_320_02_00	紫	/sound/voice/A11d_010_320_02_00_00.ogg	unique_exact_anchor	exact	selected	1	same
a11d.fsb.txt	406	129	紫	A11d_010_320_03_00	紫	/sound/voice/A11d_010_320_03_00_00.ogg	unique_exact_anchor	exact	selected	1	same
a11d.fsb.txt	409	130	紫	A11d_010_321_01_00	紫	/sound/voice/A11d_010_321_01_00_00.ogg	unique_exact_anchor	exact	selected	1	same
a11d.fsb.txt	411	131	紫	A11d_010_321_02_00	紫	/sound/voice/A11d_010_321_02_00_00.ogg	unique_exact_anchor	exact	selected	1	same
a11d.fsb.txt	454	141	淳平	A11d_020_010_03_00	淳平	/sound/voice/A11d_020_010_03_00_00.ogg	unique_exact_anchor	exact	selected	1	same
a11d.fsb.txt	457	142	紫	A11d_020_010_04_00	紫	/sound/voice/A11d_020_010_04_00_00.ogg	monotonic_tfidf	medium	selected	1	same
a11d.fsb.txt	468	146	紫	A11d_020_020_04_00	紫	/sound/voice/A11d_020_020_04_00_00.ogg	unique_exact_anchor	exact	selected	1	same
a11d.fsb.txt	479	150	淳平	A11d_020_030_01_00	淳平	/sound/voice/A11d_020_030_01_00_00.ogg	unique_exact_anchor	exact	selected	1	same
a11d.fsb.txt	481	151	紫	A11d_020_030_02_00	紫	/sound/voice/A11d_020_030_02_00_00.ogg	unique_exact_anchor	exact	selected	1	same
a11d.fsb.txt	491	153	淳平	A11d_020_040_01_00	淳平	/sound/voice/A11d_020_040_01_00_00.ogg	unique_exact_anchor	exact	selected	1	same
a11d.fsb.txt	496	155	紫	A11d_020_040_03_00	紫	/sound/voice/A11d_020_040_03_00_00.ogg	unique_exact_anchor	exact	selected	1	same
a11d.fsb.txt	505	157	紫	A11d_020_050_01_00	紫	/sound/voice/A11d_020_050_01_00_00.ogg	unique_exact_anchor	exact	selected	1	same
a11d.fsb.txt	507	158	淳平	A11d_020_050_02_00	淳平	/sound/voice/A11d_020_050_02_00_00.ogg	monotonic_tfidf	exact	selected	1	same
a11d.fsb.txt	509	159	紫	A11d_020_050_03_00	紫	/sound/voice/A11d_020_050_03_00_00.ogg	unique_exact_anchor	exact	selected	1	same
a11d.fsb.txt	511	160	淳平	A11d_020_050_04_00	淳平	/sound/voice/A11d_020_050_04_00_00.ogg	unique_exact_anchor	exact	selected	1	same
a11d.fsb.txt	523	161	紫	A11d_020_060_01_00	紫	/sound/voice/A11d_020_060_01_00_00.ogg	unique_exact_anchor	exact	selected	1	same
a11d.fsb.txt	525	162	紫	A11d_020_060_02_00	紫	/sound/voice/A11d_020_060_02_00_00.ogg	unique_exact_anchor	exact	selected	1	same
a11d.fsb.txt	527	163	紫	A11d_020_060_03_00	紫	/sound/voice/A11d_020_060_03_00_00.ogg	unique_exact_anchor	exact	selected	1	same
a11d.fsb.txt	536	165	紫	A11d_020_070_02_00	紫	/sound/voice/A11d_020_070_02_00_00.ogg	unique_exact_anchor	exact	selected	1	same
a11d.fsb.txt	538	166	淳平	A11d_020_070_03_00	淳平	/sound/voice/A11d_020_070_03_00_00.ogg	extended_same_speaker	high	selected	1	same
a11d.fsb.txt	540	167	紫	A11d_020_070_04_00	紫	/sound/voice/A11d_020_070_04_00_00.ogg	unique_exact_anchor	exact	selected	1	same
a11d.fsb.txt	542	168	淳平	A11d_020_070_05_00	淳平	/sound/voice/A11d_020_070_05_00_00.ogg	unique_exact_anchor	exact	selected	1	same
a11d.fsb.txt	545	169	紫	A11d_020_080_01_00	紫	/sound/voice/A11d_020_080_01_00_00.ogg	unique_exact_anchor	exact	selected	1	same
a11d.fsb.txt	547	170	紫	A11d_020_080_02_00	紫	/sound/voice/A11d_020_080_02_00_00.ogg	unique_exact_anchor	exact	selected	1	same
a11d.fsb.txt	549	171	淳平	A11d_020_080_03_00	淳平	/sound/voice/A11d_020_080_03_00_00.ogg	unique_exact_anchor	exact	selected	1	same
a11d.fsb.txt	551	172	淳平	A11d_020_080_04_00	淳平	/sound/voice/A11d_020_080_04_00_00.ogg	unique_exact_anchor	exact	selected	1	same
a11d.fsb.txt	555	173	紫	A11d_020_090_01_00	紫	/sound/voice/A11d_020_090_01_00_00.ogg	unique_exact_anchor	exact	selected	1	same
a11d.fsb.txt	557	174	淳平	A11d_020_090_02_00	淳平	/sound/voice/A11d_020_090_02_00_00.ogg	unique_exact_anchor	exact	selected	1	same
a11d.fsb.txt	559	175	紫	A11d_020_090_03_00	紫	/sound/voice/A11d_020_090_03_00_00.ogg	unique_exact_anchor	exact	selected	1	same
a11d.fsb.txt	565	177	紫	A11d_020_090_05_00	紫	/sound/voice/A11d_020_090_05_00_00.ogg	unique_exact_anchor	exact	selected	1	same
a11d.fsb.txt	572	179	紫	A11d_020_100_02_00	紫	/sound/voice/A11d_020_100_02_00_00.ogg	unique_exact_anchor	exact	selected	1	same
a11d.fsb.txt	577	181	紫	A11d_020_100_04_00	紫	/sound/voice/A11d_020_100_04_00_00.ogg	unique_exact_anchor	exact	selected	1	same
a11d.fsb.txt	582	183	紫	A11d_020_100_06_00	紫	/sound/voice/A11d_020_100_06_00_00.ogg	unique_exact_anchor	exact	selected	1	same
a11d.fsb.txt	588	184	紫	A11d_020_110_01_00	紫	/sound/voice/A11d_020_110_01_00_00.ogg	unique_exact_anchor	exact	selected	1	same
a11d.fsb.txt	597	187	紫	A11d_020_110_04_00	紫	/sound/voice/A11d_020_110_04_00_00.ogg	unique_exact_anchor	exact	selected	1	same
a11d.fsb.txt	599	188	紫	A11d_020_110_05_00	紫	/sound/voice/A11d_020_110_05_00_00.ogg	unique_exact_anchor	exact	selected	1	same
a11d.fsb.txt	601	189	紫	A11d_020_110_06_00	紫	/sound/voice/A11d_020_110_06_00_00.ogg	unique_exact_anchor	exact	selected	1	same
a11d.fsb.txt	604	190	淳平	A11d_020_120_01_00	淳平	/sound/voice/A11d_020_120_01_00_00.ogg	unique_exact_anchor	exact	selected	1	same
a11d.fsb.txt	606	191	淳平	A11d_020_120_02_00	淳平	/sound/voice/A11d_020_120_02_00_00.ogg	unique_exact_anchor	exact	selected	1	same
a11d.fsb.txt	613	193	紫	A11d_020_130_01_00	紫	/sound/voice/A11d_020_130_01_00_00.ogg	unique_exact_anchor	exact	selected	1	same
a11d.fsb.txt	615	194	紫	A11d_020_130_02_00	紫	/sound/voice/A11d_020_130_02_00_00.ogg	unique_exact_anchor	exact	selected	1	same
a11d.fsb.txt	617	195	淳平	A11d_020_130_03_00	淳平	/sound/voice/A11d_020_130_03_00_00.ogg	unique_exact_anchor	exact	selected	1	same
a11d.fsb.txt	621	196	紫	A11d_020_130_04_00	紫	/sound/voice/A11d_020_130_04_00_00.ogg	unique_exact_anchor	exact	selected	1	same
a11d.fsb.txt	624	197	紫	A11d_020_140_01_00	紫	/sound/voice/A11d_020_140_01_00_00.ogg	unique_exact_anchor	exact	selected	1	same
a11d.fsb.txt	626	198	淳平	A11d_020_140_02_00	淳平	/sound/voice/A11d_020_140_02_00_00.ogg	unique_exact_anchor	exact	selected	1	same
a11d.fsb.txt	629	199	紫	A11d_020_140_03_00	紫	/sound/voice/A11d_020_140_03_00_00.ogg	unique_exact_anchor	exact	selected	1	same
a11d.fsb.txt	631	200	淳平	A11d_020_140_04_00	淳平	/sound/voice/A11d_020_140_04_00_00.ogg	unique_exact_anchor	exact	selected	1	same
a11d.fsb.txt	633	201	紫	A11d_020_140_05_00	紫	/sound/voice/A11d_020_140_05_00_00.ogg	unique_exact_anchor	exact	selected	1	same
a11d.fsb.txt	636	202	淳平	A11d_020_150_01_00	淳平	/sound/voice/A11d_020_150_01_00_00.ogg	unique_exact_anchor	exact	selected	1	same
a11d.fsb.txt	638	203	紫	A11d_020_150_02_00	紫	/sound/voice/A11d_020_150_02_00_00.ogg	unique_exact_anchor	exact	selected	1	same
a11d.fsb.txt	640	204	淳平	A11d_020_150_03_00	淳平	/sound/voice/A11d_020_150_03_00_00.ogg	unique_exact_anchor	exact	selected	1	same
a11d.fsb.txt	675	211	サンタ	A11d_030_010_01_00	サンタ	/sound/voice/A11d_030_010_01_00_00.ogg	unique_exact_anchor	exact	selected	1	same
a11d.fsb.txt	684	213	サンタ	A11d_030_020_01_00	サンタ	/sound/voice/A11d_030_020_01_00_00.ogg	unique_exact_anchor	exact	selected	1	same
a11d.fsb.txt	702	218	サンタ	A11d_030_030_04_00	サンタ	/sound/voice/A11d_030_030_04_00_00.ogg	unique_exact_anchor	exact	selected	1	same
a11d.fsb.txt	704	219	サンタ	A11d_030_030_05_00	サンタ	/sound/voice/A11d_030_030_05_00_00.ogg	unique_exact_anchor	exact	selected	1	same
a11d.fsb.txt	707	220	淳平	A11d_030_040_01_00	淳平	/sound/voice/A11d_030_040_01_00_00.ogg	unique_exact_anchor	exact	selected	1	same
a11d.fsb.txt	718	222	サンタ	A11d_030_050_01_00	サンタ	/sound/voice/A11d_030_050_01_00_00.ogg	unique_exact_anchor	exact	selected	1	same
a11d.fsb.txt	720	223	サンタ	A11d_030_050_02_00	サンタ	/sound/voice/A11d_030_050_02_00_00.ogg	unique_exact_anchor	exact	selected	1	same
a11d.fsb.txt	722	224	サンタ	A11d_030_050_03_00	サンタ	/sound/voice/A11d_030_050_03_00_00.ogg	unique_exact_anchor	exact	selected	1	same
a11d.fsb.txt	724	225	淳平	A11d_030_050_04_00	淳平	/sound/voice/A11d_030_050_04_00_00.ogg	unique_exact_anchor	exact	selected	1	same
a11d.fsb.txt	726	226	サンタ	A11d_030_050_05_00	サンタ	/sound/voice/A11d_030_050_05_00_00.ogg	unique_exact_anchor	exact	selected	1	same
a11d.fsb.txt	728	227	淳平	A11d_030_050_06_00	淳平	/sound/voice/A11d_030_050_06_00_00.ogg	unique_exact_anchor	exact	selected	1	same
a11d.fsb.txt	730	228	サンタ	A11d_030_050_07_00	サンタ	/sound/voice/A11d_030_050_07_00_00.ogg	unique_exact_anchor	exact	selected	1	same
a11d.fsb.txt	732	229	淳平	A11d_030_050_08_00	淳平	/sound/voice/A11d_030_050_08_00_00.ogg	unique_exact_anchor	exact	selected	1	same
a11d.fsb.txt	738	231	淳平	A11d_030_060_02_00	淳平	/sound/voice/A11d_030_060_02_00_00.ogg	unique_exact_anchor	exact	selected	1	same
a11d.fsb.txt	744	233	サンタ	A11d_030_070_01_00	サンタ	/sound/voice/A11d_030_070_01_00_00.ogg	unique_exact_anchor	exact	selected	1	same
a11d.fsb.txt	746	234	サンタ	A11d_030_070_02_00	サンタ	/sound/voice/A11d_030_070_02_00_00.ogg	unique_exact_anchor	exact	selected	1	same
a11d.fsb.txt	748	235	サンタ	A11d_030_070_03_00	サンタ	/sound/voice/A11d_030_070_03_00_00.ogg	unique_exact_anchor	exact	selected	1	same
a11d.fsb.txt	750	236	サンタ	A11d_030_070_04_00	サンタ	/sound/voice/A11d_030_070_04_00_00.ogg	monotonic_tfidf	high	selected	1	same
a11d.fsb.txt	752	237	淳平	A11d_030_070_05_00	淳平	/sound/voice/A11d_030_070_05_00_00.ogg	unique_exact_anchor	exact	selected	1	same
a11d.fsb.txt	773	240	サンタ	A11d_030_090_01_00	サンタ	/sound/voice/A11d_030_090_01_00_00.ogg	unique_exact_anchor	exact	selected	1	same
a11d.fsb.txt	775	241	サンタ	A11d_030_090_02_00	サンタ	/sound/voice/A11d_030_090_02_00_00.ogg	unique_exact_anchor	exact	selected	1	same
a11d.fsb.txt	778	242	サンタ	A11d_030_090_03_00	サンタ	/sound/voice/A11d_030_090_03_00_00.ogg	unique_exact_anchor	exact	selected	1	same
a11d.fsb.txt	799	250	淳平	A11d_030_110_02_00	淳平	/sound/voice/A11d_030_110_02_00_00.ogg	unique_exact_anchor	exact	selected	1	same
a11d.fsb.txt	811	252	淳平	A11d_030_120_01_00	淳平	/sound/voice/A11d_030_120_01_00_00.ogg	unique_exact_anchor	exact	selected	1	same
a11d.fsb.txt	813	253	淳平	A11d_030_120_02_00	淳平	/sound/voice/A11d_030_120_02_00_00.ogg	unique_exact_anchor	exact	selected	1	same
a11d.fsb.txt	819	255	サンタ	A11d_030_120_04_00	サンタ	/sound/voice/A11d_030_120_04_00_00.ogg	unique_exact_anchor	exact	selected	1	same
a11d.fsb.txt	822	256	サンタ	A11d_030_130_01_00	サンタ	/sound/voice/A11d_030_130_01_00_00.ogg	unique_exact_anchor	exact	selected	1	same
a11d.fsb.txt	825	257	サンタ	A11d_030_130_02_00	サンタ	/sound/voice/A11d_030_130_02_00_00.ogg	unique_exact_anchor	exact	selected	1	same
a11d.fsb.txt	843	261	淳平	A11d_030_140_01_00	淳平	/sound/voice/A11d_030_140_01_00_00.ogg	unique_exact_anchor	exact	selected	1	same
a11d.fsb.txt	845	262	淳平	A11d_030_140_02_00	淳平	/sound/voice/A11d_030_140_02_00_00.ogg	unique_exact_anchor	exact	selected	1	same
a11d.fsb.txt	847	263	サンタ	A11d_030_140_03_00	サンタ	/sound/voice/A11d_030_140_03_00_00.ogg	unique_exact_anchor	exact	selected	1	same
a11d.fsb.txt	854	265	サンタ	A11d_030_140_05_00	サンタ	/sound/voice/A11d_030_140_05_00_00.ogg	unique_exact_anchor	exact	selected	1	same
a11d.fsb.txt	856	266	サンタ	A11d_030_140_06_00	サンタ	/sound/voice/A11d_030_140_06_00_00.ogg	unique_exact_anchor	exact	selected	1	same
a11d.fsb.txt	879	271	淳平	A11d_030_160_04_00	淳平	/sound/voice/A11d_030_160_04_00_00.ogg	monotonic_tfidf	high	selected	1	same
a11d.fsb.txt	896	274	淳平	A11d_030_170_03_00	淳平	/sound/voice/A11d_030_170_03_00_00.ogg	unique_exact_anchor	exact	selected	1	same
a11d.fsb.txt	898	275	サンタ	A11d_030_170_04_00	サンタ	/sound/voice/A11d_030_170_04_00_00.ogg	unique_exact_anchor	exact	selected	1	same
a11d.fsb.txt	904	277	サンタ	A11d_030_180_02_00	サンタ	/sound/voice/A11d_030_180_02_00_00.ogg	monotonic_tfidf	exact	selected	1	same
a11d.fsb.txt	918	280	サンタ	A11d_030_190_01_00	サンタ	/sound/voice/A11d_030_190_01_00_00.ogg	unique_exact_anchor	exact	selected	1	same
a11d.fsb.txt	920	281	サンタ	A11d_030_190_02_00	サンタ	/sound/voice/A11d_030_190_02_00_00.ogg	unique_exact_anchor	exact	selected	1	same
a11d.fsb.txt	922	282	淳平	A11d_030_190_03_00	淳平	/sound/voice/A11d_030_190_03_00_00.ogg	unique_exact_anchor	exact	selected	1	same
a11d.fsb.txt	924	283	サンタ	A11d_030_190_04_00	サンタ	/sound/voice/A11d_030_190_04_00_00.ogg	unique_exact_anchor	exact	selected	1	same
a11d.fsb.txt	926	284	サンタ	A11d_030_190_05_00	サンタ	/sound/voice/A11d_030_190_05_00_00.ogg	unique_exact_anchor	exact	selected	1	same
a11d.fsb.txt	934	287	サンタ	A11d_030_200_03_00	サンタ	/sound/voice/A11d_030_200_03_00_00.ogg	unique_exact_anchor	exact	selected	1	same
a11d.fsb.txt	936	288	淳平	A11d_030_200_04_00	淳平	/sound/voice/A11d_030_200_04_00_00.ogg	monotonic_tfidf	exact	selected	1	same
a11d.fsb.txt	938	289	サンタ	A11d_030_200_05_00	サンタ	/sound/voice/A11d_030_200_05_00_00.ogg	unique_exact_anchor	exact	selected	1	same
a11d.fsb.txt	940	290	サンタ	A11d_030_200_06_00	サンタ	/sound/voice/A11d_030_200_06_00_00.ogg	unique_exact_anchor	exact	selected	1	same
a11d.fsb.txt	943	291	淳平	A11d_030_210_01_00	淳平	/sound/voice/A11d_030_210_01_00_00.ogg	unique_exact_anchor	exact	selected	1	same
a11d.fsb.txt	946	292	サンタ	A11d_030_210_02_00	サンタ	/sound/voice/A11d_030_210_02_00_00.ogg	unique_exact_anchor	exact	selected	1	same
a11d.fsb.txt	951	294	淳平	A11d_030_220_01_00	淳平	/sound/voice/A11d_030_220_01_00_00.ogg	unique_exact_anchor	exact	selected	1	same
a11d.fsb.txt	953	295	サンタ	A11d_030_220_02_00	サンタ	/sound/voice/A11d_030_220_02_00_00.ogg	unique_exact_anchor	exact	selected	1	same
a11d.fsb.txt	955	296	サンタ	A11d_030_220_03_00	サンタ	/sound/voice/A11d_030_220_03_00_00.ogg	unique_exact_anchor	exact	selected	1	same
a11d.fsb.txt	957	297	淳平	A11d_030_220_04_00	淳平	/sound/voice/A11d_030_220_04_00_00.ogg	unique_exact_anchor	exact	selected	1	same
a11d.fsb.txt	959	298	サンタ	A11d_030_220_05_00	サンタ	/sound/voice/A11d_030_220_05_00_00.ogg	unique_exact_anchor	exact	selected	1	same
a11d.fsb.txt	961	299	サンタ	A11d_030_220_06_00	サンタ	/sound/voice/A11d_030_220_06_00_00.ogg	unique_exact_anchor	exact	selected	1	same
a11d.fsb.txt	967	301	サンタ	A11d_030_230_02_00	サンタ	/sound/voice/A11d_030_230_02_00_00.ogg	unique_exact_anchor	exact	selected	1	same
a11d.fsb.txt	970	302	淳平	A11d_030_230_03_00	淳平	/sound/voice/A11d_030_230_03_00_00.ogg	unique_exact_anchor	exact	selected	1	same
a11d.fsb.txt	988	306	淳平	A11d_030_240_01_00	淳平	/sound/voice/A11d_030_240_01_00_00.ogg	unique_exact_anchor	exact	selected	1	same
a11d.fsb.txt	990	307	サンタ	A11d_030_240_02_00	サンタ	/sound/voice/A11d_030_240_02_00_00.ogg	unique_exact_anchor	exact	selected	1	same
a11d.fsb.txt	996	309	サンタ	A11d_030_250_01_00	サンタ	/sound/voice/A11d_030_250_01_00_00.ogg	monotonic_tfidf	high	selected	1	same
a11d.fsb.txt	998	310	サンタ	A11d_030_250_02_00	サンタ	/sound/voice/A11d_030_250_02_00_00.ogg	monotonic_tfidf	high	selected	1	same
a11d.fsb.txt	1000	311	淳平	A11d_030_250_03_00	淳平	/sound/voice/A11d_030_250_03_00_00.ogg	unique_exact_anchor	exact	selected	1	same
a11d.fsb.txt	1002	312	淳平	A11d_030_250_04_00	淳平	/sound/voice/A11d_030_250_04_00_00.ogg	unique_exact_anchor	exact	selected	1	same
a11d.fsb.txt	1012	315	サンタ	A11d_030_260_03_00	サンタ	/sound/voice/A11d_030_260_03_00_00.ogg	unique_exact_anchor	exact	selected	1	same
a11d.fsb.txt	1014	316	サンタ	A11d_030_260_04_00	サンタ	/sound/voice/A11d_030_260_04_00_00.ogg	unique_exact_anchor	exact	selected	1	same
a11d.fsb.txt	1026	318	八代	A11d_030_270_02_00	八代	/sound/voice/A11d_030_270_02_00_00.ogg	unique_exact_anchor	exact	selected	1	same
a11d.fsb.txt	1032	320	八代	A11d_030_280_01_00	八代	/sound/voice/A11d_030_280_01_00_00.ogg	unique_exact_anchor	exact	selected	1	same
a11d.fsb.txt	1034	321	八代	A11d_030_280_02_00	八代	/sound/voice/A11d_030_280_02_00_00.ogg	unique_exact_anchor	exact	selected	1	same
a11d.fsb.txt	1036	322	八代	A11d_030_280_03_00	八代	/sound/voice/A11d_030_280_03_00_00.ogg	unique_exact_anchor	exact	selected	1	same
a11d.fsb.txt	1039	323	サンタ	A11d_030_290_01_00	サンタ	/sound/voice/A11d_030_290_01_00_00.ogg	unique_exact_anchor	exact	selected	1	same
a11d.fsb.txt	1041	324	八代	A11d_030_290_02_00	八代	/sound/voice/A11d_030_290_02_00_00.ogg	unique_exact_anchor	exact	selected	1	same
a11d.fsb.txt	1043	325	淳平	A11d_030_290_03_00	淳平	/sound/voice/A11d_030_290_03_00_00.ogg	unique_exact_anchor	exact	selected	1	same
a11d.fsb.txt	1045	326	八代	A11d_030_290_04_00	八代	/sound/voice/A11d_030_290_04_00_00.ogg	unique_exact_anchor	exact	selected	1	same
a11d.fsb.txt	1056	327	淳平	A11d_030_300_99_20	淳平	/sound/voice/A11d_030_300_99_20_00.ogg	monotonic_tfidf	review	selected	1	same
a11d.fsb.txt	1058	328	淳平	A11d_030_300_99_21	淳平	/sound/voice/A11d_030_300_99_21_00.ogg | /sound/voice/A11d_030_300_99_21_01.ogg	monotonic_tfidf	medium	selected	1	same
a11d.fsb.txt	1069	329	淳平	A11d_030_310_01_00	淳平	/sound/voice/A11d_030_310_01_00_00.ogg	unique_exact_anchor	exact	selected	1	same
a11d.fsb.txt	1071	330	淳平	A11d_030_310_02_00	淳平	/sound/voice/A11d_030_310_02_00_00.ogg	unique_exact_anchor	exact	selected	1	same
a11d.fsb.txt	1073	331	サンタ	A11d_030_310_03_00	サンタ	/sound/voice/A11d_030_310_03_00_00.ogg	unique_exact_anchor	exact	selected	1	same
a11d.fsb.txt	1075	332	八代	A11d_030_310_04_00	八代	/sound/voice/A11d_030_310_04_00_00.ogg	unique_exact_anchor	exact	selected	1	same
a11d.fsb.txt	1077	333	八代	A11d_030_310_05_00	八代	/sound/voice/A11d_030_310_05_00_00.ogg	monotonic_tfidf	high	selected	1	same
a11d.fsb.txt	1080	334	淳平	A11d_030_320_01_00	淳平	/sound/voice/A11d_030_320_01_00_00.ogg	monotonic_tfidf	exact	selected	1	same
a11d.fsb.txt	1082	335	サンタ	A11d_030_320_02_00	サンタ	/sound/voice/A11d_030_320_02_00_00.ogg	unique_exact_anchor	exact	selected	1	same
a11d.fsb.txt	1084	336	八代	A11d_030_320_03_00	八代	/sound/voice/A11d_030_320_03_00_00.ogg	unique_exact_anchor	exact	selected	1	same
a11d.fsb.txt	1086	337	八代	A11d_030_320_04_00	八代	/sound/voice/A11d_030_320_04_00_00.ogg	unique_exact_anchor	exact	selected	1	same
a11d.fsb.txt	1088	338	八代	A11d_030_320_05_00	八代	/sound/voice/A11d_030_320_05_00_00.ogg	monotonic_tfidf	high	selected	1	same
a11d.fsb.txt	1091	339	八代	A11d_030_330_01_00	八代	/sound/voice/A11d_030_330_01_00_00.ogg | /sound/voice/A11d_030_330_01_00_01.ogg	monotonic_tfidf	high	selected	1	same
a11d.fsb.txt	1093	340	八代	A11d_030_330_02_00	八代	/sound/voice/A11d_030_330_02_00_00.ogg | /sound/voice/A11d_030_330_02_00_01.ogg	monotonic_tfidf	high	selected	1	same
a11d.fsb.txt	1095	341	八代	A11d_030_330_03_00	八代	/sound/voice/A11d_030_330_03_00_00.ogg | /sound/voice/A11d_030_330_03_00_01.ogg	monotonic_tfidf	high	selected	1	same
a11d.fsb.txt	1097	342	八代	A11d_030_330_04_00	八代	/sound/voice/A11d_030_330_04_00_00.ogg	unique_exact_anchor	exact	selected	1	same
a11d.fsb.txt	1100	343	八代	A11d_030_331_01_00	八代	/sound/voice/A11d_030_331_01_00_00.ogg	unique_exact_anchor	exact	selected	1	same
a11d.fsb.txt	1102	344	八代	A11d_030_331_02_00	八代	/sound/voice/A11d_030_331_02_00_00.ogg	unique_exact_anchor	exact	selected	1	same
a11d.fsb.txt	1105	345	淳平	A11d_030_340_01_00	淳平	/sound/voice/A11d_030_340_01_00_00.ogg	unique_exact_anchor	exact	selected	1	same
a11d.fsb.txt	1107	346	淳平	A11d_030_340_02_00	淳平	/sound/voice/A11d_030_340_02_00_00.ogg	unique_exact_anchor	exact	selected	1	same
a11d.fsb.txt	1113	348	八代	A11d_030_350_01_00	八代	/sound/voice/A11d_030_350_01_00_00.ogg	unique_exact_anchor	exact	selected	1	same
a11d.fsb.txt	1115	349	サンタ	A11d_030_350_02_00	サンタ	/sound/voice/A11d_030_350_02_00_00.ogg	unique_exact_anchor	exact	selected	1	same
a11d.fsb.txt	1117	350	八代	A11d_030_350_03_00	八代	/sound/voice/A11d_030_350_03_00_00.ogg	unique_exact_anchor	exact	selected	1	same
a11d.fsb.txt	1119	351	淳平	A11d_030_350_04_00	淳平	/sound/voice/A11d_030_350_04_00_00.ogg	unique_exact_anchor	exact	selected	1	same
a11d.fsb.txt	1121	352	八代	A11d_030_350_05_00	八代	/sound/voice/A11d_030_350_05_00_00.ogg	unique_exact_anchor	exact	selected	1	same
a11d.fsb.txt	1123	353	サンタ	A11d_030_350_06_00	サンタ	/sound/voice/A11d_030_350_06_00_00.ogg	unique_exact_anchor	exact	selected	1	same
a11d.fsb.txt	1126	354	八代	A11d_030_351_01_00	八代	/sound/voice/A11d_030_351_01_00_00.ogg	unique_exact_anchor	exact	selected	1	same
a11d.fsb.txt	1128	355	淳平	A11d_030_351_02_00	淳平	/sound/voice/A11d_030_351_02_00_00.ogg	monotonic_tfidf	high	selected	1	same
a11d.fsb.txt	1130	356	サンタ	A11d_030_351_03_00	サンタ	/sound/voice/A11d_030_351_03_00_00.ogg	unique_exact_anchor	exact	selected	1	same
a11d.fsb.txt	1136	358	八代	A11d_030_360_02_00	八代	/sound/voice/A11d_030_360_02_00_00.ogg	unique_exact_anchor	exact	selected	1	same
a11d.fsb.txt	1138	359	八代	A11d_030_360_03_00	八代	/sound/voice/A11d_030_360_03_00_00.ogg	unique_exact_anchor	exact	selected	1	same
a11d.fsb.txt	1140	360	八代	A11d_030_360_04_00	八代	/sound/voice/A11d_030_360_04_00_00.ogg	unique_exact_anchor	exact	selected	1	same
a11d.fsb.txt	1142	361	八代	A11d_030_360_05_00	八代	/sound/voice/A11d_030_360_05_00_00.ogg	monotonic_tfidf	high	selected	1	same
a11d.fsb.txt	1169	367	淳平	A11d_030_380_01_00	淳平	/sound/voice/A11d_030_380_01_00_00.ogg	unique_exact_anchor	exact	selected	1	same
a11d.fsb.txt	1171	368	サンタ	A11d_030_380_02_00	サンタ	/sound/voice/A11d_030_380_02_00_00.ogg	unique_exact_anchor	exact	selected	1	same
a11d.fsb.txt	1173	369	サンタ	A11d_030_380_03_00	サンタ	/sound/voice/A11d_030_380_03_00_00.ogg	unique_exact_anchor	exact	selected	1	same
a11d.fsb.txt	1179	371	淳平	A11d_030_390_02_00	淳平	/sound/voice/A11d_030_390_02_00_00.ogg	unique_exact_anchor	exact	selected	1	same
a11d.fsb.txt	1181	372	サンタ	A11d_030_390_03_00	サンタ	/sound/voice/A11d_030_390_03_00_00.ogg	unique_exact_anchor	exact	selected	1	same
a11d.fsb.txt	1183	373	淳平	A11d_030_390_04_00	淳平	/sound/voice/A11d_030_390_04_00_00.ogg	monotonic_tfidf	high	selected	1	same
a11d.fsb.txt	1189	375	サンタ	A11d_030_400_01_00	サンタ	/sound/voice/A11d_030_400_01_00_00.ogg	unique_exact_anchor	exact	selected	1	same
a11d.fsb.txt	1191	376	サンタ	A11d_030_400_02_00	サンタ	/sound/voice/A11d_030_400_02_00_00.ogg	unique_exact_anchor	exact	selected	1	same
a11d.fsb.txt	1193	377	サンタ	A11d_030_400_03_00	サンタ	/sound/voice/A11d_030_400_03_00_00.ogg	unique_exact_anchor	exact	selected	1	same
a11d.fsb.txt	1195	378	淳平	A11d_030_400_04_00	淳平	/sound/voice/A11d_030_400_04_00_00.ogg	unique_exact_anchor	exact	selected	1	same
a11d.fsb.txt	1197	379	淳平	A11d_030_400_05_00	淳平	/sound/voice/A11d_030_400_05_00_00.ogg	unique_exact_anchor	exact	selected	1	same
a11d.fsb.txt	1201	380	サンタ	A11d_030_410_01_00	サンタ	/sound/voice/A11d_030_410_01_00_00.ogg	unique_exact_anchor	exact	selected	1	same
a11d.fsb.txt	1203	381	サンタ	A11d_030_410_02_00	サンタ	/sound/voice/A11d_030_410_02_00_00.ogg	unique_exact_anchor	exact	selected	1	same
a11d.fsb.txt	1205	382	サンタ	A11d_030_410_03_00	サンタ	/sound/voice/A11d_030_410_03_00_00.ogg	unique_exact_anchor	exact	selected	1	same
a11d.fsb.txt	1207	383	淳平	A11d_030_410_04_00	淳平	/sound/voice/A11d_030_410_04_00_00.ogg	unique_exact_anchor	exact	selected	1	same
a11d.fsb.txt	1221	387	八代	A11d_030_430_01_00	八代	/sound/voice/A11d_030_430_01_00_00.ogg	unique_exact_anchor	exact	selected	1	same
a11d.fsb.txt	1223	388	八代	A11d_030_430_02_00	八代	/sound/voice/A11d_030_430_02_00_00.ogg	unique_exact_anchor	exact	selected	1	same
a11d.fsb.txt	1235	391	サンタ	A11d_030_440_01_00	サンタ	/sound/voice/A11d_030_440_01_00_00.ogg	unique_exact_anchor	exact	selected	1	same
a11d.fsb.txt	1240	393	サンタ	A11d_030_440_03_00	サンタ	/sound/voice/A11d_030_440_03_00_00.ogg	unique_exact_anchor	exact	selected	1	same
a11d.fsb.txt	1242	394	サンタ	A11d_030_440_04_00	サンタ	/sound/voice/A11d_030_440_04_00_00.ogg	unique_exact_anchor	exact	selected	1	same
a11d.fsb.txt	1249	396	淳平	A11d_030_440_06_00	淳平	/sound/voice/A11d_030_440_06_00_00.ogg	unique_exact_anchor	exact	selected	1	same
a11d.fsb.txt	1267	402	淳平	A11d_030_460_03_00	淳平	/sound/voice/A11d_030_460_03_00_00.ogg	unique_exact_anchor	exact	selected	1	same
a11d.fsb.txt	1299	406	サンタ	A11d_040_020_01_00	サンタ	/sound/voice/A11d_040_020_01_00_00.ogg	unique_exact_anchor	exact	selected	1	same
a11d.fsb.txt	1312	409	八代	A11d_040_030_01_00	八代	/sound/voice/A11d_040_030_01_00_00.ogg	unique_exact_anchor	exact	selected	1	same
a11d.fsb.txt	1314	410	淳平	A11d_040_030_02_00	淳平	/sound/voice/A11d_040_030_02_00_00.ogg	unique_exact_anchor	exact	selected	1	same
a11d.fsb.txt	1316	411	八代	A11d_040_030_03_00	八代	/sound/voice/A11d_040_030_03_00_00.ogg	unique_exact_anchor	exact	selected	1	same
a11d.fsb.txt	1319	412	八代	A11d_040_031_01_00	八代	/sound/voice/A11d_040_031_01_00_00.ogg	monotonic_tfidf	high	selected	1	same
a11d.fsb.txt	1321	413	八代	A11d_040_031_02_00	八代	/sound/voice/A11d_040_031_02_00_00.ogg	unique_exact_anchor	exact	selected	1	same
a11d.fsb.txt	1323	414	淳平	A11d_040_031_03_00	淳平	/sound/voice/A11d_040_031_03_00_00.ogg	unique_exact_anchor	exact	selected	1	same
a11d.fsb.txt	1325	415	八代	A11d_040_031_04_00	八代	/sound/voice/A11d_040_031_04_00_00.ogg	monotonic_tfidf	high	selected	1	same
a11d.fsb.txt	1334	416	サンタ	A11d_040_040_01_00	サンタ	/sound/voice/A11d_040_040_01_00_00.ogg	unique_exact_anchor	exact	selected	1	same
a11d.fsb.txt	1341	419	八代	A11d_040_040_04_00	八代	/sound/voice/A11d_040_040_04_00_00.ogg	unique_exact_anchor	exact	selected	1	same
a11d.fsb.txt	1343	420	八代	A11d_040_040_05_00	八代	/sound/voice/A11d_040_040_05_00_00.ogg	monotonic_tfidf	high	selected	1	same
a11d.fsb.txt	1345	421	八代	A11d_040_040_06_00	八代	/sound/voice/A11d_040_040_06_00_00.ogg	monotonic_tfidf	medium	selected	1	same
a11d.fsb.txt	1348	422	サンタ	A11d_040_050_01_00	サンタ	/sound/voice/A11d_040_050_01_00_00.ogg	unique_exact_anchor	exact	selected	1	same
a11d.fsb.txt	1353	424	八代	A11d_040_050_03_00	八代	/sound/voice/A11d_040_050_03_00_00.ogg	unique_exact_anchor	exact	selected	1	same
a11d.fsb.txt	1355	425	八代	A11d_040_050_04_00	八代	/sound/voice/A11d_040_050_04_00_00.ogg	unique_exact_anchor	exact	selected	1	same
a11d.fsb.txt	1358	426	淳平	A11d_040_051_01_00	淳平	/sound/voice/A11d_040_051_01_00_00.ogg	unique_exact_anchor	exact	selected	1	same
a11d.fsb.txt	1360	427	八代	A11d_040_051_02_00	八代	/sound/voice/A11d_040_051_02_00_00.ogg	unique_exact_anchor	exact	selected	1	same
a11d.fsb.txt	1362	428	八代	A11d_040_051_03_00	八代	/sound/voice/A11d_040_051_03_00_00.ogg | /sound/voice/A11d_040_051_03_00_88.ogg	unique_exact_anchor	exact	selected	1	same
a11d.fsb.txt	1369	430	サンタ	A11d_040_060_01_00	サンタ	/sound/voice/A11d_040_060_01_00_00.ogg	unique_exact_anchor	exact	selected	1	same
a11d.fsb.txt	1371	431	サンタ	A11d_040_060_02_00	サンタ	/sound/voice/A11d_040_060_02_00_00.ogg	unique_exact_anchor	exact	selected	1	same
a11d.fsb.txt	1373	432	サンタ	A11d_040_060_03_00	サンタ	/sound/voice/A11d_040_060_03_00_00.ogg	unique_exact_anchor	exact	selected	1	same
a11d.fsb.txt	1375	433	八代	A11d_040_060_04_00	八代	/sound/voice/A11d_040_060_04_00_00.ogg	unique_exact_anchor	exact	selected	1	same
a11d.fsb.txt	1382	435	八代	A11d_040_070_03_00	八代	/sound/voice/A11d_040_070_03_00_00.ogg	unique_exact_anchor	exact	selected	1	same
a11d.fsb.txt	1384	436	八代	A11d_040_070_04_00	八代	/sound/voice/A11d_040_070_04_00_00.ogg	unique_exact_anchor	exact	selected	1	same
a11d.fsb.txt	1386	437	八代	A11d_040_070_05_00	八代	/sound/voice/A11d_040_070_05_00_00.ogg	unique_exact_anchor	exact	selected	1	same
a11d.fsb.txt	1388	438	八代	A11d_040_070_06_00	八代	/sound/voice/A11d_040_070_06_00_00.ogg	unique_exact_anchor	exact	selected	1	same
a11d.fsb.txt	1391	439	八代	A11d_040_080_01_00	八代	/sound/voice/A11d_040_080_01_00_00.ogg	unique_exact_anchor	exact	selected	1	same
a11d.fsb.txt	1397	442	八代	A11d_040_080_04_00	八代	/sound/voice/A11d_040_080_04_00_00.ogg	unique_exact_anchor	exact	selected	1	same
a11d.fsb.txt	1412	445	八代	A11d_040_090_02_00	八代	/sound/voice/A11d_040_090_02_00_00.ogg	unique_exact_anchor	exact	selected	1	same
a11d.fsb.txt	1418	447	サンタ	A11d_040_090_04_00	サンタ	/sound/voice/A11d_040_090_04_00_00.ogg	unique_exact_anchor	exact	selected	1	same
a11d.fsb.txt	1420	448	サンタ	A11d_040_090_05_00	サンタ	/sound/voice/A11d_040_090_05_00_00.ogg	unique_exact_anchor	exact	selected	1	same
a11d.fsb.txt	1423	449	八代	A11d_040_100_01_00	八代	/sound/voice/A11d_040_100_01_00_00.ogg	unique_exact_anchor	exact	selected	1	same
a11d.fsb.txt	1434	450	淳平	A11d_040_100_02_00	淳平	/sound/voice/A11d_040_100_02_00_00.ogg	unique_exact_anchor	exact	selected	1	same
a11d.fsb.txt	1448	458	淳平	A11d_040_110_01_00	淳平	/sound/voice/A11d_040_110_01_00_00.ogg	unique_exact_anchor	exact	selected	1	same
a11d.fsb.txt	1450	459	淳平	A11d_040_110_02_00	淳平	/sound/voice/A11d_040_110_02_00_00.ogg	monotonic_tfidf	exact	selected	1	same
a11d.fsb.txt	1461	461	八代	A11d_040_120_01_00	八代	/sound/voice/A11d_040_120_01_00_00.ogg	monotonic_tfidf	medium	selected	1	same
a11d.fsb.txt	1468	464	八代	A11d_040_120_04_00	八代	/sound/voice/A11d_040_120_04_00_00.ogg	monotonic_tfidf	review	selected	1	same
a11d.fsb.txt	1474	465	淳平	A11d_040_130_01_00	淳平	/sound/voice/A11d_040_130_01_00_00.ogg	unique_exact_anchor	exact	selected	1	same
a11d.fsb.txt	1476	466	淳平	A11d_040_130_02_00	淳平	/sound/voice/A11d_040_130_02_00_00.ogg	unique_exact_anchor	exact	selected	1	same
a11d.fsb.txt	1478	467	淳平	A11d_040_130_03_00	淳平	/sound/voice/A11d_040_130_03_00_00.ogg	monotonic_tfidf	exact	selected	1	same
a11d.fsb.txt	1486	468	八代	A11d_040_140_01_00	八代	/sound/voice/A11d_040_140_01_00_00.ogg	unique_exact_anchor	exact	selected	1	same
a11d.fsb.txt	1488	469	八代	A11d_040_140_02_00	八代	/sound/voice/A11d_040_140_02_00_00.ogg	unique_exact_anchor	exact	selected	1	same
a11d.fsb.txt	1490	470	淳平	A11d_040_140_03_00	淳平	/sound/voice/A11d_040_140_03_00_00.ogg	unique_exact_anchor	exact	selected	1	same
a11d.fsb.txt	1493	471	淳平	A11d_040_141_01_00	淳平	/sound/voice/A11d_040_141_01_00_00.ogg	monotonic_tfidf	high	selected	1	same
a11d.fsb.txt	1495	472	淳平	A11d_040_141_02_00	淳平	/sound/voice/A11d_040_141_02_00_00.ogg	monotonic_tfidf	high	selected	1	same
a11d.fsb.txt	1497	473	淳平	A11d_040_141_03_00	淳平	/sound/voice/A11d_040_141_03_00_00.ogg	monotonic_tfidf	high	selected	1	same
a11d.fsb.txt	1499	474	淳平	A11d_040_141_04_00	淳平	/sound/voice/A11d_040_141_04_00_00.ogg	unique_exact_anchor	exact	selected	1	same
a11d.fsb.txt	1506	476	八代	A11d_040_150_02_00	八代	/sound/voice/A11d_040_150_02_00_00.ogg	unique_exact_anchor	exact	selected	1	same
a11d.fsb.txt	1511	478	八代	A11d_040_150_04_00	八代	/sound/voice/A11d_040_150_04_00_00.ogg	monotonic_tfidf	exact	selected	1	same
a11d.fsb.txt	1513	479	八代	A11d_040_150_05_00	八代	/sound/voice/A11d_040_150_05_00_00.ogg	monotonic_tfidf	exact	selected	1	same
a11d.fsb.txt	1515	480	八代	A11d_040_150_06_00	八代	/sound/voice/A11d_040_150_06_00_00.ogg	monotonic_tfidf	review	selected	1	same
a11d.fsb.txt	1521	481	淳平	A11d_040_160_01_00	淳平	/sound/voice/A11d_040_160_01_00_00.ogg	monotonic_tfidf	high	selected	1	same
a11d.fsb.txt	1523	482	淳平	A11d_040_160_02_00	淳平	/sound/voice/A11d_040_160_02_00_00.ogg	unique_exact_anchor	exact	selected	1	same
a11d.fsb.txt	1525	483	淳平	A11d_040_160_03_00	淳平	/sound/voice/A11d_040_160_03_00_00.ogg	unique_exact_anchor	exact	selected	1	same
a11d.fsb.txt	1527	484	淳平	A11d_040_160_04_00	淳平	/sound/voice/A11d_040_160_04_00_00.ogg	unique_exact_anchor	exact	selected	1	same
a11d.fsb.txt	1540	487	八代	A11d_040_170_01_00	八代	/sound/voice/A11d_040_170_01_00_00.ogg	monotonic_tfidf	high	selected	1	same
a11d.fsb.txt	1544	489	八代	A11d_040_170_03_00	八代	/sound/voice/A11d_040_170_03_00_00.ogg	monotonic_tfidf	exact	selected	1	same
a11d.fsb.txt	1549	491	八代	A11d_040_170_05_00	八代	/sound/voice/A11d_040_170_05_00_00.ogg	monotonic_tfidf	exact	selected	1	same
a11d.fsb.txt	1551	492	八代	A11d_040_170_06_00	八代	/sound/voice/A11d_040_170_06_00_00.ogg	monotonic_tfidf	exact	selected	1	same
a11d.fsb.txt	1553	493	八代	A11d_040_170_07_00	八代	/sound/voice/A11d_040_170_07_00_00.ogg	monotonic_tfidf	review	selected	1	same
a11d.fsb.txt	1559	494	淳平	A11d_040_180_01_00	淳平	/sound/voice/A11d_040_180_01_00_00.ogg	unique_exact_anchor	exact	selected	1	same
a11d.fsb.txt	1561	495	淳平	A11d_040_180_02_00	淳平	/sound/voice/A11d_040_180_02_00_00.ogg	monotonic_tfidf	high	selected	1	same
a11d.fsb.txt	1568	496	淳平	A11d_040_190_01_00	淳平	/sound/voice/A11d_040_190_01_00_00.ogg	unique_exact_anchor	exact	selected	1	same
a11d.fsb.txt	1570	497	淳平	A11d_040_190_02_00	淳平	/sound/voice/A11d_040_190_02_00_00.ogg	unique_exact_anchor	exact	selected	1	same
a11d.fsb.txt	1581	499	八代	A11d_040_200_01_00	八代	/sound/voice/A11d_040_200_01_00_00.ogg	monotonic_tfidf	medium	selected	1	same
a11d.fsb.txt	1586	501	八代	A11d_040_200_03_00	八代	/sound/voice/A11d_040_200_03_00_00.ogg	monotonic_tfidf	exact	selected	1	same
a11d.fsb.txt	1588	502	八代	A11d_040_200_04_00	八代	/sound/voice/A11d_040_200_04_00_00.ogg	monotonic_tfidf	review	selected	1	same
a11d.fsb.txt	1594	503	淳平	A11d_040_210_01_00	淳平	/sound/voice/A11d_040_210_01_00_00.ogg	unique_exact_anchor	exact	selected	1	same
a11d.fsb.txt	1596	504	淳平	A11d_040_210_02_00	淳平	/sound/voice/A11d_040_210_02_00_00.ogg	unique_exact_anchor	exact	selected	1	same
a11d.fsb.txt	1609	507	八代	A11d_040_220_01_00	八代	/sound/voice/A11d_040_220_01_00_00.ogg	unique_exact_anchor	exact	selected	1	same
a11d.fsb.txt	1611	508	淳平	A11d_040_220_02_00	淳平	/sound/voice/A11d_040_220_02_00_00.ogg	unique_exact_anchor	exact	selected	1	same
a11d.fsb.txt	1614	509	八代	A11d_040_220_03_00	八代	/sound/voice/A11d_040_220_03_00_00.ogg	unique_exact_anchor	exact	selected	1	same
a11d.fsb.txt	1616	510	淳平	A11d_040_220_04_00	淳平	/sound/voice/A11d_040_220_04_00_00.ogg	unique_exact_anchor	exact	selected	1	same
a11d.fsb.txt	1618	511	淳平	A11d_040_220_05_00	淳平	/sound/voice/A11d_040_220_05_00_00.ogg	unique_exact_anchor	exact	selected	1	same
a11d.fsb.txt	1620	512	淳平	A11d_040_220_06_00	淳平	/sound/voice/A11d_040_220_06_00_00.ogg	unique_exact_anchor	exact	selected	1	same
a11d.fsb.txt	1628	515	八代	A11d_040_230_03_00	八代	/sound/voice/A11d_040_230_03_00_00.ogg	monotonic_tfidf	exact	selected	1	same
a11d.fsb.txt	1633	517	八代	A11d_040_230_05_00	八代	/sound/voice/A11d_040_230_05_00_00.ogg	monotonic_tfidf	exact	selected	1	same
a11d.fsb.txt	1635	518	八代	A11d_040_230_06_00	八代	/sound/voice/A11d_040_230_06_00_00.ogg	monotonic_tfidf	exact	selected	1	same
a11d.fsb.txt	1637	519	八代	A11d_040_230_07_00	八代	/sound/voice/A11d_040_230_07_00_00.ogg	monotonic_tfidf	exact	selected	1	same
a11d.fsb.txt	1688	525	淳平	A11d_040_250_01_00	淳平	/sound/voice/A11d_040_250_01_00_00.ogg	unique_exact_anchor	exact	selected	1	same
a11d.fsb.txt	1691	526	サンタ	A11d_040_250_02_00	サンタ	/sound/voice/A11d_040_250_02_00_00.ogg	unique_exact_anchor	exact	selected	1	same
a11d.fsb.txt	1693	527	サンタ	A11d_040_250_03_00	サンタ	/sound/voice/A11d_040_250_03_00_00.ogg	unique_exact_anchor	exact	selected	1	same
a11d.fsb.txt	1709	531	八代	A11d_040_260_02_00	八代	/sound/voice/A11d_040_260_02_00_00.ogg	unique_exact_anchor	exact	selected	1	same
a11d.fsb.txt	1711	532	八代	A11d_040_260_03_00	八代	/sound/voice/A11d_040_260_03_00_00.ogg	unique_exact_anchor	exact	selected	1	same
a11d.fsb.txt	1716	534	淳平	A11d_040_260_05_00	淳平	/sound/voice/A11d_040_260_05_00_00.ogg	monotonic_tfidf	exact	selected	1	same
a11d.fsb.txt	1718	535	淳平	A11d_040_260_06_00	淳平	/sound/voice/A11d_040_260_06_00_00.ogg	monotonic_tfidf	exact	selected	1	same
a11d.fsb.txt	1756	540	淳平	A11d_040_280_03_00	淳平	/sound/voice/A11d_040_280_03_00_00.ogg	monotonic_tfidf	exact	selected	1	same
a11d.fsb.txt	1758	541	淳平	A11d_040_280_04_00	淳平	/sound/voice/A11d_040_280_04_00_00.ogg	monotonic_tfidf	exact	selected	1	same
a11d.fsb.txt	1770	543	八代	A11d_040_290_02_00	八代	/sound/voice/A11d_040_290_02_00_00.ogg	unique_exact_anchor	exact	selected	1	same
a11d.fsb.txt	1772	544	八代	A11d_040_290_03_00	八代	/sound/voice/A11d_040_290_03_00_00.ogg	unique_exact_anchor	exact	selected	1	same
a11d.fsb.txt	1774	545	八代	A11d_040_290_04_00	八代	/sound/voice/A11d_040_290_04_00_00.ogg	unique_exact_anchor	exact	selected	1	same
a11d.fsb.txt	1776	546	八代	A11d_040_290_05_00	八代	/sound/voice/A11d_040_290_05_00_00.ogg	unique_exact_anchor	exact	selected	1	same
a11d.fsb.txt	1779	547	八代	A11d_040_291_01_00	八代	/sound/voice/A11d_040_291_01_00_00.ogg	monotonic_tfidf	high	selected	1	same
a11d.fsb.txt	1781	548	八代	A11d_040_291_02_00	八代	/sound/voice/A11d_040_291_02_00_00.ogg	unique_exact_anchor	exact	selected	1	same
a11d.fsb.txt	1788	549	八代	A11d_040_300_01_00	八代	/sound/voice/A11d_040_300_01_00_00.ogg	unique_exact_anchor	exact	selected	1	same
a11d.fsb.txt	1790	550	八代	A11d_040_300_02_00	八代	/sound/voice/A11d_040_300_02_00_00.ogg	unique_exact_anchor	exact	selected	1	same
a11d.fsb.txt	1869	570	八代	A11d_040_370_01_00	八代	/sound/voice/A11d_040_370_01_00_00.ogg	unique_exact_anchor	exact	selected	1	same
a11d.fsb.txt	1871	571	八代	A11d_040_370_02_00	八代	/sound/voice/A11d_040_370_02_00_00.ogg	unique_exact_anchor	exact	selected	1	same
a11d.fsb.txt	1873	572	八代	A11d_040_370_03_00	八代	/sound/voice/A11d_040_370_03_00_00.ogg	monotonic_tfidf	high	selected	1	same
a11d.fsb.txt	1875	573	八代	A11d_040_370_04_00	八代	/sound/voice/A11d_040_370_04_00_00.ogg	unique_exact_anchor	exact	selected	1	same
a11d.fsb.txt	1878	574	八代	A11d_040_370_05_00	八代	/sound/voice/A11d_040_370_05_00_00.ogg	unique_exact_anchor	exact	selected	1	same
a11d.fsb.txt	1890	579	淳平	A11d_040_380_05_00	淳平	/sound/voice/A11d_040_380_05_00_00.ogg	monotonic_tfidf	high	selected	1	same
a11d.fsb.txt	1893	580	淳平	A11d_040_390_01_00	淳平	/sound/voice/A11d_040_390_01_00_00.ogg	monotonic_tfidf	medium	selected	1	same
a11d.fsb.txt	1895	581	淳平	A11d_040_390_02_00	淳平	/sound/voice/A11d_040_390_02_00_00.ogg	unique_exact_anchor	exact	selected	1	same
a11d.fsb.txt	1897	582	淳平	A11d_040_390_03_00	淳平	/sound/voice/A11d_040_390_03_00_00.ogg	unique_exact_anchor	exact	selected	1	same
a11d.fsb.txt	1908	587	八代	A11d_040_390_08_00	八代	/sound/voice/A11d_040_390_08_00_00.ogg	unique_exact_anchor	exact	selected	1	same
a11d.fsb.txt	1916	590	八代	A11d_040_400_04_00	八代	/sound/voice/A11d_040_400_04_00_00.ogg	unique_exact_anchor	exact	selected	1	same
a11d.fsb.txt	1920	591	八代	A11d_040_410_01_00	八代	/sound/voice/A11d_040_410_01_00_00.ogg	unique_exact_anchor	exact	selected	1	same
a11d.fsb.txt	1922	592	八代	A11d_040_410_02_00	八代	/sound/voice/A11d_040_410_02_00_00.ogg	unique_exact_anchor	exact	selected	1	same
a11d.fsb.txt	1924	593	八代	A11d_040_410_03_00	八代	/sound/voice/A11d_040_410_03_00_00.ogg	unique_exact_anchor	exact	selected	1	same
a11d.fsb.txt	1936	595	サンタ	A11d_040_420_02_00	サンタ	/sound/voice/A11d_040_420_02_00_00.ogg	unique_exact_anchor	exact	selected	1	same
a11d.fsb.txt	1938	596	サンタ	A11d_040_420_03_00	サンタ	/sound/voice/A11d_040_420_03_00_00.ogg	unique_exact_anchor	exact	selected	1	same
a11d.fsb.txt	1941	597	八代	A11d_040_420_04_00	八代	/sound/voice/A11d_040_420_04_00_00.ogg	unique_exact_anchor	exact	selected	1	same
a11d.fsb.txt	1943	598	八代	A11d_040_420_05_00	八代	/sound/voice/A11d_040_420_05_00_00.ogg	unique_exact_anchor	exact	selected	1	same
a11d.fsb.txt	1945	599	サンタ	A11d_040_420_06_00	サンタ	/sound/voice/A11d_040_420_06_00_00.ogg	unique_exact_anchor	exact	selected	1	same
a11d.fsb.txt	1958	604	八代	A11d_040_430_05_00	八代	/sound/voice/A11d_040_430_05_00_00.ogg	unique_exact_anchor	exact	selected	1	same
a11d.fsb.txt	1960	605	八代	A11d_040_430_06_00	八代	/sound/voice/A11d_040_430_06_00_00.ogg	unique_exact_anchor	exact	selected	1	same
a11d.fsb.txt	1962	606	サンタ	A11d_040_430_07_00	サンタ	/sound/voice/A11d_040_430_07_00_00.ogg	unique_exact_anchor	exact	selected	1	same
a12b.fsb.txt	46	8	淳平	A12b_010_040_02_10	淳平	/sound/voice/A12b_010_040_02_10_00.ogg	unique_exact_anchor	exact	selected	1	same
a12b.fsb.txt	48	9	サンタ	A12b_010_040_03_00	サンタ	/sound/voice/A12b_010_040_03_00_00.ogg	unique_exact_anchor	exact	selected	1	same
a12b.fsb.txt	50	10	紫	A12b_010_040_04_00	紫	/sound/voice/A12b_010_040_04_00_00.ogg	unique_exact_anchor	exact	selected	1	same
a12b.fsb.txt	52	11	八代	A12b_010_040_05_00	八代	/sound/voice/A12b_010_040_05_00_00.ogg	unique_exact_anchor	exact	selected	1	same
a12b.fsb.txt	71	15	サンタ	A12b_020_010_03_00	サンタ	/sound/voice/A12b_020_010_03_00_00.ogg	unique_exact_anchor	exact	selected	1	same
a12b.fsb.txt	83	17	紫	A12b_020_020_01_00	紫	/sound/voice/A12b_020_020_01_00_00.ogg	unique_exact_anchor	exact	selected	1	same
a12b.fsb.txt	85	18	サンタ	A12b_020_020_02_00	サンタ	/sound/voice/A12b_020_020_02_00_00.ogg	unique_exact_anchor	exact	selected	1	same
a12b.fsb.txt	87	19	サンタ	A12b_020_020_03_00	サンタ	/sound/voice/A12b_020_020_03_00_00.ogg	unique_exact_anchor	exact	selected	1	same
a12b.fsb.txt	89	20	淳平	A12b_020_020_04_00	淳平	/sound/voice/A12b_020_020_04_00_00.ogg	unique_exact_anchor	exact	selected	1	same
a12b.fsb.txt	91	21	サンタ	A12b_020_020_05_00	サンタ	/sound/voice/A12b_020_020_05_00_00.ogg	unique_exact_anchor	exact	selected	1	same
a12b.fsb.txt	106	24	八代	A12b_020_040_02_00	八代	/sound/voice/A12b_020_040_02_00_00.ogg	unique_exact_anchor	exact	selected	1	same
a12b.fsb.txt	108	25	淳平	A12b_020_040_03_00	淳平	/sound/voice/A12b_020_040_03_00_00.ogg	unique_exact_anchor	exact	selected	1	same
a12b.fsb.txt	118	26	淳平	A12b_020_050_01_00	淳平	/sound/voice/A12b_020_050_01_00_00.ogg	unique_exact_anchor	exact	selected	1	same
a12b.fsb.txt	139	30	八代	A12b_020_060_01_00	八代	/sound/voice/A12b_020_060_01_00_00.ogg	unique_exact_anchor	exact	selected	1	same
a12b.fsb.txt	141	31	サンタ	A12b_020_060_02_00	サンタ	/sound/voice/A12b_020_060_02_00_00.ogg	unique_exact_anchor	exact	selected	1	same
a12b.fsb.txt	143	32	淳平	A12b_020_060_03_00	淳平	/sound/voice/A12b_020_060_03_00_00.ogg	monotonic_tfidf	high	selected	1	same
a12b.fsb.txt	145	33	淳平	A12b_020_060_04_00	淳平	/sound/voice/A12b_020_060_04_00_00.ogg	unique_exact_anchor	exact	selected	1	same
a12b.fsb.txt	147	34	淳平	A12b_020_060_05_00	淳平	/sound/voice/A12b_020_060_05_00_00.ogg	unique_exact_anchor	exact	selected	1	same
a12b.fsb.txt	172	37	八代	A12b_020_080_02_00	八代	/sound/voice/A12b_020_080_02_00_00.ogg	unique_exact_anchor	exact	selected	1	same
a12b.fsb.txt	186	40	八代	A12b_020_090_01_00	八代	/sound/voice/A12b_020_090_01_00_00.ogg	unique_exact_anchor	exact	selected	1	same
a12b.fsb.txt	218	45	紫	A12b_020_120_01_00	紫	/sound/voice/A12b_020_120_01_00_00.ogg	unique_exact_anchor	exact	selected	1	same
a12b.fsb.txt	220	46	サンタ	A12b_020_120_02_00	サンタ	/sound/voice/A12b_020_120_02_00_00.ogg	unique_exact_anchor	exact	selected	1	same
a12b.fsb.txt	222	47	八代	A12b_020_120_03_00	八代	/sound/voice/A12b_020_120_03_00_00.ogg	unique_exact_anchor	exact	selected	1	same
a12b.fsb.txt	224	48	淳平	A12b_020_120_04_00	淳平	/sound/voice/A12b_020_120_04_00_00.ogg	unique_exact_anchor	exact	selected	1	same
a12b.fsb.txt	226	49	淳平	A12b_020_120_05_00	淳平	/sound/voice/A12b_020_120_05_00_00.ogg	unique_exact_anchor	exact	selected	1	same
a12b.fsb.txt	228	50	紫	A12b_020_120_06_00	紫	/sound/voice/A12b_020_120_06_00_00.ogg	unique_exact_anchor	exact	selected	1	same
a12d.fsb.txt	15	0	淳平	A12d_010_010_01_00	淳平	/sound/voice/A12d_010_010_01_00_00.ogg	unique_exact_anchor	exact	selected	1	same
a12d.fsb.txt	17	1	淳平	A12d_010_010_02_00	淳平	/sound/voice/A12d_010_010_02_00_00.ogg	unique_exact_anchor	exact	selected	1	same
a12d.fsb.txt	28	3	紫	A12d_010_020_01_00	紫	/sound/voice/A12d_010_020_01_00_00.ogg	unique_exact_anchor	exact	selected	1	same
a12d.fsb.txt	30	4	淳平	A12d_010_020_02_00	淳平	/sound/voice/A12d_010_020_02_00_00.ogg	unique_exact_anchor	exact	selected	1	same
a12d.fsb.txt	32	5	紫	A12d_010_020_03_00	紫	/sound/voice/A12d_010_020_03_00_00.ogg	unique_exact_anchor	exact	selected	1	same
a12d.fsb.txt	34	6	淳平	A12d_010_020_04_00	淳平	/sound/voice/A12d_010_020_04_00_00.ogg	unique_exact_anchor	exact	selected	1	same
a12d.fsb.txt	36	7	淳平	A12d_010_020_05_00	淳平	/sound/voice/A12d_010_020_05_00_00.ogg	unique_exact_anchor	exact	selected	1	same
a12d.fsb.txt	39	8	紫	A12d_010_021_01_00	紫	/sound/voice/A12d_010_021_01_00_00.ogg	unique_exact_anchor	exact	selected	1	same
a12d.fsb.txt	41	9	紫	A12d_010_021_02_00	紫	/sound/voice/A12d_010_021_02_00_00.ogg	unique_exact_anchor	exact	selected	1	same
a12d.fsb.txt	49	12	淳平	A12d_010_030_03_00	淳平	/sound/voice/A12d_010_030_03_00_00.ogg	unique_exact_anchor	exact	selected	1	same
a12d.fsb.txt	55	14	紫	A12d_010_040_01_00	紫	/sound/voice/A12d_010_040_01_00_00.ogg	unique_exact_anchor	exact	selected	1	same
a12d.fsb.txt	57	15	淳平	A12d_010_040_02_00	淳平	/sound/voice/A12d_010_040_02_00_00.ogg	unique_exact_anchor	exact	selected	1	same
a12d.fsb.txt	59	16	紫	A12d_010_040_03_00	紫	/sound/voice/A12d_010_040_03_00_00.ogg	monotonic_tfidf	exact	selected	1	same
a12d.fsb.txt	64	17	紫	A12d_010_040_04_00	紫	/sound/voice/A12d_010_040_04_00_00.ogg	unique_exact_anchor	exact	selected	1	same
a12d.fsb.txt	82	21	淳平	A12d_010_050_01_00	淳平	/sound/voice/A12d_010_050_01_00_00.ogg	unique_exact_anchor	exact	selected	1	same
a12d.fsb.txt	84	22	淳平	A12d_010_050_03_10	淳平	/sound/voice/A12d_010_050_03_10_00.ogg	unique_exact_anchor	exact	selected	1	same
a12d.fsb.txt	87	23	紫	A12d_010_060_01_00	紫	/sound/voice/A12d_010_060_01_00_00.ogg	unique_exact_anchor	exact	selected	1	same
a12d.fsb.txt	89	24	紫	A12d_010_060_02_00	紫	/sound/voice/A12d_010_060_02_00_00.ogg	unique_exact_anchor	exact	selected	1	same
a12d.fsb.txt	91	25	紫	A12d_010_060_03_00	紫	/sound/voice/A12d_010_060_03_00_00.ogg	unique_exact_anchor	exact	selected	1	same
a12d.fsb.txt	93	26	紫	A12d_010_060_04_00	紫	/sound/voice/A12d_010_060_04_00_00.ogg	unique_exact_anchor	exact	selected	1	same
a12d.fsb.txt	96	27	淳平	A12d_010_070_01_00	淳平	/sound/voice/A12d_010_070_01_00_00.ogg	unique_exact_anchor	exact	selected	1	same
a12d.fsb.txt	98	28	淳平	A12d_010_070_02_00	淳平	/sound/voice/A12d_010_070_02_00_00.ogg	unique_exact_anchor	exact	selected	1	same
a12d.fsb.txt	100	29	淳平	A12d_010_070_03_00	淳平	/sound/voice/A12d_010_070_03_00_00.ogg	unique_exact_anchor	exact	selected	1	same
a12d.fsb.txt	102	30	紫	A12d_010_070_04_00	紫	/sound/voice/A12d_010_070_04_00_00.ogg	unique_exact_anchor	exact	selected	1	same
a12d.fsb.txt	104	31	淳平	A12d_010_070_05_00	淳平	/sound/voice/A12d_010_070_05_00_00.ogg	unique_exact_anchor	exact	selected	1	same
a12d.fsb.txt	108	32	紫	A12d_010_080_01_00	紫	/sound/voice/A12d_010_080_01_00_00.ogg	unique_exact_anchor	exact	selected	1	same
a12d.fsb.txt	110	33	淳平	A12d_010_080_02_00	淳平	/sound/voice/A12d_010_080_02_00_00.ogg	unique_exact_anchor	exact	selected	1	same
a12d.fsb.txt	112	34	淳平	A12d_010_080_03_00	淳平	/sound/voice/A12d_010_080_03_00_00.ogg	unique_exact_anchor	exact	selected	1	same
a12d.fsb.txt	114	35	紫	A12d_010_080_04_00	紫	/sound/voice/A12d_010_080_04_00_00.ogg	unique_exact_anchor	exact	selected	1	same
a12d.fsb.txt	117	36	淳平	A12d_010_090_01_00	淳平	/sound/voice/A12d_010_090_01_00_00.ogg	unique_exact_anchor	exact	selected	1	same
a12d.fsb.txt	119	37	淳平	A12d_010_090_02_00	淳平	/sound/voice/A12d_010_090_02_00_00.ogg	unique_exact_anchor	exact	selected	1	same
a12d.fsb.txt	121	38	淳平	A12d_010_090_03_00	淳平	/sound/voice/A12d_010_090_03_00_00.ogg	unique_exact_anchor	exact	selected	1	same
a12d.fsb.txt	123	39	淳平	A12d_010_090_04_00	淳平	/sound/voice/A12d_010_090_04_00_00.ogg	unique_exact_anchor	exact	selected	1	same
a12d.fsb.txt	125	40	淳平	A12d_010_090_05_00	淳平	/sound/voice/A12d_010_090_05_00_00.ogg	unique_exact_anchor	exact	selected	1	same
a12d.fsb.txt	132	42	紫	A12d_010_100_02_00	紫	/sound/voice/A12d_010_100_02_00_00.ogg	unique_exact_anchor	exact	selected	1	same
a12d.fsb.txt	134	43	淳平	A12d_010_100_03_00	淳平	/sound/voice/A12d_010_100_03_00_00.ogg	unique_exact_anchor	exact	selected	1	same
a12d.fsb.txt	136	44	淳平	A12d_010_100_04_00	淳平	/sound/voice/A12d_010_100_04_00_00.ogg	unique_exact_anchor	exact	selected	1	same
a12d.fsb.txt	148	48	紫	A12d_010_120_01_00	紫	/sound/voice/A12d_010_120_01_00_00.ogg	unique_exact_anchor	exact	selected	1	same
a12d.fsb.txt	150	49	紫	A12d_010_120_02_00	紫	/sound/voice/A12d_010_120_02_00_00.ogg	unique_exact_anchor	exact	selected	1	same
a12d.fsb.txt	152	50	淳平	A12d_010_120_03_00	淳平	/sound/voice/A12d_010_120_03_00_00.ogg	unique_exact_anchor	exact	selected	1	same
a12d.fsb.txt	154	51	紫	A12d_010_120_04_00	紫	/sound/voice/A12d_010_120_04_00_00.ogg	extended_same_speaker	high	selected	1	same
a12d.fsb.txt	160	52	淳平	A12d_010_130_01_00	淳平	/sound/voice/A12d_010_130_01_00_00.ogg	unique_exact_anchor	exact	selected	1	same
a12d.fsb.txt	162	53	紫	A12d_010_130_02_00	紫	/sound/voice/A12d_010_130_02_00_00.ogg	unique_exact_anchor	exact	selected	1	same
a12d.fsb.txt	164	54	紫	A12d_010_130_03_00	紫	/sound/voice/A12d_010_130_03_00_00.ogg	unique_exact_anchor	exact	selected	1	same
a12d.fsb.txt	166	55	紫	A12d_010_130_04_00	紫	/sound/voice/A12d_010_130_04_00_00.ogg	unique_exact_anchor	exact	selected	1	same
a12d.fsb.txt	168	56	紫	A12d_010_130_05_00	紫	/sound/voice/A12d_010_130_05_00_00.ogg	unique_exact_anchor	exact	selected	1	same
a12d.fsb.txt	170	57	紫	A12d_010_130_06_00	紫	/sound/voice/A12d_010_130_06_00_00.ogg	unique_exact_anchor	exact	selected	1	same
a12d.fsb.txt	173	58	紫	A12d_010_140_01_00	紫	/sound/voice/A12d_010_140_01_00_00.ogg	unique_exact_anchor	exact	selected	1	same
a12d.fsb.txt	176	59	紫	A12d_010_140_02_00	紫	/sound/voice/A12d_010_140_02_00_00.ogg	unique_exact_anchor	exact	selected	1	same
a12d.fsb.txt	178	60	紫	A12d_010_140_03_00	紫	/sound/voice/A12d_010_140_03_00_00.ogg	unique_exact_anchor	exact	selected	1	same
a12d.fsb.txt	180	61	紫	A12d_010_140_04_00	紫	/sound/voice/A12d_010_140_04_00_00.ogg	unique_exact_anchor	exact	selected	1	same
a12d.fsb.txt	183	62	紫	A12d_010_150_01_00	紫	/sound/voice/A12d_010_150_01_00_00.ogg	unique_exact_anchor	exact	selected	1	same
a12d.fsb.txt	185	63	紫	A12d_010_150_02_00	紫	/sound/voice/A12d_010_150_02_00_00.ogg	unique_exact_anchor	exact	selected	1	same
a12d.fsb.txt	187	64	紫	A12d_010_150_03_00	紫	/sound/voice/A12d_010_150_03_00_00.ogg	unique_exact_anchor	exact	selected	1	same
a12d.fsb.txt	189	65	紫	A12d_010_150_04_00	紫	/sound/voice/A12d_010_150_04_00_00.ogg	unique_exact_anchor	exact	selected	1	same
a12d.fsb.txt	196	68	紫	A12d_010_160_03_10	紫	/sound/voice/A12d_010_160_03_10_00.ogg	monotonic_tfidf	high	selected	1	same
a12d.fsb.txt	200	69	紫	A12d_010_170_01_00	紫	/sound/voice/A12d_010_170_01_00_00.ogg	unique_exact_anchor	exact	selected	1	same
a12d.fsb.txt	202	70	紫	A12d_010_170_02_00	紫	/sound/voice/A12d_010_170_02_00_00.ogg	unique_exact_anchor	exact	selected	1	same
a12d.fsb.txt	204	71	紫	A12d_010_170_03_00	紫	/sound/voice/A12d_010_170_03_00_00.ogg	unique_exact_anchor	exact	selected	1	same
a12d.fsb.txt	207	72	紫	A12d_010_171_01_00	紫	/sound/voice/A12d_010_171_01_00_00.ogg	unique_exact_anchor	exact	selected	1	same
a12d.fsb.txt	209	73	紫	A12d_010_171_02_00	紫	/sound/voice/A12d_010_171_02_00_00.ogg	unique_exact_anchor	exact	selected	1	same
a12d.fsb.txt	211	74	淳平	A12d_010_171_03_00	淳平	/sound/voice/A12d_010_171_03_00_00.ogg	unique_exact_anchor	exact	selected	1	same
a12d.fsb.txt	213	75	淳平	A12d_010_171_04_00	淳平	/sound/voice/A12d_010_171_04_00_00.ogg	unique_exact_anchor	exact	selected	1	same
a12d.fsb.txt	216	76	紫	A12d_010_180_01_00	紫	/sound/voice/A12d_010_180_01_00_00.ogg	unique_exact_anchor	exact	selected	1	same
a12d.fsb.txt	218	77	淳平	A12d_010_180_02_00	淳平	/sound/voice/A12d_010_180_02_00_00.ogg	monotonic_tfidf	exact	selected	1	same
a12d.fsb.txt	220	78	紫	A12d_010_180_03_00	紫	/sound/voice/A12d_010_180_03_00_00.ogg	unique_exact_anchor	exact	selected	1	same
a12d.fsb.txt	222	79	紫	A12d_010_180_04_00	紫	/sound/voice/A12d_010_180_04_00_00.ogg	unique_exact_anchor	exact	selected	1	same
a12d.fsb.txt	225	80	淳平	A12d_010_190_01_00	淳平	/sound/voice/A12d_010_190_01_00_00.ogg	unique_exact_anchor	exact	selected	1	same
a12d.fsb.txt	231	83	紫	A12d_010_190_04_00	紫	/sound/voice/A12d_010_190_04_00_00.ogg	unique_exact_anchor	exact	selected	1	same
a12d.fsb.txt	233	84	淳平	A12d_010_190_05_00	淳平	/sound/voice/A12d_010_190_05_00_00.ogg	unique_exact_anchor	exact	selected	1	same
a12d.fsb.txt	267	89	紫	A12d_010_200_01_00	紫	/sound/voice/A12d_010_200_01_00_00.ogg	unique_exact_anchor	exact	selected	1	same
a12d.fsb.txt	269	90	淳平	A12d_010_200_02_00	淳平	/sound/voice/A12d_010_200_02_00_00.ogg	unique_exact_anchor	exact	selected	1	same
a12d.fsb.txt	274	91	淳平	A12d_010_210_01_00	淳平	/sound/voice/A12d_010_210_01_00_00.ogg	monotonic_tfidf	high	selected	1	same
a12d.fsb.txt	276	92	淳平	A12d_010_210_02_00	淳平	/sound/voice/A12d_010_210_02_00_00.ogg	unique_exact_anchor	exact	selected	1	same
a12d.fsb.txt	288	97	紫	A12d_010_220_05_00	紫	/sound/voice/A12d_010_220_05_00_00.ogg	unique_exact_anchor	exact	selected	1	same
a12d.fsb.txt	291	98	淳平	A12d_010_230_01_00	淳平	/sound/voice/A12d_010_230_01_00_00.ogg	unique_exact_anchor	exact	selected	1	same
a12d.fsb.txt	293	99	紫	A12d_010_230_02_00	紫	/sound/voice/A12d_010_230_02_00_00.ogg	unique_exact_anchor	exact	selected	1	same
a12d.fsb.txt	295	100	紫	A12d_010_230_03_00	紫	/sound/voice/A12d_010_230_03_00_00.ogg	unique_exact_anchor	exact	selected	1	same
a12d.fsb.txt	301	103	淳平	A12d_010_230_06_00	淳平	/sound/voice/A12d_010_230_06_00_00.ogg	unique_exact_anchor	exact	selected	1	same
a12d.fsb.txt	304	104	紫	A12d_010_240_01_00	紫	/sound/voice/A12d_010_240_01_00_00.ogg	unique_exact_anchor	exact	selected	1	same
a12d.fsb.txt	306	105	紫	A12d_010_240_02_00	紫	/sound/voice/A12d_010_240_02_00_00.ogg	monotonic_tfidf	high	selected	1	same
a12d.fsb.txt	308	106	紫	A12d_010_240_03_00	紫	/sound/voice/A12d_010_240_03_00_00.ogg	unique_exact_anchor	exact	selected	1	same
a12d.fsb.txt	325	112	淳平	A12d_010_250_04_00	淳平	/sound/voice/A12d_010_250_04_00_00.ogg	unique_exact_anchor	exact	selected	1	same
a12d.fsb.txt	328	113	紫	A12d_010_250_05_00	紫	/sound/voice/A12d_010_250_05_00_00.ogg	unique_exact_anchor	exact	selected	1	same
a12d.fsb.txt	358	119	淳平	A12d_020_020_01_00	淳平	/sound/voice/A12d_020_020_01_00_00.ogg	unique_exact_anchor	exact	selected	1	same
a12d.fsb.txt	360	120	淳平	A12d_020_020_02_00	淳平	/sound/voice/A12d_020_020_02_00_00.ogg	unique_exact_anchor	exact	selected	1	same
a12d.fsb.txt	363	121	サンタ	A12d_020_020_03_00	サンタ	/sound/voice/A12d_020_020_03_00_00.ogg	unique_exact_anchor	exact	selected	1	same
a12d.fsb.txt	365	122	サンタ	A12d_020_020_04_00	サンタ	/sound/voice/A12d_020_020_04_00_00.ogg	unique_exact_anchor	exact	selected	1	same
a12d.fsb.txt	385	127	八代	A12d_020_030_05_00	八代	/sound/voice/A12d_020_030_05_00_00.ogg	unique_exact_anchor	exact	selected	1	same
a12d.fsb.txt	388	128	八代	A12d_020_040_01_00	八代	/sound/voice/A12d_020_040_01_00_00.ogg	unique_exact_anchor	exact	selected	1	same
a12d.fsb.txt	390	129	八代	A12d_020_040_02_00	八代	/sound/voice/A12d_020_040_02_00_00.ogg	unique_exact_anchor	exact	selected	1	same
a12d.fsb.txt	401	132	紫	A12d_020_050_02_00	紫	/sound/voice/A12d_020_050_02_00_00.ogg	unique_exact_anchor	exact	selected	1	same
a12d.fsb.txt	409	135	淳平	A12d_020_060_01_00	淳平	/sound/voice/A12d_020_060_01_00_00.ogg	unique_exact_anchor	exact	selected	1	same
a12d.fsb.txt	411	136	淳平	A12d_020_060_02_00	淳平	/sound/voice/A12d_020_060_02_00_00.ogg	unique_exact_anchor	exact	selected	1	same
a12d.fsb.txt	414	137	紫	A12d_020_060_03_00	紫	/sound/voice/A12d_020_060_03_00_00.ogg	unique_exact_anchor	exact	selected	1	same
a12d.fsb.txt	416	138	紫	A12d_020_060_04_00	紫	/sound/voice/A12d_020_060_04_00_00.ogg	unique_exact_anchor	exact	selected	1	same
a12d.fsb.txt	418	139	淳平	A12d_020_060_05_00	淳平	/sound/voice/A12d_020_060_05_00_00.ogg	unique_exact_anchor	exact	selected	1	same
a12d.fsb.txt	468	149	淳平	A12d_020_100_03_00	淳平	/sound/voice/A12d_020_100_03_00_00.ogg	unique_exact_anchor	exact	selected	1	same
a12d.fsb.txt	520	155	サンタ	A12d_020_130_01_00	サンタ	/sound/voice/A12d_020_130_01_00_00.ogg	unique_exact_anchor	exact	selected	1	same
a12d.fsb.txt	552	157	八代	A12d_020_140_01_00	八代	/sound/voice/A12d_020_140_01_00_00.ogg	unique_exact_anchor	exact	selected	1	same
a12d.fsb.txt	554	158	サンタ	A12d_020_140_02_00	サンタ	/sound/voice/A12d_020_140_02_00_00.ogg	unique_exact_anchor	exact	selected	1	same
a12d.fsb.txt	556	159	サンタ	A12d_020_140_03_00	サンタ	/sound/voice/A12d_020_140_03_00_00.ogg	unique_exact_anchor	exact	selected	1	same
a12d.fsb.txt	558	160	八代	A12d_020_140_04_00	八代	/sound/voice/A12d_020_140_04_00_00.ogg	unique_exact_anchor	exact	selected	1	same
a12d.fsb.txt	560	161	八代	A12d_020_140_05_00	八代	/sound/voice/A12d_020_140_05_00_00.ogg	unique_exact_anchor	exact	selected	1	same
a12d.fsb.txt	573	165	八代	A12d_020_150_03_00	八代	/sound/voice/A12d_020_150_03_00_00.ogg	unique_exact_anchor	exact	selected	1	same
a12d.fsb.txt	575	166	八代	A12d_020_150_04_00	八代	/sound/voice/A12d_020_150_04_00_00.ogg	unique_exact_anchor	exact	selected	1	same
a12d.fsb.txt	594	170	サンタ	A12d_020_160_04_00	サンタ	/sound/voice/A12d_020_160_04_00_00.ogg	unique_exact_anchor	exact	selected	1	same
a12d.fsb.txt	606	175	淳平	A12d_020_170_04_00	淳平	/sound/voice/A12d_020_170_04_00_00.ogg	unique_exact_anchor	exact	selected	1	same
a12d.fsb.txt	608	176	淳平	A12d_020_170_05_00	淳平	/sound/voice/A12d_020_170_05_00_00.ogg	unique_exact_anchor	exact	selected	1	same
a12d.fsb.txt	611	177	紫	A12d_020_180_01_00	紫	/sound/voice/A12d_020_180_01_00_00.ogg	unique_exact_anchor	exact	selected	1	same
a12d.fsb.txt	613	178	紫	A12d_020_180_02_00	紫	/sound/voice/A12d_020_180_02_00_00.ogg	unique_exact_anchor	exact	selected	1	same
a12d.fsb.txt	615	179	サンタ	A12d_020_180_03_00	サンタ	/sound/voice/A12d_020_180_03_00_00.ogg	unique_exact_anchor	exact	selected	1	same
a12d.fsb.txt	617	180	サンタ	A12d_020_180_04_00	サンタ	/sound/voice/A12d_020_180_04_00_00.ogg	unique_exact_anchor	exact	selected	1	same
a12d.fsb.txt	619	181	淳平	A12d_020_180_05_00	淳平	/sound/voice/A12d_020_180_05_00_00.ogg	unique_exact_anchor	exact	selected	1	same
a12d.fsb.txt	644	184	サンタ	A12d_030_020_01_00	サンタ	/sound/voice/A12d_030_020_01_00_00.ogg	unique_exact_anchor	exact	selected	1	same
a12d.fsb.txt	646	185	淳平	A12d_030_020_02_00	淳平	/sound/voice/A12d_030_020_02_00_00.ogg	unique_exact_anchor	exact	selected	1	same
a12d.fsb.txt	648	186	サンタ	A12d_030_020_03_00	サンタ	/sound/voice/A12d_030_020_03_00_00.ogg	unique_exact_anchor	exact	selected	1	same
a12d.fsb.txt	650	187	淳平	A12d_030_020_04_00	淳平	/sound/voice/A12d_030_020_04_00_00.ogg	unique_exact_anchor	exact	selected	1	same
a12d.fsb.txt	652	188	サンタ	A12d_030_020_05_00	サンタ	/sound/voice/A12d_030_020_05_00_00.ogg	unique_exact_anchor	exact	selected	1	same
a12d.fsb.txt	664	190	紫	A12d_030_030_02_00	紫	/sound/voice/A12d_030_030_02_00_00.ogg	unique_exact_anchor	exact	selected	1	same
a12d.fsb.txt	666	191	紫	A12d_030_030_03_00	紫	/sound/voice/A12d_030_030_03_00_00.ogg	unique_exact_anchor	exact	selected	1	same
a12d.fsb.txt	671	193	淳平	A12d_030_030_05_00	淳平	/sound/voice/A12d_030_030_05_00_00.ogg	unique_exact_anchor	exact	selected	1	same
a12d.fsb.txt	675	194	紫	A12d_030_040_01_00	紫	/sound/voice/A12d_030_040_01_00_00.ogg	unique_exact_anchor	exact	selected	1	same
a12d.fsb.txt	677	195	淳平	A12d_030_040_02_00	淳平	/sound/voice/A12d_030_040_02_00_00.ogg	unique_exact_anchor	exact	selected	1	same
a12d.fsb.txt	679	196	紫	A12d_030_040_03_00	紫	/sound/voice/A12d_030_040_03_00_00.ogg	unique_exact_anchor	exact	selected	1	same
a12d.fsb.txt	681	197	淳平	A12d_030_040_04_00	淳平	/sound/voice/A12d_030_040_04_00_00.ogg	unique_exact_anchor	exact	selected	1	same
a12d.fsb.txt	683	198	紫	A12d_030_040_05_00	紫	/sound/voice/A12d_030_040_05_00_00.ogg	unique_exact_anchor	exact	selected	1	same
a12d.fsb.txt	685	199	淳平	A12d_030_040_06_00	淳平	/sound/voice/A12d_030_040_06_00_00.ogg	unique_exact_anchor	exact	selected	1	same
a12d.fsb.txt	692	201	サンタ	A12d_030_050_01_00	サンタ	/sound/voice/A12d_030_050_01_00_00.ogg	unique_exact_anchor	exact	selected	1	same
a12d.fsb.txt	694	202	サンタ	A12d_030_050_02_00	サンタ	/sound/voice/A12d_030_050_02_00_00.ogg	unique_exact_anchor	exact	selected	1	same
a12d.fsb.txt	722	209	淳平	A12d_030_060_02_00	淳平	/sound/voice/A12d_030_060_02_00_00.ogg	unique_exact_anchor	exact	selected	1	same
a12d.fsb.txt	724	210	淳平	A12d_030_060_03_00	淳平	/sound/voice/A12d_030_060_03_00_00.ogg	unique_exact_anchor	exact	selected	1	same
a12d.fsb.txt	733	213	紫	A12d_030_070_02_00	紫	/sound/voice/A12d_030_070_02_00_00.ogg	monotonic_tfidf	review	selected	1	same
a12d.fsb.txt	735	214	淳平	A12d_030_070_03_00	淳平	/sound/voice/A12d_030_070_03_00_00.ogg	unique_exact_anchor	exact	selected	1	same
a12d.fsb.txt	738	215	紫	A12d_030_080_01_00	紫	/sound/voice/A12d_030_080_01_00_00.ogg	unique_exact_anchor	exact	selected	1	same
a12d.fsb.txt	740	216	淳平	A12d_030_080_02_00	淳平	/sound/voice/A12d_030_080_02_00_00.ogg	unique_exact_anchor	exact	selected	1	same
a12d.fsb.txt	742	217	紫	A12d_030_080_03_00	紫	/sound/voice/A12d_030_080_03_00_00.ogg	unique_exact_anchor	exact	selected	1	same
a12d.fsb.txt	744	218	サンタ	A12d_030_080_04_00	サンタ	/sound/voice/A12d_030_080_04_00_00.ogg	unique_exact_anchor	exact	selected	1	same
a12d.fsb.txt	746	219	サンタ	A12d_030_080_05_00	サンタ	/sound/voice/A12d_030_080_05_00_00.ogg	monotonic_tfidf	exact	selected	1	same
a12d.fsb.txt	748	220	サンタ	A12d_030_080_06_00	サンタ	/sound/voice/A12d_030_080_06_00_00.ogg	monotonic_tfidf	exact	selected	1	same
a12d.fsb.txt	750	221	サンタ	A12d_030_080_07_00	サンタ	/sound/voice/A12d_030_080_07_00_00.ogg	unique_exact_anchor	exact	selected	1	same
a12d.fsb.txt	753	222	淳平	A12d_030_090_01_00	淳平	/sound/voice/A12d_030_090_01_00_00.ogg	unique_exact_anchor	exact	selected	1	same
a12d.fsb.txt	755	223	淳平	A12d_030_090_02_00	淳平	/sound/voice/A12d_030_090_02_00_00.ogg	unique_exact_anchor	exact	selected	1	same
a12d.fsb.txt	757	224	淳平	A12d_030_090_03_00	淳平	/sound/voice/A12d_030_090_03_00_00.ogg	unique_exact_anchor	exact	selected	1	same
a12d.fsb.txt	763	226	淳平	A12d_030_100_02_00	淳平	/sound/voice/A12d_030_100_02_00_00.ogg	unique_exact_anchor	exact	selected	1	same
a12d.fsb.txt	765	227	淳平	A12d_030_100_03_00	淳平	/sound/voice/A12d_030_100_03_00_00.ogg	unique_exact_anchor	exact	selected	1	same
a12d.fsb.txt	779	230	紫	A12d_030_110_02_00	紫	/sound/voice/A12d_030_110_02_00_00.ogg	monotonic_tfidf	exact	selected	1	same
a12d.fsb.txt	788	232	紫	A12d_030_120_01_00	紫	/sound/voice/A12d_030_120_01_00_00.ogg	monotonic_tfidf	exact	selected	1	same
a12d.fsb.txt	790	233	紫	A12d_030_120_02_00	紫	/sound/voice/A12d_030_120_02_00_00.ogg	monotonic_tfidf	exact	selected	1	same
a12d.fsb.txt	798	234	サンタ	A12d_030_120_03_00	サンタ	/sound/voice/A12d_030_120_03_00_00.ogg	monotonic_tfidf	medium	selected	1	same
a12d.fsb.txt	800	235	サンタ	A12d_030_120_04_00	サンタ	/sound/voice/A12d_030_120_04_00_00.ogg	monotonic_tfidf	exact	selected	1	same
a12d.fsb.txt	802	236	紫	A12d_030_120_05_00	紫	/sound/voice/A12d_030_120_05_00_00.ogg	monotonic_tfidf	exact	selected	1	same
a12d.fsb.txt	860	249	紫	A12d_030_160_03_00	紫	/sound/voice/A12d_030_160_03_00_00.ogg	monotonic_tfidf	exact	selected	1	same
a12d.fsb.txt	862	250	紫	A12d_030_160_04_00	紫	/sound/voice/A12d_030_160_04_00_00.ogg	monotonic_tfidf	exact	selected	1	same
a12d.fsb.txt	864	251	紫	A12d_030_160_05_00	紫	/sound/voice/A12d_030_160_05_00_00.ogg	unique_exact_anchor	exact	selected	1	same
a12d.fsb.txt	866	252	サンタ	A12d_030_160_06_00	サンタ	/sound/voice/A12d_030_160_06_00_00.ogg	unique_exact_anchor	exact	selected	1	same
a12d.fsb.txt	869	253	紫	A12d_030_170_01_00	紫	/sound/voice/A12d_030_170_01_00_00.ogg	monotonic_tfidf	high	selected	1	same
a12d.fsb.txt	871	254	サンタ	A12d_030_170_02_00	サンタ	/sound/voice/A12d_030_170_02_00_00.ogg	unique_exact_anchor	exact	selected	1	same
a12d.fsb.txt	873	255	サンタ	A12d_030_170_03_00	サンタ	/sound/voice/A12d_030_170_03_00_00.ogg	monotonic_tfidf	exact	selected	1	same
a12d.fsb.txt	875	256	サンタ	A12d_030_170_04_00	サンタ	/sound/voice/A12d_030_170_04_00_00.ogg	monotonic_tfidf	exact	selected	1	same
a12d.fsb.txt	881	258	紫	A12d_030_180_02_00	紫	/sound/voice/A12d_030_180_02_00_00.ogg	monotonic_tfidf	exact	selected	1	same
a12d.fsb.txt	883	259	淳平	A12d_030_180_03_00	淳平	/sound/voice/A12d_030_180_03_00_00.ogg	monotonic_tfidf	exact	selected	1	same
a12d.fsb.txt	885	260	サンタ	A12d_030_180_04_00	サンタ	/sound/voice/A12d_030_180_04_00_00.ogg	unique_exact_anchor	exact	selected	1	same
a12d.fsb.txt	888	261	紫	A12d_030_181_01_00	紫	/sound/voice/A12d_030_181_01_00_00.ogg	monotonic_tfidf	exact	selected	1	same
a12d.fsb.txt	890	262	紫	A12d_030_181_02_00	紫	/sound/voice/A12d_030_181_02_00_00.ogg	monotonic_tfidf	exact	selected	1	same
a12d.fsb.txt	892	263	淳平	A12d_030_181_03_00	淳平	/sound/voice/A12d_030_181_03_00_00.ogg	unique_exact_anchor	exact	selected	1	same
a12d.fsb.txt	894	264	サンタ	A12d_030_181_04_00	サンタ	/sound/voice/A12d_030_181_04_00_00.ogg	monotonic_tfidf	exact	selected	1	same
a12d.fsb.txt	896	265	紫	A12d_030_181_05_00	紫	/sound/voice/A12d_030_181_05_00_00.ogg	monotonic_tfidf	exact	selected	1	same
a12d.fsb.txt	922	270	淳平	A12d_030_200_01_00	淳平	/sound/voice/A12d_030_200_01_00_00.ogg	unique_exact_anchor	exact	selected	1	same
a12d.fsb.txt	924	271	紫	A12d_030_200_02_00	紫	/sound/voice/A12d_030_200_02_00_00.ogg	monotonic_tfidf	high	selected	1	same
a12d.fsb.txt	926	272	サンタ	A12d_030_200_03_00	サンタ	/sound/voice/A12d_030_200_03_00_00.ogg	monotonic_tfidf	review	selected	1	same
a12d.fsb.txt	931	273	紫	A12d_030_210_01_00	紫	/sound/voice/A12d_030_210_01_00_00.ogg	unique_exact_anchor	exact	selected	1	same
a12d.fsb.txt	933	274	紫	A12d_030_210_02_00	紫	/sound/voice/A12d_030_210_02_00_00.ogg	unique_exact_anchor	exact	selected	1	same
a12d.fsb.txt	935	275	淳平	A12d_030_210_03_00	淳平	/sound/voice/A12d_030_210_03_00_00.ogg	unique_exact_anchor	exact	selected	1	same
a12d.fsb.txt	937	276	淳平	A12d_030_210_04_00	淳平	/sound/voice/A12d_030_210_04_00_00.ogg	unique_exact_anchor	exact	selected	1	same
a12d.fsb.txt	940	277	紫	A12d_030_220_01_00	紫	/sound/voice/A12d_030_220_01_00_00.ogg	unique_exact_anchor	exact	selected	1	same
a12d.fsb.txt	942	278	紫	A12d_030_220_02_00	紫	/sound/voice/A12d_030_220_02_00_00.ogg	unique_exact_anchor	exact	selected	1	same
a12d.fsb.txt	944	279	紫	A12d_030_220_03_00	紫	/sound/voice/A12d_030_220_03_00_00.ogg	unique_exact_anchor	exact	selected	1	same
a12d.fsb.txt	946	280	紫	A12d_030_220_04_00	紫	/sound/voice/A12d_030_220_04_00_00.ogg	unique_exact_anchor	exact	selected	1	same
a12d.fsb.txt	948	281	紫	A12d_030_220_05_00	紫	/sound/voice/A12d_030_220_05_00_00.ogg	unique_exact_anchor	exact	selected	1	same
a12d.fsb.txt	951	282	淳平	A12d_030_230_01_00	淳平	/sound/voice/A12d_030_230_01_00_00.ogg	unique_exact_anchor	exact	selected	1	same
a12d.fsb.txt	953	283	紫	A12d_030_230_02_00	紫	/sound/voice/A12d_030_230_02_00_00.ogg	monotonic_tfidf	exact	selected	1	same
a12d.fsb.txt	959	285	紫	A12d_030_240_01_00	紫	/sound/voice/A12d_030_240_01_00_00.ogg	unique_exact_anchor	exact	selected	1	same
a12d.fsb.txt	961	286	紫	A12d_030_240_02_00	紫	/sound/voice/A12d_030_240_02_00_00.ogg	monotonic_tfidf	high	selected	1	same
a12d.fsb.txt	963	287	紫	A12d_030_240_04_00	紫	/sound/voice/A12d_030_240_04_00_00.ogg	unique_exact_anchor	exact	selected	1	same
a12d.fsb.txt	965	288	紫	A12d_030_240_05_00	紫	/sound/voice/A12d_030_240_05_00_00.ogg	unique_exact_anchor	exact	selected	1	same
a12d.fsb.txt	1006	299	紫	A12d_030_290_01_00	紫	/sound/voice/A12d_030_290_01_00_00.ogg	unique_exact_anchor	exact	selected	1	same
a12d.fsb.txt	1008	300	紫	A12d_030_290_02_00	紫	/sound/voice/A12d_030_290_02_00_00.ogg	unique_exact_anchor	exact	selected	1	same
a12d.fsb.txt	1010	301	紫	A12d_030_290_03_00	紫	/sound/voice/A12d_030_290_03_00_00.ogg	unique_exact_anchor	exact	selected	1	same
a12d.fsb.txt	1036	308	淳平	A12d_030_300_03_00	淳平	/sound/voice/A12d_030_300_03_00_00.ogg	unique_exact_anchor	exact	selected	1	same
a12d.fsb.txt	1038	309	淳平	A12d_030_300_04_00	淳平	/sound/voice/A12d_030_300_04_00_00.ogg	monotonic_tfidf	exact	selected	1	same
a12d.fsb.txt	1063	317	淳平	A12d_030_330_02_00	淳平	/sound/voice/A12d_030_330_02_00_00.ogg	monotonic_tfidf	exact	selected	1	same
a12d.fsb.txt	1076	319	サンタ	A12d_030_340_01_00	サンタ	/sound/voice/A12d_030_340_01_00_00.ogg	unique_exact_anchor	exact	selected	1	same
a12d.fsb.txt	1078	320	淳平	A12d_030_340_02_00	淳平	/sound/voice/A12d_030_340_02_00_00.ogg	unique_exact_anchor	exact	selected	1	same
a12d.fsb.txt	1080	321	淳平	A12d_030_340_03_00	淳平	/sound/voice/A12d_030_340_03_00_00.ogg	unique_exact_anchor	exact	selected	1	same
a12d.fsb.txt	1082	322	淳平	A12d_030_340_04_00	淳平	/sound/voice/A12d_030_340_04_00_00.ogg	unique_exact_anchor	exact	selected	1	same
a12d.fsb.txt	1084	323	サンタ	A12d_030_340_05_00	サンタ	/sound/voice/A12d_030_340_05_00_00.ogg	unique_exact_anchor	exact	selected	1	same
a12d.fsb.txt	1090	325	サンタ	A12d_030_350_03_00	サンタ	/sound/voice/A12d_030_350_03_00_00.ogg	unique_exact_anchor	exact	selected	1	same
a12d.fsb.txt	1100	328	サンタ	A12d_030_360_01_00	サンタ	/sound/voice/A12d_030_360_01_00_00.ogg	unique_exact_anchor	exact	selected	1	same
a12d.fsb.txt	1102	329	サンタ	A12d_030_360_02_00	サンタ	/sound/voice/A12d_030_360_02_00_00.ogg	monotonic_tfidf	high	selected	1	same
a12d.fsb.txt	1104	330	サンタ	A12d_030_360_03_00	サンタ	/sound/voice/A12d_030_360_03_00_00.ogg	unique_exact_anchor	exact	selected	1	same
a12d.fsb.txt	1107	331	サンタ	A12d_030_361_01_00	サンタ	/sound/voice/A12d_030_361_01_00_00.ogg	unique_exact_anchor	exact	selected	1	same
a12d.fsb.txt	1109	332	サンタ	A12d_030_361_02_00	サンタ	/sound/voice/A12d_030_361_02_00_00.ogg	unique_exact_anchor	exact	selected	1	same
a12d.fsb.txt	1111	333	サンタ	A12d_030_361_03_00	サンタ	/sound/voice/A12d_030_361_03_00_00.ogg	unique_exact_anchor	exact	selected	1	same
a12d.fsb.txt	1156	342	淳平	A12d_040_020_01_10	淳平	/sound/voice/A12d_040_020_01_10_00.ogg	unique_exact_anchor	exact	selected	1	same
a12d.fsb.txt	1158	343	淳平	A12d_040_020_02_00	淳平	/sound/voice/A12d_040_020_02_00_00.ogg	unique_exact_anchor	exact	selected	1	same
a12d.fsb.txt	1162	344	サンタ	A12d_040_030_01_00	サンタ	/sound/voice/A12d_040_030_01_00_00.ogg	unique_exact_anchor	exact	selected	1	same
a12d.fsb.txt	1164	345	サンタ	A12d_040_030_02_00	サンタ	/sound/voice/A12d_040_030_02_00_00.ogg	unique_exact_anchor	exact	selected	1	same
a12d.fsb.txt	1166	346	サンタ	A12d_040_030_03_00	サンタ	/sound/voice/A12d_040_030_03_00_00.ogg	unique_exact_anchor	exact	selected	1	same
a12d.fsb.txt	1168	347	淳平	A12d_040_030_04_00	淳平	/sound/voice/A12d_040_030_04_00_00.ogg	unique_exact_anchor	exact	selected	1	same
a12d.fsb.txt	1180	350	淳平	A12d_040_040_02_00	淳平	/sound/voice/A12d_040_040_02_00_00.ogg	unique_exact_anchor	exact	selected	1	same
a12d.fsb.txt	1191	354	淳平	A12d_040_050_04_00	淳平	/sound/voice/A12d_040_050_04_00_00.ogg	unique_exact_anchor	exact	selected	1	same
a12d.fsb.txt	1201	356	サンタ	A12d_040_060_02_00	サンタ	/sound/voice/A12d_040_060_02_00_00.ogg	unique_exact_anchor	exact	selected	1	same
a12d.fsb.txt	1203	357	紫	A12d_040_060_03_00	紫	/sound/voice/A12d_040_060_03_00_00.ogg	unique_exact_anchor	exact	selected	1	same
a12d.fsb.txt	1215	360	淳平	A12d_040_061_02_00	淳平	/sound/voice/A12d_040_061_02_00_00.ogg	unique_exact_anchor	exact	selected	1	same
a12d.fsb.txt	1217	361	淳平	A12d_040_061_03_00	淳平	/sound/voice/A12d_040_061_03_00_00.ogg	unique_exact_anchor	exact	selected	1	same
a12d.fsb.txt	1260	366	淳平	A12d_040_070_01_00	淳平	/sound/voice/A12d_040_070_01_00_00.ogg	unique_exact_anchor	exact	selected	1	same
a12d.fsb.txt	1279	371	淳平	A12d_040_090_01_00	淳平	/sound/voice/A12d_040_090_01_00_00.ogg	monotonic_tfidf	review	selected	1	same
a12d.fsb.txt	1281	372	淳平	A12d_040_090_02_00	淳平	/sound/voice/A12d_040_090_02_00_00.ogg	monotonic_tfidf	exact	selected	1	same
a12d.fsb.txt	1283	373	淳平	A12d_040_090_03_00	淳平	/sound/voice/A12d_040_090_03_00_00.ogg	unique_exact_anchor	exact	selected	1	same
a12d.fsb.txt	1285	374	淳平	A12d_040_090_04_00	淳平	/sound/voice/A12d_040_090_04_00_00.ogg	unique_exact_anchor	exact	selected	1	same
a12d.fsb.txt	1289	375	紫	A12d_040_090_05_00	紫	/sound/voice/A12d_040_090_05_00_00.ogg	unique_exact_anchor	exact	selected	1	same
a12d.fsb.txt	1291	376	淳平	A12d_040_090_06_00	淳平	/sound/voice/A12d_040_090_06_00_00.ogg	unique_exact_anchor	exact	selected	1	same
a12d.fsb.txt	1295	377	サンタ	A12d_040_100_01_00	サンタ	/sound/voice/A12d_040_100_01_00_00.ogg	unique_exact_anchor	exact	selected	1	same
a12d.fsb.txt	1297	378	淳平	A12d_040_100_02_00	淳平	/sound/voice/A12d_040_100_02_00_00.ogg	unique_exact_anchor	exact	selected	1	same
a12d.fsb.txt	1299	379	淳平	A12d_040_100_03_00	淳平	/sound/voice/A12d_040_100_03_00_00.ogg	unique_exact_anchor	exact	selected	1	same
a12d.fsb.txt	1303	380	紫	A12d_040_110_01_00	紫	/sound/voice/A12d_040_110_01_00_00.ogg	unique_exact_anchor	exact	selected	1	same
a12d.fsb.txt	1305	381	サンタ	A12d_040_110_02_00	サンタ	/sound/voice/A12d_040_110_02_00_00.ogg	unique_exact_anchor	exact	selected	1	same
a12d.fsb.txt	1307	382	淳平	A12d_040_110_03_00	淳平	/sound/voice/A12d_040_110_03_00_00.ogg	monotonic_tfidf	exact	selected	1	same
a12d.fsb.txt	1310	383	淳平	A12d_040_110_04_00	淳平	/sound/voice/A12d_040_110_04_00_00.ogg	monotonic_tfidf	exact	selected	1	same
a12d.fsb.txt	1312	384	淳平	A12d_040_110_05_00	淳平	/sound/voice/A12d_040_110_05_00_00.ogg	unique_exact_anchor	exact	selected	1	same
a12d.fsb.txt	1314	385	淳平	A12d_040_110_06_00	淳平	/sound/voice/A12d_040_110_06_00_00.ogg	unique_exact_anchor	exact	selected	1	same
a12d.fsb.txt	1362	391	紫	A12d_040_140_01_00	紫	/sound/voice/A12d_040_140_01_00_00.ogg | /sound/voice/A12d_040_140_01_00_01.ogg	monotonic_tfidf	high	selected	1	same
a12d.fsb.txt	1364	392	淳平	A12d_040_140_02_00	淳平	/sound/voice/A12d_040_140_02_00_00.ogg	unique_exact_anchor	exact	selected	1	same
a12d.fsb.txt	1367	393	サンタ	A12d_040_140_03_00	サンタ	/sound/voice/A12d_040_140_03_00_00.ogg	unique_exact_anchor	exact	selected	1	same
a12d.fsb.txt	1369	394	淳平	A12d_040_140_04_00	淳平	/sound/voice/A12d_040_140_04_00_00.ogg	unique_exact_anchor	exact	selected	1	same
a12d.fsb.txt	1385	397	紫	A12d_040_150_02_00	紫	/sound/voice/A12d_040_150_02_00_00.ogg	unique_exact_anchor	exact	selected	1	same
a12d.fsb.txt	1399	399	サンタ	A12d_040_150_04_00	サンタ	/sound/voice/A12d_040_150_04_00_00.ogg	unique_exact_anchor	exact	selected	1	same
a12d.fsb.txt	1418	401	サンタ	A12d_040_170_01_00	サンタ	/sound/voice/A12d_040_170_01_00_00.ogg	unique_exact_anchor	exact	selected	1	same
a12d.fsb.txt	1441	405	八代	A12d_040_180_02_00	八代	/sound/voice/A12d_040_180_02_00_00.ogg	unique_exact_anchor	exact	selected	1	same
a12d.fsb.txt	1457	408	淳平	A12d_040_200_01_00	淳平	/sound/voice/A12d_040_200_01_00_00.ogg	unique_exact_anchor	exact	selected	1	same
a12d.fsb.txt	1459	409	八代	A12d_040_200_02_00	八代	/sound/voice/A12d_040_200_02_00_00.ogg	unique_exact_anchor	exact	selected	1	same
a12d.fsb.txt	1461	410	淳平	A12d_040_200_03_00	淳平	/sound/voice/A12d_040_200_03_00_00.ogg	unique_exact_anchor	exact	selected	1	same
a12d.fsb.txt	1463	411	八代	A12d_040_200_04_00	八代	/sound/voice/A12d_040_200_04_00_00.ogg	unique_exact_anchor	exact	selected	1	same
a12d.fsb.txt	1465	412	八代	A12d_040_200_05_00	八代	/sound/voice/A12d_040_200_05_00_00.ogg	unique_exact_anchor	exact	selected	1	same
a12d.fsb.txt	1467	413	淳平	A12d_040_200_06_00	淳平	/sound/voice/A12d_040_200_06_00_00.ogg	unique_exact_anchor	exact	selected	1	same
a12d.fsb.txt	1471	414	八代	A12d_040_210_01_00	八代	/sound/voice/A12d_040_210_01_00_00.ogg	unique_exact_anchor	exact	selected	1	same
a12d.fsb.txt	1473	415	淳平	A12d_040_210_02_00	淳平	/sound/voice/A12d_040_210_02_00_00.ogg	unique_exact_anchor	exact	selected	1	same
a12d.fsb.txt	1475	416	八代	A12d_040_210_03_00	八代	/sound/voice/A12d_040_210_03_00_00.ogg	unique_exact_anchor	exact	selected	1	same
a12d.fsb.txt	1477	417	八代	A12d_040_210_04_00	八代	/sound/voice/A12d_040_210_04_00_00.ogg	unique_exact_anchor	exact	selected	1	same
a12d.fsb.txt	1482	419	八代	A12d_040_220_01_00	八代	/sound/voice/A12d_040_220_01_00_00.ogg	unique_exact_anchor	exact	selected	1	same
a12d.fsb.txt	1484	420	八代	A12d_040_220_02_00	八代	/sound/voice/A12d_040_220_02_00_00.ogg	unique_exact_anchor	exact	selected	1	same
a12d.fsb.txt	1486	421	八代	A12d_040_220_03_00	八代	/sound/voice/A12d_040_220_03_00_00.ogg	unique_exact_anchor	exact	selected	1	same
a12d.fsb.txt	1488	422	八代	A12d_040_220_04_00	八代	/sound/voice/A12d_040_220_04_00_00.ogg	unique_exact_anchor	exact	selected	1	same
a12d.fsb.txt	1490	423	八代	A12d_040_220_05_00	八代	/sound/voice/A12d_040_220_05_00_00.ogg	unique_exact_anchor	exact	selected	1	same
a12d.fsb.txt	1498	426	淳平	A12d_040_230_03_00	淳平	/sound/voice/A12d_040_230_03_00_00.ogg	unique_exact_anchor	exact	selected	1	same
a12d.fsb.txt	1500	427	淳平	A12d_040_230_04_00	淳平	/sound/voice/A12d_040_230_04_00_00.ogg	unique_exact_anchor	exact	selected	1	same
a12d.fsb.txt	1502	428	八代	A12d_040_230_05_00	八代	/sound/voice/A12d_040_230_05_00_00.ogg	unique_exact_anchor	exact	selected	1	same
a12d.fsb.txt	1504	429	淳平	A12d_040_230_06_00	淳平	/sound/voice/A12d_040_230_06_00_00.ogg	unique_exact_anchor	exact	selected	1	same
a12d.fsb.txt	1507	430	八代	A12d_040_230_07_00	八代	/sound/voice/A12d_040_230_07_00_00.ogg	unique_exact_anchor	exact	selected	1	same
a12d.fsb.txt	1510	431	八代	A12d_040_240_01_00	八代	/sound/voice/A12d_040_240_01_00_00.ogg	unique_exact_anchor	exact	selected	1	same
a12d.fsb.txt	1512	432	八代	A12d_040_240_02_00	八代	/sound/voice/A12d_040_240_02_00_00.ogg	unique_exact_anchor	exact	selected	1	same
a12d.fsb.txt	1542	439	淳平	A12d_040_270_01_10	淳平	/sound/voice/A12d_040_270_01_10_00.ogg	unique_exact_anchor	exact	selected	1	same
a12d.fsb.txt	1545	440	八代	A12d_040_270_02_00	八代	/sound/voice/A12d_040_270_02_00_00.ogg	unique_exact_anchor	exact	selected	1	same
a12d.fsb.txt	1560	443	サンタ	A12d_040_280_01_00	サンタ	/sound/voice/A12d_040_280_01_00_00.ogg	unique_exact_anchor	exact	selected	1	same
a12d.fsb.txt	1562	444	サンタ	A12d_040_280_02_00	サンタ	/sound/voice/A12d_040_280_02_00_00.ogg	unique_exact_anchor	exact	selected	1	same
a12d.fsb.txt	1564	445	サンタ	A12d_040_280_03_00	サンタ	/sound/voice/A12d_040_280_03_00_00.ogg	unique_exact_anchor	exact	selected	1	same
a12d.fsb.txt	1567	446	八代	A12d_040_280_04_00	八代	/sound/voice/A12d_040_280_04_00_00.ogg	unique_exact_anchor	exact	selected	1	same
a12d.fsb.txt	1569	447	サンタ	A12d_040_280_05_00	サンタ	/sound/voice/A12d_040_280_05_00_00.ogg	unique_exact_anchor	exact	selected	1	same
a12d.fsb.txt	1610	451	サンタ	A12d_040_300_01_00	サンタ	/sound/voice/A12d_040_300_01_00_00.ogg	unique_exact_anchor	exact	selected	1	same
a12d.fsb.txt	1612	452	サンタ	A12d_040_300_02_00	サンタ	/sound/voice/A12d_040_300_02_00_00.ogg	unique_exact_anchor	exact	selected	1	same
a12d.fsb.txt	1627	455	淳平	A12d_040_310_01_00	淳平	/sound/voice/A12d_040_310_01_00_00.ogg	unique_exact_anchor	exact	selected	1	same
a12d.fsb.txt	1629	456	サンタ	A12d_040_310_02_00	サンタ	/sound/voice/A12d_040_310_02_00_00.ogg	monotonic_tfidf	high	selected	1	same
a12d.fsb.txt	1631	457	サンタ	A12d_040_310_03_00	サンタ	/sound/voice/A12d_040_310_03_00_00.ogg	unique_exact_anchor	exact	selected	1	same
a12e.fsb.txt	77	13	淳平	A12e_010_060_02_00	淳平	/sound/voice/A12e_010_060_02_00_00.ogg	unique_exact_anchor	exact	selected	1	same
a12e.fsb.txt	80	14	サンタ	A12e_010_060_03_00	サンタ	/sound/voice/A12e_010_060_03_00_00.ogg	monotonic_tfidf	high	selected	1	same
a12e.fsb.txt	92	15	紫	A12e_010_070_01_00	紫	/sound/voice/A12e_010_070_01_00_00.ogg	unique_exact_anchor	exact	selected	1	same
a12e.fsb.txt	100	16	八代	A12e_010_070_02_00	八代	/sound/voice/A12e_010_070_02_00_00.ogg	unique_exact_anchor	exact	selected	1	same
a12e.fsb.txt	103	17	紫	A12e_010_070_03_00	紫	/sound/voice/A12e_010_070_03_00_00.ogg	unique_exact_anchor	exact	selected	1	same
a12e.fsb.txt	105	18	八代	A12e_010_070_04_00	八代	/sound/voice/A12e_010_070_04_00_00.ogg	unique_exact_anchor	exact	selected	1	same
a12e.fsb.txt	112	19	八代	A12e_010_080_01_00	八代	/sound/voice/A12e_010_080_01_00_00.ogg	unique_exact_anchor	exact	selected	1	same
a12e.fsb.txt	114	20	八代	A12e_010_080_02_00	八代	/sound/voice/A12e_010_080_02_00_00.ogg	unique_exact_anchor	exact	selected	1	same
a12e.fsb.txt	116	21	淳平	A12e_010_080_03_00	淳平	/sound/voice/A12e_010_080_03_00_00.ogg	unique_exact_anchor	exact	selected	1	same
a12e.fsb.txt	118	22	八代	A12e_010_080_04_00	八代	/sound/voice/A12e_010_080_04_00_00.ogg	unique_exact_anchor	exact	selected	1	same
a12e.fsb.txt	124	23	サンタ	A12e_010_090_01_00	サンタ	/sound/voice/A12e_010_090_01_00_00.ogg	unique_exact_anchor	exact	selected	1	same
a12e.fsb.txt	128	24	紫	A12e_010_090_02_00	紫	/sound/voice/A12e_010_090_02_00_00.ogg	unique_exact_anchor	exact	selected	1	same
a12e.fsb.txt	130	25	淳平	A12e_010_090_03_00	淳平	/sound/voice/A12e_010_090_03_00_00.ogg	unique_exact_anchor	exact	selected	1	same
a12e.fsb.txt	147	28	八代	A12e_010_110_02_00	八代	/sound/voice/A12e_010_110_02_00_00.ogg	unique_exact_anchor	exact	selected	1	same
a12e.fsb.txt	149	29	サンタ	A12e_010_110_03_00	サンタ	/sound/voice/A12e_010_110_03_00_00.ogg	unique_exact_anchor	exact	selected	1	same
a12e.fsb.txt	152	30	紫	A12e_010_110_04_00	紫	/sound/voice/A12e_010_110_04_00_00.ogg	unique_exact_anchor	exact	selected	1	same
a12e.fsb.txt	154	31	淳平	A12e_010_110_05_00	淳平	/sound/voice/A12e_010_110_05_00_00.ogg	unique_exact_anchor	exact	selected	1	same
a12e.fsb.txt	176	34	淳平	A12e_020_020_01_00	淳平	/sound/voice/A12e_020_020_01_00_00.ogg	monotonic_tfidf	high	selected	1	same
a12e.fsb.txt	179	35	紫	A12e_020_020_02_00	紫	/sound/voice/A12e_020_020_02_00_00.ogg	unique_exact_anchor	exact	selected	1	same
a12e.fsb.txt	207	43	淳平	A12e_020_040_02_00	淳平	/sound/voice/A12e_020_040_02_00_00.ogg	unique_exact_anchor	exact	selected	1	same
a12e.fsb.txt	210	44	八代	A12e_020_040_03_00	八代	/sound/voice/A12e_020_040_03_00_00.ogg	unique_exact_anchor	exact	selected	1	same
a12e.fsb.txt	212	45	淳平	A12e_020_040_04_00	淳平	/sound/voice/A12e_020_040_04_00_00.ogg | /sound/voice/A12e_020_040_04_00_01.ogg	monotonic_tfidf	high	selected	1	same
a12e.fsb.txt	229	46	淳平	A12e_020_040_05_00	淳平	/sound/voice/A12e_020_040_05_00_00.ogg	unique_exact_anchor	exact	selected	1	same
a12e.fsb.txt	252	51	紫	A12e_020_060_03_00	紫	/sound/voice/A12e_020_060_03_00_00.ogg	monotonic_tfidf	high	selected	1	same
a12e.fsb.txt	254	52	紫	A12e_020_060_04_00	紫	/sound/voice/A12e_020_060_04_00_00.ogg	monotonic_tfidf	high	selected	1	same
a12e.fsb.txt	258	53	サンタ	A12e_020_070_01_00	サンタ	/sound/voice/A12e_020_070_01_00_00.ogg	unique_exact_anchor	exact	selected	1	same
a12e.fsb.txt	260	54	サンタ	A12e_020_070_02_00	サンタ	/sound/voice/A12e_020_070_02_00_00.ogg	unique_exact_anchor	exact	selected	1	same
a12e.fsb.txt	264	55	八代	A12e_020_070_03_00	八代	/sound/voice/A12e_020_070_03_00_00.ogg	unique_exact_anchor	exact	selected	1	same
a12e.fsb.txt	266	56	サンタ	A12e_020_070_04_00	サンタ	/sound/voice/A12e_020_070_04_00_00.ogg	unique_exact_anchor	exact	selected	1	same
a12e.fsb.txt	287	61	サンタ	A12e_020_090_03_00	サンタ	/sound/voice/A12e_020_090_03_00_00.ogg	unique_exact_anchor	exact	selected	1	same
a12e.fsb.txt	295	62	紫	A12e_020_090_04_00	紫	/sound/voice/A12e_020_090_04_00_00.ogg	unique_exact_anchor	exact	selected	1	same
a12e.fsb.txt	297	63	淳平	A12e_020_090_05_00	淳平	/sound/voice/A12e_020_090_05_00_00.ogg	unique_exact_anchor	exact	selected	1	same
a12e.fsb.txt	300	64	サンタ	A12e_020_100_01_00	サンタ	/sound/voice/A12e_020_100_01_00_00.ogg	unique_exact_anchor	exact	selected	1	same
a12e.fsb.txt	304	65	八代	A12e_020_100_02_00	八代	/sound/voice/A12e_020_100_02_00_00.ogg	unique_exact_anchor	exact	selected	1	same
a12e.fsb.txt	306	66	八代	A12e_020_100_03_00	八代	/sound/voice/A12e_020_100_03_00_00.ogg	unique_exact_anchor	exact	selected	1	same
a12e.fsb.txt	328	72	八代	A12e_020_120_01_00	八代	/sound/voice/A12e_020_120_01_00_00.ogg	monotonic_tfidf	medium	selected	1	same
a12e.fsb.txt	369	81	サンタ	A12e_030_010_04_00	サンタ	/sound/voice/A12e_030_010_04_00_00.ogg	unique_exact_anchor	exact	selected	1	same
a12e.fsb.txt	390	86	紫	A12e_030_040_01_00	紫	/sound/voice/A12e_030_040_01_00_00.ogg	unique_exact_anchor	exact	selected	1	same
a12e.fsb.txt	448	98	淳平	A12e_030_040_05_10	淳平	/sound/voice/A12e_030_040_05_10_00.ogg	monotonic_tfidf	review	selected	1	same
a12e.fsb.txt	451	99	八代	A12e_030_070_02_00	八代	/sound/voice/A12e_030_070_02_00_00.ogg	unique_exact_anchor	exact	selected	1	same
a12e.fsb.txt	493	102	紫	A12e_030_080_03_00	紫	/sound/voice/A12e_030_080_03_00_00.ogg	unique_exact_anchor	exact	selected	1	same
a12e.fsb.txt	502	103	八代	A12e_030_080_04_00	八代	/sound/voice/A12e_030_080_04_00_00.ogg	unique_exact_anchor	exact	selected	1	same
a12e.fsb.txt	505	104	八代	A12e_030_090_01_00	八代	/sound/voice/A12e_030_090_01_00_00.ogg	unique_exact_anchor	exact	selected	1	same
a12e.fsb.txt	507	105	八代	A12e_030_090_02_00	八代	/sound/voice/A12e_030_090_02_00_00.ogg	unique_exact_anchor	exact	selected	1	same
a12e.fsb.txt	510	106	八代	A12e_030_090_03_00	八代	/sound/voice/A12e_030_090_03_00_00.ogg	unique_exact_anchor	exact	selected	1	same
a12e.fsb.txt	513	107	淳平	A12e_030_100_01_00	淳平	/sound/voice/A12e_030_100_01_00_00.ogg	unique_exact_anchor	exact	selected	1	same
a12e.fsb.txt	515	108	八代	A12e_030_100_02_00	八代	/sound/voice/A12e_030_100_02_00_00.ogg | /sound/voice/A12e_030_100_02_00_01.ogg	monotonic_tfidf	high	selected	1	same
a12e.fsb.txt	517	109	サンタ	A12e_030_100_03_00	サンタ	/sound/voice/A12e_030_100_03_00_00.ogg	unique_exact_anchor	exact	selected	1	same
a12e.fsb.txt	523	110	八代	A12e_030_110_01_00	八代	/sound/voice/A12e_030_110_01_00_00.ogg	unique_exact_anchor	exact	selected	1	same
a12e.fsb.txt	525	111	八代	A12e_030_110_02_00	八代	/sound/voice/A12e_030_110_02_00_00.ogg	monotonic_tfidf	high	selected	1	same
a12e.fsb.txt	539	112	淳平	A12e_030_120_01_00	淳平	/sound/voice/A12e_030_120_01_00_00.ogg	unique_exact_anchor	exact	selected	1	same
a12e.fsb.txt	541	113	八代	A12e_030_120_02_00	八代	/sound/voice/A12e_030_120_02_00_00.ogg	unique_exact_anchor	exact	selected	1	same
a12e.fsb.txt	551	114	紫	A12e_030_130_01_00	紫	/sound/voice/A12e_030_130_01_00_00.ogg	unique_exact_anchor	exact	selected	1	same
a12e.fsb.txt	553	115	八代	A12e_030_130_02_00	八代	/sound/voice/A12e_030_130_02_00_00.ogg	unique_exact_anchor	exact	selected	1	same
a12e.fsb.txt	555	116	サンタ	A12e_030_130_03_00	サンタ	/sound/voice/A12e_030_130_03_00_00.ogg	unique_exact_anchor	exact	selected	1	same
a12e.fsb.txt	557	117	淳平	A12e_030_130_04_00	淳平	/sound/voice/A12e_030_130_04_00_00.ogg	unique_exact_anchor	exact	selected	1	same
a12e.fsb.txt	609	129	サンタ	A12e_030_160_01_00	サンタ	/sound/voice/A12e_030_160_01_00_00.ogg	unique_exact_anchor	exact	selected	1	same
a12e.fsb.txt	611	130	サンタ	A12e_030_160_02_00	サンタ	/sound/voice/A12e_030_160_02_00_00.ogg	unique_exact_anchor	exact	selected	1	same
a12e.fsb.txt	620	131	八代	A12e_030_160_03_00	八代	/sound/voice/A12e_030_160_03_00_00.ogg	unique_exact_anchor	exact	selected	1	same
a12e.fsb.txt	623	132	八代	A12e_030_161_01_00	八代	/sound/voice/A12e_030_161_01_00_00.ogg	unique_exact_anchor	exact	selected	1	same
a12e.fsb.txt	625	133	八代	A12e_030_161_02_00	八代	/sound/voice/A12e_030_161_02_00_00.ogg	unique_exact_anchor	exact	selected	1	same
a12e.fsb.txt	627	134	サンタ	A12e_030_161_03_00	サンタ	/sound/voice/A12e_030_161_03_00_00.ogg	unique_exact_anchor	exact	selected	1	same
a12e.fsb.txt	637	136	ニルス	A12e_030_170_01_00	ニルス	/sound/voice/A12e_030_170_01_00_00.ogg	unique_exact_anchor	exact	selected	1	same
a12e.fsb.txt	654	138	淳平	A12e_030_180_01_00	淳平	/sound/voice/A12e_030_180_01_00_00.ogg	unique_exact_anchor	exact	selected	1	same
a12e.fsb.txt	694	144	四葉	A12e_030_200_01_00	四葉	/sound/voice/A12e_030_200_01_00_00.ogg	unique_exact_anchor	exact	selected	1	same
a12e.fsb.txt	696	145	セブン	A12e_030_200_02_00	セブン	/sound/voice/A12e_030_200_02_00_00.ogg	unique_exact_anchor	exact	selected	1	same
a12e.fsb.txt	701	146	一宮	A12e_030_200_03_00	一宮	/sound/voice/A12e_030_200_03_00_00.ogg	unique_exact_anchor	exact	selected	1	same
a12e.fsb.txt	759	161	一宮	A12e_040_040_03_00	一宮	/sound/voice/A12e_040_040_03_00_00.ogg	monotonic_tfidf	high	selected	1	same
a12e.fsb.txt	767	164	淳平	A12e_050_010_02_00	淳平	/sound/voice/A12e_050_010_02_00_00.ogg	unique_exact_anchor	exact	selected	1	same
a12e.fsb.txt	769	165	淳平	A12e_050_010_03_00	淳平	/sound/voice/A12e_050_010_03_00_00.ogg	unique_exact_anchor	exact	selected	1	same
a12e.fsb.txt	771	166	紫	A12e_050_010_04_00	紫	/sound/voice/A12e_050_010_04_00_00.ogg	unique_exact_anchor	exact	selected	1	same
a12e.fsb.txt	773	167	サンタ	A12e_050_010_05_00	サンタ	/sound/voice/A12e_050_010_05_00_00.ogg	unique_exact_anchor	exact	selected	1	same
a12e.fsb.txt	787	168	サンタ	A12e_050_020_02_10	サンタ	/sound/voice/A12e_050_020_02_10_00.ogg	unique_exact_anchor	exact	selected	1	same
a12e.fsb.txt	789	169	八代	A12e_050_020_03_00	八代	/sound/voice/A12e_050_020_03_00_00.ogg	unique_exact_anchor	exact	selected	1	same
a12e.fsb.txt	799	170	セブン	A12e_050_030_01_00	セブン	/sound/voice/A12e_050_030_01_00_00.ogg	monotonic_tfidf	exact	selected	1	same
a12e.fsb.txt	801	171	淳平	A12e_050_030_02_00	淳平	/sound/voice/A12e_050_030_02_00_00.ogg	unique_exact_anchor	exact	selected	1	same
a12e.fsb.txt	805	172	四葉	A12e_050_030_03_00	四葉	/sound/voice/A12e_050_030_03_00_00.ogg	unique_exact_anchor	exact	selected	1	same
a12e.fsb.txt	807	173	紫	A12e_050_030_04_00	紫	/sound/voice/A12e_050_030_04_00_00.ogg	unique_exact_anchor	exact	selected	1	same
a12e.fsb.txt	811	174	ニルス	A12e_050_030_05_00	ニルス	/sound/voice/A12e_050_030_05_00_00.ogg	unique_exact_anchor	exact	selected	1	same
a12e.fsb.txt	831	178	紫	A12e_050_050_01_00	紫	/sound/voice/A12e_050_050_01_00_00.ogg	unique_exact_anchor	exact	selected	1	same
a12e.fsb.txt	833	179	紫	A12e_050_050_02_00	紫	/sound/voice/A12e_050_050_02_00_00.ogg	unique_exact_anchor	exact	selected	1	same
a12e.fsb.txt	835	180	淳平	A12e_050_050_03_00	淳平	/sound/voice/A12e_050_050_03_00_00.ogg	unique_exact_anchor	exact	selected	1	same
a12e.fsb.txt	837	181	淳平	A12e_050_050_04_00	淳平	/sound/voice/A12e_050_050_04_00_00.ogg	unique_exact_anchor	exact	selected	1	same
a12e.fsb.txt	845	182	一宮	A12e_050_050_05_00	一宮	/sound/voice/A12e_050_050_05_00_00.ogg	unique_exact_anchor	exact	selected	1	same
a12e.fsb.txt	847	183	一宮	A12e_050_050_06_00	一宮	/sound/voice/A12e_050_050_06_00_00.ogg	unique_exact_anchor	exact	selected	1	same
a12e.fsb.txt	852	184	八代	A12e_050_060_01_00	八代	/sound/voice/A12e_050_060_01_00_00.ogg	unique_exact_anchor	exact	selected	1	same
a12e.fsb.txt	854	185	一宮	A12e_050_060_02_00	一宮	/sound/voice/A12e_050_060_02_00_00.ogg	unique_exact_anchor	exact	selected	1	same
a12e.fsb.txt	858	186	四葉	A12e_050_060_03_00	四葉	/sound/voice/A12e_050_060_03_00_00.ogg	unique_exact_anchor	exact	selected	1	same
a12e.fsb.txt	862	187	ニルス	A12e_050_060_04_00	ニルス	/sound/voice/A12e_050_060_04_00_00.ogg	unique_exact_anchor	exact	selected	1	same
a12e.fsb.txt	864	188	ニルス	A12e_050_060_05_00	ニルス	/sound/voice/A12e_050_060_05_00_00.ogg	monotonic_tfidf	high	selected	1	same
a12e.fsb.txt	867	189	サンタ	A12e_050_070_01_00	サンタ	/sound/voice/A12e_050_070_01_00_00.ogg	unique_exact_anchor	exact	selected	1	same
a12e.fsb.txt	869	190	紫	A12e_050_070_02_00	紫	/sound/voice/A12e_050_070_02_00_00.ogg	unique_exact_anchor	exact	selected	1	same
a12e.fsb.txt	874	192	淳平	A12e_050_070_04_00	淳平	/sound/voice/A12e_050_070_04_00_00.ogg	unique_exact_anchor	exact	selected	1	same
a12e.fsb.txt	876	193	淳平	A12e_050_070_05_00	淳平	/sound/voice/A12e_050_070_05_00_00.ogg	unique_exact_anchor	exact	selected	1	same
a12e.fsb.txt	885	195	セブン	A12e_050_080_02_00	セブン	/sound/voice/A12e_050_080_02_00_00.ogg	unique_exact_anchor	exact	selected	1	same
a12e.fsb.txt	887	196	セブン	A12e_050_080_03_00	セブン	/sound/voice/A12e_050_080_03_00_00.ogg	monotonic_tfidf	high	selected	1	same
a12e.fsb.txt	889	197	淳平	A12e_050_080_04_00	淳平	/sound/voice/A12e_050_080_04_00_00.ogg	unique_exact_anchor	exact	selected	1	same
a12e.fsb.txt	904	200	八代	A12e_050_090_03_00	八代	/sound/voice/A12e_050_090_03_00_00.ogg	unique_exact_anchor	exact	selected	1	same
a12e.fsb.txt	909	202	セブン	A12e_050_090_05_00	セブン	/sound/voice/A12e_050_090_05_00_00.ogg	unique_exact_anchor	exact	selected	1	same
a12e.fsb.txt	955	214	淳平	A12e_050_150_01_00	淳平	/sound/voice/A12e_050_150_01_00_00.ogg	unique_exact_anchor	exact	selected	1	same
a12e.fsb.txt	960	215	セブン	A12e_050_150_02_00	セブン	/sound/voice/A12e_050_150_02_00_00.ogg	unique_exact_anchor	exact	selected	1	same
a12e.fsb.txt	962	216	サンタ	A12e_050_150_03_00	サンタ	/sound/voice/A12e_050_150_03_00_00.ogg	unique_exact_anchor	exact	selected	1	same
a12e.fsb.txt	971	217	八代	A12e_050_160_01_00	八代	/sound/voice/A12e_050_160_01_00_00.ogg	unique_exact_anchor	exact	selected	1	same
a12e.fsb.txt	973	218	八代	A12e_050_160_02_00	八代	/sound/voice/A12e_050_160_02_00_00.ogg	unique_exact_anchor	exact	selected	1	same
a12e.fsb.txt	975	219	セブン	A12e_050_160_03_00	セブン	/sound/voice/A12e_050_160_03_00_00.ogg	unique_exact_anchor	exact	selected	1	same
a12e.fsb.txt	977	220	八代	A12e_050_160_04_00	八代	/sound/voice/A12e_050_160_04_00_00.ogg	unique_exact_anchor	exact	selected	1	same
a12e.fsb.txt	979	221	セブン	A12e_050_160_05_00	セブン	/sound/voice/A12e_050_160_05_00_00.ogg	unique_exact_anchor	exact	selected	1	same
a12e.fsb.txt	981	222	セブン	A12e_050_160_06_00	セブン	/sound/voice/A12e_050_160_06_00_00.ogg | /sound/voice/A12e_050_160_06_00_01.ogg	monotonic_tfidf	high	selected	1	same
a12e.fsb.txt	984	223	八代	A12e_050_170_01_00	八代	/sound/voice/A12e_050_170_01_00_00.ogg	unique_exact_anchor	exact	selected	1	same
a12e.fsb.txt	986	224	セブン	A12e_050_170_02_00	セブン	/sound/voice/A12e_050_170_02_00_00.ogg	unique_exact_anchor	exact	selected	1	same
a12e.fsb.txt	988	225	八代	A12e_050_170_03_00	八代	/sound/voice/A12e_050_170_03_00_00.ogg	unique_exact_anchor	exact	selected	1	same
a12e.fsb.txt	991	226	セブン	A12e_050_170_04_00	セブン	/sound/voice/A12e_050_170_04_00_00.ogg	unique_exact_anchor	exact	selected	1	same
a12e.fsb.txt	1003	230	セブン	A12e_050_180_06_00	セブン	/sound/voice/A12e_050_180_06_00_00.ogg	unique_exact_anchor	exact	selected	1	same
a12e.fsb.txt	1010	232	八代	A12e_050_190_02_00	八代	/sound/voice/A12e_050_190_02_00_00.ogg	unique_exact_anchor	exact	selected	1	same
a12e.fsb.txt	1013	233	セブン	A12e_050_190_03_00	セブン	/sound/voice/A12e_050_190_03_00_00.ogg	unique_exact_anchor	exact	selected	1	same
a12e.fsb.txt	1015	234	淳平	A12e_050_190_04_00	淳平	/sound/voice/A12e_050_190_04_00_00.ogg	monotonic_tfidf	high	selected	1	same
a12e.fsb.txt	1030	239	淳平	A12e_050_210_02_00	淳平	/sound/voice/A12e_050_210_02_00_00.ogg	monotonic_tfidf	medium	selected	1	same
a12e.fsb.txt	1035	241	淳平	A12e_050_210_04_00	淳平	/sound/voice/A12e_050_210_04_00_00.ogg	unique_exact_anchor	exact	selected	1	same
a12e.fsb.txt	1038	242	セブン	A12e_050_220_01_00	セブン	/sound/voice/A12e_050_220_01_00_00.ogg	unique_exact_anchor	exact	selected	1	same
a12e.fsb.txt	1040	243	セブン	A12e_050_220_02_00	セブン	/sound/voice/A12e_050_220_02_00_00.ogg	unique_exact_anchor	exact	selected	1	same
a12e.fsb.txt	1042	244	セブン	A12e_050_220_03_00	セブン	/sound/voice/A12e_050_220_03_00_00.ogg	unique_exact_anchor	exact	selected	1	same
a12e.fsb.txt	1044	245	淳平	A12e_050_220_04_00	淳平	/sound/voice/A12e_050_220_04_00_00.ogg	unique_exact_anchor	exact	selected	1	same
a12e.fsb.txt	1077	251	紫	A12e_050_250_01_00	紫	/sound/voice/A12e_050_250_01_00_00.ogg	unique_exact_anchor	exact	selected	1	same
a12e.fsb.txt	1079	252	四葉	A12e_050_250_02_00	四葉	/sound/voice/A12e_050_250_02_00_00.ogg	unique_exact_anchor	exact	selected	1	same
a12e.fsb.txt	1083	253	セブン	A12e_050_250_03_00	セブン	/sound/voice/A12e_050_250_03_00_00.ogg	unique_exact_anchor	exact	selected	1	same
a12e.fsb.txt	1085	254	セブン	A12e_050_250_04_00	セブン	/sound/voice/A12e_050_250_04_00_00.ogg	unique_exact_anchor	exact	selected	1	same
a12e.fsb.txt	1090	255	八代	A12e_050_260_01_00	八代	/sound/voice/A12e_050_260_01_00_00.ogg	unique_exact_anchor	exact	selected	1	same
a12e.fsb.txt	1092	256	セブン	A12e_050_260_02_00	セブン	/sound/voice/A12e_050_260_02_00_00.ogg	unique_exact_anchor	exact	selected	1	same
a12e.fsb.txt	1094	257	セブン	A12e_050_260_03_00	セブン	/sound/voice/A12e_050_260_03_00_00.ogg	unique_exact_anchor	exact	selected	1	same
a12e.fsb.txt	1096	258	八代	A12e_050_260_04_00	八代	/sound/voice/A12e_050_260_04_00_00.ogg	unique_exact_anchor	exact	selected	1	same
a12e.fsb.txt	1098	259	セブン	A12e_050_260_05_00	セブン	/sound/voice/A12e_050_260_05_00_00.ogg	unique_exact_anchor	exact	selected	1	same
a12e.fsb.txt	1100	260	淳平	A12e_050_260_06_00	淳平	/sound/voice/A12e_050_260_06_00_00.ogg	unique_exact_anchor	exact	selected	1	same
a12e.fsb.txt	1112	261	八代	A12e_050_260_07_00	八代	/sound/voice/A12e_050_260_07_00_00.ogg	monotonic_tfidf	exact	selected	1	same
a12e.fsb.txt	1115	262	八代	A12e_060_010_99_00	八代	/sound/voice/A12e_060_010_99_00_00.ogg	unique_exact_anchor	exact	selected	1	same
a12e.fsb.txt	1124	263	セブン	A12e_060_020_01_00	セブン	/sound/voice/A12e_060_020_01_00_00.ogg	unique_exact_anchor	exact	selected	1	same
a12e.fsb.txt	1126	264	八代	A12e_060_020_02_00	八代	/sound/voice/A12e_060_020_02_00_00.ogg	unique_exact_anchor	exact	selected	1	same
a12e.fsb.txt	1128	265	セブン	A12e_060_020_03_00	セブン	/sound/voice/A12e_060_020_03_00_00.ogg	unique_exact_anchor	exact	selected	1	same
a12e.fsb.txt	1130	266	セブン	A12e_060_020_04_00	セブン	/sound/voice/A12e_060_020_04_00_00.ogg	unique_exact_anchor	exact	selected	1	same
a12e.fsb.txt	1132	267	八代	A12e_060_020_05_00	八代	/sound/voice/A12e_060_020_05_00_00.ogg	unique_exact_anchor	exact	selected	1	same
a12e.fsb.txt	1140	270	セブン	A12e_060_030_03_00	セブン	/sound/voice/A12e_060_030_03_00_00.ogg	unique_exact_anchor	exact	selected	1	same
a21b.fsb.txt	44	4	淳平	A21b_010_020_01_00	淳平	/sound/voice/A21b_010_020_01_00_00.ogg	unique_exact_anchor	exact	selected	1	same
a21b.fsb.txt	46	5	淳平	A21b_010_020_02_00	淳平	/sound/voice/A21b_010_020_02_00_00.ogg	monotonic_tfidf	high	selected	1	same
a21b.fsb.txt	48	6	サンタ	A21b_010_020_03_00	サンタ	/sound/voice/A21b_010_020_03_00_00.ogg	monotonic_tfidf	review	selected	1	same
a21b.fsb.txt	50	7	淳平	A21b_010_020_04_00	淳平	/sound/voice/A21b_010_020_04_00_00.ogg	monotonic_tfidf	exact	selected	1	same
a21b.fsb.txt	52	8	サンタ	A21b_010_020_05_00	サンタ	/sound/voice/A21b_010_020_05_00_00.ogg	monotonic_tfidf	high	selected	1	same
a21b.fsb.txt	54	9	紫	A21b_010_020_06_00	紫	/sound/voice/A21b_010_020_06_00_00.ogg	unique_exact_anchor	exact	selected	1	same
a21b.fsb.txt	62	12	サンタ	A21b_010_030_03_00	サンタ	/sound/voice/A21b_010_030_03_00_00.ogg	unique_exact_anchor	exact	selected	1	same
a21b.fsb.txt	81	16	紫	A21b_010_050_01_00	紫	/sound/voice/A21b_010_050_01_00_00.ogg	monotonic_tfidf	exact	selected	1	same
a21b.fsb.txt	83	17	紫	A21b_010_050_02_00	紫	/sound/voice/A21b_010_050_02_00_00.ogg	monotonic_tfidf	exact	selected	1	same
a21b.fsb.txt	89	18	淳平	A21b_010_060_01_00	淳平	/sound/voice/A21b_010_060_01_00_00.ogg	unique_exact_anchor	exact	selected	1	same
a21b.fsb.txt	91	19	淳平	A21b_010_060_02_00	淳平	/sound/voice/A21b_010_060_02_00_00.ogg	monotonic_tfidf	high	selected	1	same
a21b.fsb.txt	93	20	サンタ	A21b_010_060_03_00	サンタ	/sound/voice/A21b_010_060_03_00_00.ogg	monotonic_tfidf	high	selected	1	same
a21b.fsb.txt	95	21	淳平	A21b_010_060_04_00	淳平	/sound/voice/A21b_010_060_04_00_00.ogg	monotonic_tfidf	exact	selected	1	same
a21b.fsb.txt	97	22	サンタ	A21b_010_060_05_00	サンタ	/sound/voice/A21b_010_060_05_00_00.ogg	monotonic_tfidf	high	selected	1	same
a21b.fsb.txt	99	23	紫	A21b_010_060_06_00	紫	/sound/voice/A21b_010_060_06_00_00.ogg	unique_exact_anchor	exact	selected	1	same
a21b.fsb.txt	101	24	淳平	A21b_010_060_07_00	淳平	/sound/voice/A21b_010_060_07_00_00.ogg	unique_exact_anchor	exact	selected	1	same
a21b.fsb.txt	107	26	サンタ	A21b_010_070_02_00	サンタ	/sound/voice/A21b_010_070_02_00_00.ogg	unique_exact_anchor	exact	selected	1	same
a21b.fsb.txt	109	27	サンタ	A21b_010_070_03_00	サンタ	/sound/voice/A21b_010_070_03_00_00.ogg	unique_exact_anchor	exact	selected	1	same
a21b.fsb.txt	141	38	サンタ	A21b_010_090_02_00	サンタ	/sound/voice/A21b_010_090_02_00_00.ogg	unique_exact_anchor	exact	selected	1	same
a21b.fsb.txt	143	39	サンタ	A21b_010_090_03_00	サンタ	/sound/voice/A21b_010_090_03_00_00.ogg	unique_exact_anchor	exact	selected	1	same
a21b.fsb.txt	151	41	紫	A21b_010_100_02_00	紫	/sound/voice/A21b_010_100_02_00_00.ogg	monotonic_tfidf	exact	selected	1	same
a21b.fsb.txt	153	42	紫	A21b_010_100_03_00	紫	/sound/voice/A21b_010_100_03_00_00.ogg	monotonic_tfidf	exact	selected	1	same
a21b.fsb.txt	168	47	淳平	A21b_010_120_01_00	淳平	/sound/voice/A21b_010_120_01_00_00.ogg	unique_exact_anchor	exact	selected	1	same
a21b.fsb.txt	170	48	淳平	A21b_010_120_02_00	淳平	/sound/voice/A21b_010_120_02_00_00.ogg	unique_exact_anchor	exact	selected	1	same
a21b.fsb.txt	172	49	淳平	A21b_010_120_03_00	淳平	/sound/voice/A21b_010_120_03_00_00.ogg	monotonic_tfidf	high	selected	1	same
a21b.fsb.txt	174	50	淳平	A21b_010_120_04_00	淳平	/sound/voice/A21b_010_120_04_00_00.ogg	unique_exact_anchor	exact	selected	1	same
a21b.fsb.txt	176	51	淳平	A21b_010_120_05_00	淳平	/sound/voice/A21b_010_120_05_00_00.ogg	monotonic_tfidf	high	selected	1	same
a21b.fsb.txt	179	52	紫	A21b_010_130_01_00	紫	/sound/voice/A21b_010_130_01_00_00.ogg	unique_exact_anchor	exact	selected	1	same
a21b.fsb.txt	181	53	淳平	A21b_010_130_02_00	淳平	/sound/voice/A21b_010_130_02_00_00.ogg	unique_exact_anchor	exact	selected	1	same
a21b.fsb.txt	183	54	紫	A21b_010_130_03_00	紫	/sound/voice/A21b_010_130_03_00_00.ogg	unique_exact_anchor	exact	selected	1	same
a21b.fsb.txt	197	57	セブン	A21b_010_140_01_00	セブン	/sound/voice/A21b_010_140_01_00_00.ogg	unique_exact_anchor	exact	selected	1	same
a21b.fsb.txt	199	58	紫	A21b_010_140_02_00	紫	/sound/voice/A21b_010_140_02_00_00.ogg	unique_exact_anchor	exact	selected	1	same
a21b.fsb.txt	205	61	セブン	A21b_010_140_05_00	セブン	/sound/voice/A21b_010_140_05_00_00.ogg	unique_exact_anchor	exact	selected	1	same
a21b.fsb.txt	212	64	セブン	A21b_010_150_03_00	セブン	/sound/voice/A21b_010_150_03_00_00.ogg	unique_exact_anchor	exact	selected	1	same
a21b.fsb.txt	214	65	セブン	A21b_010_150_04_00	セブン	/sound/voice/A21b_010_150_04_00_00.ogg	monotonic_tfidf	high	selected	1	same
a21b.fsb.txt	227	69	淳平	A21b_010_160_04_00	淳平	/sound/voice/A21b_010_160_04_00_00.ogg	unique_exact_anchor	exact	selected	1	same
a21b.fsb.txt	233	71	紫	A21b_010_170_02_00	紫	/sound/voice/A21b_010_170_02_00_00.ogg	unique_exact_anchor	exact	selected	1	same
a21b.fsb.txt	248	74	サンタ	A21b_010_180_01_00	サンタ	/sound/voice/A21b_010_180_01_00_00.ogg	unique_exact_anchor	exact	selected	1	same
a21b.fsb.txt	253	76	サンタ	A21b_010_180_03_00	サンタ	/sound/voice/A21b_010_180_03_00_00.ogg	unique_exact_anchor	exact	selected	1	same
a21b.fsb.txt	255	77	サンタ	A21b_010_180_04_00	サンタ	/sound/voice/A21b_010_180_04_00_00.ogg	unique_exact_anchor	exact	selected	1	same
a21b.fsb.txt	257	78	サンタ	A21b_010_180_05_00	サンタ	/sound/voice/A21b_010_180_05_00_00.ogg	monotonic_tfidf	high	selected	1	same
a21b.fsb.txt	259	79	サンタ	A21b_010_180_06_00	サンタ	/sound/voice/A21b_010_180_06_00_00.ogg	unique_exact_anchor	exact	selected	1	same
a21b.fsb.txt	267	81	四葉	A21b_010_190_02_00	四葉	/sound/voice/A21b_010_190_02_00_00.ogg	unique_exact_anchor	exact	selected	1	same
a21b.fsb.txt	272	83	サンタ	A21b_010_190_04_00	サンタ	/sound/voice/A21b_010_190_04_00_00.ogg	unique_exact_anchor	exact	selected	1	same
a21b.fsb.txt	274	84	サンタ	A21b_010_190_05_00	サンタ	/sound/voice/A21b_010_190_05_00_00.ogg	unique_exact_anchor	exact	selected	1	same
a21b.fsb.txt	307	90	セブン	A21b_010_220_01_00	セブン	/sound/voice/A21b_010_220_01_00_00.ogg	unique_exact_anchor	exact	selected	1	same
a21b.fsb.txt	309	91	淳平	A21b_010_220_02_00	淳平	/sound/voice/A21b_010_220_02_00_00.ogg	monotonic_tfidf	exact	selected	1	same
a21b.fsb.txt	311	92	四葉	A21b_010_220_03_00	四葉	/sound/voice/A21b_010_220_03_00_00.ogg	extended_same_speaker	medium	selected	1	same
a21b.fsb.txt	313	93	セブン	A21b_010_220_04_00	セブン	/sound/voice/A21b_010_220_04_00_00.ogg	unique_exact_anchor	exact	selected	1	same
a21b.fsb.txt	421	108	セブン	A21b_020_020_01_00	セブン	/sound/voice/A21b_020_020_01_00_00.ogg	unique_exact_anchor	exact	selected	1	same
a21b.fsb.txt	423	109	セブン	A21b_020_020_02_00	セブン	/sound/voice/A21b_020_020_02_00_00.ogg	unique_exact_anchor	exact	selected	1	same
a21b.fsb.txt	487	116	セブン	A21b_020_050_01_00	セブン	/sound/voice/A21b_020_050_01_00_00.ogg	unique_exact_anchor	exact	selected	1	same
a21b.fsb.txt	489	117	四葉	A21b_020_050_02_00	四葉	/sound/voice/A21b_020_050_02_00_00.ogg	unique_exact_anchor	exact	selected	1	same
a21b.fsb.txt	491	118	淳平	A21b_020_050_03_00	淳平	/sound/voice/A21b_020_050_03_00_00.ogg	unique_exact_anchor	exact	selected	1	same
a21b.fsb.txt	500	120	セブン	A21b_020_060_01_00	セブン	/sound/voice/A21b_020_060_01_00_00.ogg	unique_exact_anchor	exact	selected	1	same
a21b.fsb.txt	502	121	セブン	A21b_020_060_02_00	セブン	/sound/voice/A21b_020_060_02_00_00.ogg	unique_exact_anchor	exact	selected	1	same
a21b.fsb.txt	508	123	セブン	A21b_020_070_01_00	セブン	/sound/voice/A21b_020_070_01_00_00.ogg	unique_exact_anchor	exact	selected	1	same
a21b.fsb.txt	510	124	セブン	A21b_020_070_02_00	セブン	/sound/voice/A21b_020_070_02_00_00.ogg	unique_exact_anchor	exact	selected	1	same
a21b.fsb.txt	524	127	四葉	A21b_020_080_01_00	四葉	/sound/voice/A21b_020_080_01_00_00.ogg	unique_exact_anchor	exact	selected	1	same
a21b.fsb.txt	527	128	セブン	A21b_020_080_02_00	セブン	/sound/voice/A21b_020_080_02_00_00.ogg	unique_exact_anchor	exact	selected	1	same
a21b.fsb.txt	529	129	四葉	A21b_020_080_03_00	四葉	/sound/voice/A21b_020_080_03_00_00.ogg	unique_exact_anchor	exact	selected	1	same
a21b.fsb.txt	532	130	セブン	A21b_020_090_01_00	セブン	/sound/voice/A21b_020_090_01_00_00.ogg	unique_exact_anchor	exact	selected	1	same
a21b.fsb.txt	535	131	四葉	A21b_020_090_02_00	四葉	/sound/voice/A21b_020_090_02_00_00.ogg	unique_exact_anchor	exact	selected	1	same
a21b.fsb.txt	537	132	セブン	A21b_020_090_03_00	セブン	/sound/voice/A21b_020_090_03_00_00.ogg	unique_exact_anchor	exact	selected	1	same
a21b.fsb.txt	539	133	淳平	A21b_020_090_04_00	淳平	/sound/voice/A21b_020_090_04_00_00.ogg	unique_exact_anchor	exact	selected	1	same
a21b.fsb.txt	542	134	淳平	A21b_020_100_01_00	淳平	/sound/voice/A21b_020_100_01_00_00.ogg	unique_exact_anchor	exact	selected	1	same
a21b.fsb.txt	550	137	淳平	A21b_020_100_04_00	淳平	/sound/voice/A21b_020_100_04_00_00.ogg	unique_exact_anchor	exact	selected	1	same
a21b.fsb.txt	558	140	淳平	A21b_020_110_03_00	淳平	/sound/voice/A21b_020_110_03_00_00.ogg	unique_exact_anchor	exact	selected	1	same
a21b.fsb.txt	587	145	セブン	A21b_020_130_01_00	セブン	/sound/voice/A21b_020_130_01_00_00.ogg	unique_exact_anchor	exact	selected	1	same
a21b.fsb.txt	589	146	淳平	A21b_020_130_02_00	淳平	/sound/voice/A21b_020_130_02_00_00.ogg	unique_exact_anchor	exact	selected	1	same
a21b.fsb.txt	609	151	セブン	A21b_020_150_01_00	セブン	/sound/voice/A21b_020_150_01_00_00.ogg	unique_exact_anchor	exact	selected	1	same
a21b.fsb.txt	611	152	セブン	A21b_020_150_02_00	セブン	/sound/voice/A21b_020_150_02_00_00.ogg	unique_exact_anchor	exact	selected	1	same
a21b.fsb.txt	648	160	四葉	A21b_030_020_01_00	四葉	/sound/voice/A21b_030_020_01_00_00.ogg	unique_exact_anchor	exact	selected	1	same
a21b.fsb.txt	665	164	セブン	A21b_030_030_01_00	セブン	/sound/voice/A21b_030_030_01_00_00.ogg	unique_exact_anchor	exact	selected	1	same
a21b.fsb.txt	667	165	淳平	A21b_030_030_02_00	淳平	/sound/voice/A21b_030_030_02_00_00.ogg	unique_exact_anchor	exact	selected	1	same
a21b.fsb.txt	687	171	淳平	A21b_030_050_02_00	淳平	/sound/voice/A21b_030_050_02_00_00.ogg	unique_exact_anchor	exact	selected	1	same
a21b.fsb.txt	690	172	四葉	A21b_030_050_03_00	四葉	/sound/voice/A21b_030_050_03_00_00.ogg	unique_exact_anchor	exact	selected	1	same
a21b.fsb.txt	699	175	四葉	A21b_030_060_04_00	四葉	/sound/voice/A21b_030_060_04_00_00.ogg	unique_exact_anchor	exact	selected	1	same
a21b.fsb.txt	705	177	四葉	A21b_030_070_01_00	四葉	/sound/voice/A21b_030_070_01_00_00.ogg	unique_exact_anchor	exact	selected	1	same
a21b.fsb.txt	707	178	四葉	A21b_030_070_02_00	四葉	/sound/voice/A21b_030_070_02_00_00.ogg	unique_exact_anchor	exact	selected	1	same
a21b.fsb.txt	716	181	セブン	A21b_030_080_02_00	セブン	/sound/voice/A21b_030_080_02_00_00.ogg	unique_exact_anchor	exact	selected	1	same
a21b.fsb.txt	719	182	四葉	A21b_030_080_03_00	四葉	/sound/voice/A21b_030_080_03_00_00.ogg	unique_exact_anchor	exact	selected	1	same
a21b.fsb.txt	721	183	セブン	A21b_030_080_04_00	セブン	/sound/voice/A21b_030_080_04_00_00.ogg	unique_exact_anchor	exact	selected	1	same
a21b.fsb.txt	723	184	四葉	A21b_030_080_05_00	四葉	/sound/voice/A21b_030_080_05_00_00.ogg	unique_exact_anchor	exact	selected	1	same
a21b.fsb.txt	726	185	淳平	A21b_030_090_01_00	淳平	/sound/voice/A21b_030_090_01_00_00.ogg	unique_exact_anchor	exact	selected	1	same
a21b.fsb.txt	728	186	セブン	A21b_030_090_02_00	セブン	/sound/voice/A21b_030_090_02_00_00.ogg	monotonic_tfidf	exact	selected	1	same
a21b.fsb.txt	730	187	四葉	A21b_030_090_03_00	四葉	/sound/voice/A21b_030_090_03_00_00.ogg	monotonic_tfidf	exact	selected	1	same
a21b.fsb.txt	736	189	淳平	A21b_030_100_01_00	淳平	/sound/voice/A21b_030_100_01_00_00.ogg	unique_exact_anchor	exact	selected	1	same
a21b.fsb.txt	738	190	淳平	A21b_030_100_02_00	淳平	/sound/voice/A21b_030_100_02_00_00.ogg	unique_exact_anchor	exact	selected	1	same
a21b.fsb.txt	740	191	セブン	A21b_030_100_03_00	セブン	/sound/voice/A21b_030_100_03_00_00.ogg	monotonic_tfidf	high	selected	1	same
a21b.fsb.txt	742	192	淳平	A21b_030_100_04_00	淳平	/sound/voice/A21b_030_100_04_00_00.ogg	monotonic_tfidf	exact	selected	1	same
a21b.fsb.txt	754	194	四葉	A21b_030_110_01_00	四葉	/sound/voice/A21b_030_110_01_00_00.ogg	unique_exact_anchor	exact	selected	1	same
a21b.fsb.txt	756	195	淳平	A21b_030_110_02_00	淳平	/sound/voice/A21b_030_110_02_00_00.ogg	unique_exact_anchor	exact	selected	1	same
a21b.fsb.txt	758	196	四葉	A21b_030_110_03_00	四葉	/sound/voice/A21b_030_110_03_00_00.ogg	unique_exact_anchor	exact	selected	1	same
a21b.fsb.txt	766	197	セブン	A21b_030_110_04_00	セブン	/sound/voice/A21b_030_110_04_00_00.ogg	unique_exact_anchor	exact	selected	1	same
a21b.fsb.txt	774	200	淳平	A21b_030_120_03_00	淳平	/sound/voice/A21b_030_120_03_00_00.ogg	unique_exact_anchor	exact	selected	1	same
a21b.fsb.txt	776	201	四葉	A21b_030_120_04_00	四葉	/sound/voice/A21b_030_120_04_00_00.ogg	monotonic_tfidf	exact	selected	1	same
a21b.fsb.txt	780	202	セブン	A21b_030_120_05_00	セブン	/sound/voice/A21b_030_120_05_00_00.ogg	unique_exact_anchor	exact	selected	1	same
a21d.fsb.txt	16	0	四葉	A21d_010_010_01_00	四葉	/sound/voice/A21d_010_010_01_00_00.ogg	unique_exact_anchor	exact	selected	1	same
a21d.fsb.txt	18	1	淳平	A21d_010_010_02_00	淳平	/sound/voice/A21d_010_010_02_00_00.ogg	unique_exact_anchor	exact	selected	1	same
a21d.fsb.txt	26	4	淳平	A21d_010_010_06_00	淳平	/sound/voice/A21d_010_010_06_00_00.ogg	unique_exact_anchor	exact	selected	1	same
a21d.fsb.txt	29	5	セブン	A21d_010_010_07_00	セブン	/sound/voice/A21d_010_010_07_00_00.ogg	unique_exact_anchor	exact	selected	1	same
a21d.fsb.txt	53	10	淳平	A21d_010_030_01_00	淳平	/sound/voice/A21d_010_030_01_00_00.ogg	monotonic_tfidf	medium	selected	1	same
a21d.fsb.txt	57	12	淳平	A21d_010_030_03_00	淳平	/sound/voice/A21d_010_030_03_00_00.ogg	unique_exact_anchor	exact	selected	1	same
a21d.fsb.txt	59	13	セブン	A21d_010_030_04_00	セブン	/sound/voice/A21d_010_030_04_00_00.ogg	unique_exact_anchor	exact	selected	1	same
a21d.fsb.txt	62	14	淳平	A21d_010_040_01_00	淳平	/sound/voice/A21d_010_040_01_00_00.ogg	unique_exact_anchor	exact	selected	1	same
a21d.fsb.txt	64	15	セブン	A21d_010_040_02_00	セブン	/sound/voice/A21d_010_040_02_00_00.ogg	unique_exact_anchor	exact	selected	1	same
a21d.fsb.txt	66	16	淳平	A21d_010_040_03_00	淳平	/sound/voice/A21d_010_040_03_00_00.ogg	unique_exact_anchor	exact	selected	1	same
a21d.fsb.txt	68	17	セブン	A21d_010_040_04_00	セブン	/sound/voice/A21d_010_040_04_00_00.ogg	unique_exact_anchor	exact	selected	1	same
a21d.fsb.txt	70	18	セブン	A21d_010_040_05_00	セブン	/sound/voice/A21d_010_040_05_00_00.ogg	unique_exact_anchor	exact	selected	1	same
a21d.fsb.txt	80	20	淳平	A21d_010_050_02_00	淳平	/sound/voice/A21d_010_050_02_00_00.ogg	unique_exact_anchor	exact	selected	1	same
a21d.fsb.txt	85	22	セブン	A21d_010_050_04_00	セブン	/sound/voice/A21d_010_050_04_00_00.ogg	unique_exact_anchor	exact	selected	1	same
a21d.fsb.txt	89	23	セブン	A21d_010_060_01_00	セブン	/sound/voice/A21d_010_060_01_00_00.ogg	unique_exact_anchor	exact	selected	1	same
a21d.fsb.txt	91	24	セブン	A21d_010_060_02_00	セブン	/sound/voice/A21d_010_060_02_00_00.ogg	unique_exact_anchor	exact	selected	1	same
a21d.fsb.txt	93	25	セブン	A21d_010_060_03_00	セブン	/sound/voice/A21d_010_060_03_00_00.ogg	monotonic_tfidf	high	selected	1	same
a21d.fsb.txt	95	26	セブン	A21d_010_060_04_00	セブン	/sound/voice/A21d_010_060_04_00_00.ogg	unique_exact_anchor	exact	selected	1	same
a21d.fsb.txt	146	37	セブン	A21d_010_110_01_00	セブン	/sound/voice/A21d_010_110_01_00_00.ogg	unique_exact_anchor	exact	selected	1	same
a21d.fsb.txt	170	42	淳平	A21d_010_120_01_00	淳平	/sound/voice/A21d_010_120_01_00_00.ogg	unique_exact_anchor	exact	selected	1	same
a21d.fsb.txt	172	43	淳平	A21d_010_120_02_00	淳平	/sound/voice/A21d_010_120_02_00_00.ogg	unique_exact_anchor	exact	selected	1	same
a21d.fsb.txt	174	44	淳平	A21d_010_120_03_00	淳平	/sound/voice/A21d_010_120_03_00_00.ogg	unique_exact_anchor	exact	selected	1	same
a21d.fsb.txt	183	47	セブン	A21d_010_130_03_00	セブン	/sound/voice/A21d_010_130_03_00_00.ogg	unique_exact_anchor	exact	selected	1	same
a21d.fsb.txt	185	48	セブン	A21d_010_130_04_00	セブン	/sound/voice/A21d_010_130_04_00_00.ogg	unique_exact_anchor	exact	selected	1	same
a21d.fsb.txt	188	49	淳平	A21d_010_140_01_00	淳平	/sound/voice/A21d_010_140_01_00_00.ogg	unique_exact_anchor	exact	selected	1	same
a21d.fsb.txt	190	50	セブン	A21d_010_140_02_00	セブン	/sound/voice/A21d_010_140_02_00_00.ogg	unique_exact_anchor	exact	selected	1	same
a21d.fsb.txt	192	51	淳平	A21d_010_140_03_00	淳平	/sound/voice/A21d_010_140_03_00_00.ogg	unique_exact_anchor	exact	selected	1	same
a21d.fsb.txt	194	52	セブン	A21d_010_140_04_00	セブン	/sound/voice/A21d_010_140_04_00_00.ogg	unique_exact_anchor	exact	selected	1	same
a21d.fsb.txt	214	57	セブン	A21d_010_160_02_00	セブン	/sound/voice/A21d_010_160_02_00_00.ogg	unique_exact_anchor	exact	selected	1	same
a21d.fsb.txt	216	58	淳平	A21d_010_160_03_00	淳平	/sound/voice/A21d_010_160_03_00_00.ogg	unique_exact_anchor	exact	selected	1	same
a21d.fsb.txt	219	59	セブン	A21d_010_160_04_00	セブン	/sound/voice/A21d_010_160_04_00_00.ogg	unique_exact_anchor	exact	selected	1	same
a21d.fsb.txt	228	62	淳平	A21d_010_170_03_00	淳平	/sound/voice/A21d_010_170_03_00_00.ogg	unique_exact_anchor	exact	selected	1	same
a21d.fsb.txt	237	66	淳平	A21d_010_180_01_00	淳平	/sound/voice/A21d_010_180_01_00_00.ogg	unique_exact_anchor	exact	selected	1	same
a21d.fsb.txt	239	67	セブン	A21d_010_180_02_00	セブン	/sound/voice/A21d_010_180_02_00_00.ogg	unique_exact_anchor	exact	selected	1	same
a21d.fsb.txt	249	70	セブン	A21d_010_180_05_00	セブン	/sound/voice/A21d_010_180_05_00_00.ogg	unique_exact_anchor	exact	selected	1	same
a21d.fsb.txt	260	75	淳平	A21d_010_190_05_00	淳平	/sound/voice/A21d_010_190_05_00_00.ogg	unique_exact_anchor	exact	selected	1	same
a21d.fsb.txt	271	78	四葉	A21d_010_200_03_00	四葉	/sound/voice/A21d_010_200_03_00_00.ogg	monotonic_tfidf	exact	selected	1	same
a21d.fsb.txt	273	79	四葉	A21d_010_200_04_00	四葉	/sound/voice/A21d_010_200_04_00_00.ogg	monotonic_tfidf	exact	selected	1	same
a21d.fsb.txt	279	80	セブン	A21d_010_210_01_00	セブン	/sound/voice/A21d_010_210_01_00_00.ogg	monotonic_tfidf	exact	selected	1	same
a21d.fsb.txt	288	83	セブン	A21d_010_220_01_00	セブン	/sound/voice/A21d_010_220_01_00_00.ogg	unique_exact_anchor	exact	selected	1	same
a21d.fsb.txt	290	84	セブン	A21d_010_220_02_00	セブン	/sound/voice/A21d_010_220_02_00_00.ogg	unique_exact_anchor	exact	selected	1	same
a21d.fsb.txt	306	87	淳平	A21d_010_230_01_00	淳平	/sound/voice/A21d_010_230_01_00_00.ogg	unique_exact_anchor	exact	selected	1	same
a21d.fsb.txt	308	88	セブン	A21d_010_230_02_00	セブン	/sound/voice/A21d_010_230_02_00_00.ogg	unique_exact_anchor	exact	selected	1	same
a21d.fsb.txt	310	89	セブン	A21d_010_230_03_00	セブン	/sound/voice/A21d_010_230_03_00_00.ogg	unique_exact_anchor	exact	selected	1	same
a21d.fsb.txt	312	90	セブン	A21d_010_230_04_00	セブン	/sound/voice/A21d_010_230_04_00_00.ogg	unique_exact_anchor	exact	selected	1	same
a21d.fsb.txt	321	92	セブン	A21d_010_240_03_00	セブン	/sound/voice/A21d_010_240_03_00_00.ogg	unique_exact_anchor	exact	selected	1	same
a21d.fsb.txt	323	93	淳平	A21d_010_240_04_00	淳平	/sound/voice/A21d_010_240_04_00_00.ogg	unique_exact_anchor	exact	selected	1	same
a21d.fsb.txt	325	94	セブン	A21d_010_240_05_00	セブン	/sound/voice/A21d_010_240_05_00_00.ogg	unique_exact_anchor	exact	selected	1	same
a21d.fsb.txt	327	95	淳平	A21d_010_240_06_00	淳平	/sound/voice/A21d_010_240_06_00_00.ogg	unique_exact_anchor	exact	selected	1	same
a21d.fsb.txt	329	96	セブン	A21d_010_240_07_00	セブン	/sound/voice/A21d_010_240_07_00_00.ogg	unique_exact_anchor	exact	selected	1	same
a21d.fsb.txt	331	97	淳平	A21d_010_240_08_00	淳平	/sound/voice/A21d_010_240_08_00_00.ogg	unique_exact_anchor	exact	selected	1	same
a21d.fsb.txt	348	100	セブン	A21d_010_260_01_00	セブン	/sound/voice/A21d_010_260_01_00_00.ogg	unique_exact_anchor	exact	selected	1	same
a21d.fsb.txt	350	101	淳平	A21d_010_260_02_00	淳平	/sound/voice/A21d_010_260_02_00_00.ogg	unique_exact_anchor	exact	selected	1	same
a21d.fsb.txt	352	102	淳平	A21d_010_260_03_00	淳平	/sound/voice/A21d_010_260_03_00_00.ogg	unique_exact_anchor	exact	selected	1	same
a21d.fsb.txt	354	103	セブン	A21d_010_260_04_00	セブン	/sound/voice/A21d_010_260_04_00_00.ogg	unique_exact_anchor	exact	selected	1	same
a21d.fsb.txt	357	104	淳平	A21d_010_270_01_00	淳平	/sound/voice/A21d_010_270_01_00_00.ogg	unique_exact_anchor	exact	selected	1	same
a21d.fsb.txt	359	105	淳平	A21d_010_270_02_00	淳平	/sound/voice/A21d_010_270_02_00_00.ogg	unique_exact_anchor	exact	selected	1	same
a21d.fsb.txt	361	106	セブン	A21d_010_270_03_00	セブン	/sound/voice/A21d_010_270_03_00_00.ogg	unique_exact_anchor	exact	selected	1	same
a21d.fsb.txt	367	107	セブン	A21d_010_280_01_00	セブン	/sound/voice/A21d_010_280_01_00_00.ogg	unique_exact_anchor	exact	selected	1	same
a21d.fsb.txt	369	108	セブン	A21d_010_280_02_00	セブン	/sound/voice/A21d_010_280_02_00_00.ogg	unique_exact_anchor	exact	selected	1	same
a21d.fsb.txt	376	111	セブン	A21d_010_290_01_00	セブン	/sound/voice/A21d_010_290_01_00_00.ogg	unique_exact_anchor	exact	selected	1	same
a21d.fsb.txt	378	112	セブン	A21d_010_290_02_00	セブン	/sound/voice/A21d_010_290_02_00_00.ogg	unique_exact_anchor	exact	selected	1	same
a21d.fsb.txt	380	113	淳平	A21d_010_290_03_00	淳平	/sound/voice/A21d_010_290_03_00_00.ogg	unique_exact_anchor	exact	selected	1	same
a21d.fsb.txt	382	114	セブン	A21d_010_290_04_00	セブン	/sound/voice/A21d_010_290_04_00_00.ogg	unique_exact_anchor	exact	selected	1	same
a21d.fsb.txt	385	115	セブン	A21d_010_300_01_00	セブン	/sound/voice/A21d_010_300_01_00_00.ogg	monotonic_tfidf	high	selected	1	same
a21d.fsb.txt	387	116	セブン	A21d_010_300_02_00	セブン	/sound/voice/A21d_010_300_02_00_00.ogg	unique_exact_anchor	exact	selected	1	same
a21d.fsb.txt	389	117	淳平	A21d_010_300_03_00	淳平	/sound/voice/A21d_010_300_03_00_00.ogg	unique_exact_anchor	exact	selected	1	same
a21d.fsb.txt	391	118	セブン	A21d_010_300_04_00	セブン	/sound/voice/A21d_010_300_04_00_00.ogg	unique_exact_anchor	exact	selected	1	same
a21d.fsb.txt	451	135	淳平	A21d_010_350_03_00	淳平	/sound/voice/A21d_010_350_03_00_00.ogg	unique_exact_anchor	exact	selected	1	same
a21d.fsb.txt	456	136	セブン	A21d_010_350_04_00	セブン	/sound/voice/A21d_010_350_04_00_00.ogg	unique_exact_anchor	exact	selected	1	same
a21d.fsb.txt	487	144	セブン	A21d_010_380_01_00	セブン	/sound/voice/A21d_010_380_01_00_00.ogg	unique_exact_anchor	exact	selected	1	same
a21d.fsb.txt	489	145	淳平	A21d_010_380_02_00	淳平	/sound/voice/A21d_010_380_02_00_00.ogg	unique_exact_anchor	exact	selected	1	same
a21d.fsb.txt	491	146	セブン	A21d_010_380_03_00	セブン	/sound/voice/A21d_010_380_03_00_00.ogg	unique_exact_anchor	exact	selected	1	same
a21d.fsb.txt	493	147	セブン	A21d_010_380_04_00	セブン	/sound/voice/A21d_010_380_04_00_00.ogg	unique_exact_anchor	exact	selected	1	same
a21d.fsb.txt	496	148	セブン	A21d_010_390_01_00	セブン	/sound/voice/A21d_010_390_01_00_00.ogg	unique_exact_anchor	exact	selected	1	same
a21d.fsb.txt	498	149	セブン	A21d_010_390_02_00	セブン	/sound/voice/A21d_010_390_02_00_00.ogg	unique_exact_anchor	exact	selected	1	same
a21d.fsb.txt	500	150	セブン	A21d_010_390_03_00	セブン	/sound/voice/A21d_010_390_03_00_00.ogg	unique_exact_anchor	exact	selected	1	same
a21d.fsb.txt	503	151	淳平	A21d_010_400_01_00	淳平	/sound/voice/A21d_010_400_01_00_00.ogg	unique_exact_anchor	exact	selected	1	same
a21d.fsb.txt	505	152	セブン	A21d_010_400_02_00	セブン	/sound/voice/A21d_010_400_02_00_00.ogg	unique_exact_anchor	exact	selected	1	same
a21d.fsb.txt	507	153	淳平	A21d_010_400_03_00	淳平	/sound/voice/A21d_010_400_03_00_00.ogg	unique_exact_anchor	exact	selected	1	same
a21d.fsb.txt	509	154	セブン	A21d_010_400_04_00	セブン	/sound/voice/A21d_010_400_04_00_00.ogg	unique_exact_anchor	exact	selected	1	same
a21d.fsb.txt	511	155	淳平	A21d_010_400_05_00	淳平	/sound/voice/A21d_010_400_05_00_00.ogg	unique_exact_anchor	exact	selected	1	same
a21d.fsb.txt	513	156	セブン	A21d_010_400_06_00	セブン	/sound/voice/A21d_010_400_06_00_00.ogg	unique_exact_anchor	exact	selected	1	same
a21d.fsb.txt	519	158	淳平	A21d_010_410_02_00	淳平	/sound/voice/A21d_010_410_02_00_00.ogg	unique_exact_anchor	exact	selected	1	same
a21d.fsb.txt	538	162	セブン	A21d_010_420_03_00	セブン	/sound/voice/A21d_010_420_03_00_00.ogg	unique_exact_anchor	exact	selected	1	same
a21d.fsb.txt	540	163	セブン	A21d_010_420_04_00	セブン	/sound/voice/A21d_010_420_04_00_00.ogg | /sound/voice/A21d_010_420_04_00_01.ogg	monotonic_tfidf	high	selected	1	same
a21d.fsb.txt	542	164	セブン	A21d_010_420_05_00	セブン	/sound/voice/A21d_010_420_05_00_00.ogg	unique_exact_anchor	exact	selected	1	same
a21d.fsb.txt	545	165	淳平	A21d_010_430_01_00	淳平	/sound/voice/A21d_010_430_01_00_00.ogg	monotonic_tfidf	medium	selected	1	same
a21d.fsb.txt	547	166	淳平	A21d_010_430_02_00	淳平	/sound/voice/A21d_010_430_02_00_00.ogg	unique_exact_anchor	exact	selected	1	same
a21d.fsb.txt	549	167	セブン	A21d_010_430_03_00	セブン	/sound/voice/A21d_010_430_03_00_00.ogg	unique_exact_anchor	exact	selected	1	same
a21d.fsb.txt	552	168	淳平	A21d_010_440_01_00	淳平	/sound/voice/A21d_010_440_01_00_00.ogg	unique_exact_anchor	exact	selected	1	same
a21d.fsb.txt	558	171	セブン	A21d_010_440_04_00	セブン	/sound/voice/A21d_010_440_04_00_00.ogg	unique_exact_anchor	exact	selected	1	same
a21d.fsb.txt	561	172	セブン	A21d_010_450_01_00	セブン	/sound/voice/A21d_010_450_01_00_00.ogg	unique_exact_anchor	exact	selected	1	same
a21d.fsb.txt	563	173	セブン	A21d_010_450_02_00	セブン	/sound/voice/A21d_010_450_02_00_00.ogg	unique_exact_anchor	exact	selected	1	same
a21d.fsb.txt	565	174	セブン	A21d_010_450_03_00	セブン	/sound/voice/A21d_010_450_03_00_00.ogg	unique_exact_anchor	exact	selected	1	same
a21d.fsb.txt	568	175	セブン	A21d_010_450_04_00	セブン	/sound/voice/A21d_010_450_04_00_00.ogg	unique_exact_anchor	exact	selected	1	same
a21d.fsb.txt	570	176	淳平	A21d_010_450_05_00	淳平	/sound/voice/A21d_010_450_05_00_00.ogg	unique_exact_anchor	exact	selected	1	same
a21d.fsb.txt	576	177	セブン	A21d_010_460_01_00	セブン	/sound/voice/A21d_010_460_01_00_00.ogg	unique_exact_anchor	exact	selected	1	same
a21d.fsb.txt	578	178	セブン	A21d_010_460_02_00	セブン	/sound/voice/A21d_010_460_02_00_00.ogg	unique_exact_anchor	exact	selected	1	same
a21d.fsb.txt	580	179	セブン	A21d_010_460_03_00	セブン	/sound/voice/A21d_010_460_03_00_00.ogg	unique_exact_anchor	exact	selected	1	same
a21d.fsb.txt	582	180	セブン	A21d_010_460_04_00	セブン	/sound/voice/A21d_010_460_04_00_00.ogg	monotonic_tfidf	high	selected	1	same
a21d.fsb.txt	584	181	淳平	A21d_010_460_05_00	淳平	/sound/voice/A21d_010_460_05_00_00.ogg	unique_exact_anchor	exact	selected	1	same
a21d.fsb.txt	586	182	セブン	A21d_010_460_06_00	セブン	/sound/voice/A21d_010_460_06_00_00.ogg	unique_exact_anchor	exact	selected	1	same
a21d.fsb.txt	592	184	セブン	A21d_010_470_02_00	セブン	/sound/voice/A21d_010_470_02_00_00.ogg	unique_exact_anchor	exact	selected	1	same
a21d.fsb.txt	594	185	セブン	A21d_010_470_03_00	セブン	/sound/voice/A21d_010_470_03_00_00.ogg | /sound/voice/A21d_010_470_03_00_01.ogg	monotonic_tfidf	high	selected	1	same
a21d.fsb.txt	596	186	淳平	A21d_010_470_04_00	淳平	/sound/voice/A21d_010_470_04_00_00.ogg	monotonic_tfidf	exact	selected	1	same
a21d.fsb.txt	610	190	四葉	A21d_010_480_03_00	四葉	/sound/voice/A21d_010_480_03_00_00.ogg	monotonic_tfidf	exact	selected	1	same
a21d.fsb.txt	612	191	四葉	A21d_010_480_04_00	四葉	/sound/voice/A21d_010_480_04_00_00.ogg	monotonic_tfidf	exact	selected	1	same
a21d.fsb.txt	618	192	セブン	A21d_010_490_01_00	セブン	/sound/voice/A21d_010_490_01_00_00.ogg	monotonic_tfidf	exact	selected	1	same
a21d.fsb.txt	627	195	セブン	A21d_010_500_01_00	セブン	/sound/voice/A21d_010_500_01_00_00.ogg	monotonic_tfidf	exact	selected	1	same
a21d.fsb.txt	629	196	セブン	A21d_010_500_02_00	セブン	/sound/voice/A21d_010_500_02_00_00.ogg	monotonic_tfidf	exact	selected	1	same
a21d.fsb.txt	644	200	紫	A21d_010_510_03_00	紫	/sound/voice/A21d_010_510_03_00_00.ogg	unique_exact_anchor	exact	selected	1	same
a21d.fsb.txt	649	201	紫	A21d_010_520_01_00	紫	/sound/voice/A21d_010_520_01_00_00.ogg	unique_exact_anchor	exact	selected	1	same
a21d.fsb.txt	651	202	紫	A21d_010_520_02_00	紫	/sound/voice/A21d_010_520_02_00_00.ogg	unique_exact_anchor	exact	selected	1	same
a21d.fsb.txt	670	209	淳平	A21d_010_540_01_00	淳平	/sound/voice/A21d_010_540_01_00_00.ogg	unique_exact_anchor	exact	selected	1	same
a21d.fsb.txt	672	210	淳平	A21d_010_540_02_00	淳平	/sound/voice/A21d_010_540_02_00_00.ogg	unique_exact_anchor	exact	selected	1	same
a21d.fsb.txt	687	212	淳平	A21d_010_550_01_00	淳平	/sound/voice/A21d_010_550_01_00_00.ogg	unique_exact_anchor	exact	selected	1	same
a21d.fsb.txt	693	214	セブン	A21d_010_560_01_00	セブン	/sound/voice/A21d_010_560_01_00_00.ogg	unique_exact_anchor	exact	selected	1	same
a21d.fsb.txt	695	215	セブン	A21d_010_560_02_00	セブン	/sound/voice/A21d_010_560_02_00_00.ogg	unique_exact_anchor	exact	selected	1	same
a21d.fsb.txt	697	216	セブン	A21d_010_560_03_00	セブン	/sound/voice/A21d_010_560_03_00_00.ogg	unique_exact_anchor	exact	selected	1	same
a21d.fsb.txt	699	217	セブン	A21d_010_560_04_00	セブン	/sound/voice/A21d_010_560_04_00_00.ogg	unique_exact_anchor	exact	selected	1	same
a21d.fsb.txt	701	218	淳平	A21d_010_560_05_00	淳平	/sound/voice/A21d_010_560_05_00_00.ogg	unique_exact_anchor	exact	selected	1	same
a21d.fsb.txt	705	219	セブン	A21d_010_570_01_00	セブン	/sound/voice/A21d_010_570_01_00_00.ogg	unique_exact_anchor	exact	selected	1	same
a21d.fsb.txt	707	220	セブン	A21d_010_570_02_00	セブン	/sound/voice/A21d_010_570_02_00_00.ogg	unique_exact_anchor	exact	selected	1	same
a21d.fsb.txt	709	221	淳平	A21d_010_570_03_00	淳平	/sound/voice/A21d_010_570_03_00_00.ogg	unique_exact_anchor	exact	selected	1	same
a21d.fsb.txt	712	222	セブン	A21d_010_580_01_00	セブン	/sound/voice/A21d_010_580_01_00_00.ogg	unique_exact_anchor	exact	selected	1	same
a21d.fsb.txt	714	223	セブン	A21d_010_580_02_00	セブン	/sound/voice/A21d_010_580_02_00_00.ogg	monotonic_tfidf	high	selected	1	same
a21d.fsb.txt	716	224	セブン	A21d_010_580_03_00	セブン	/sound/voice/A21d_010_580_03_00_00.ogg	unique_exact_anchor	exact	selected	1	same
a21d.fsb.txt	718	225	セブン	A21d_010_580_04_00	セブン	/sound/voice/A21d_010_580_04_00_00.ogg	unique_exact_anchor	exact	selected	1	same
a21d.fsb.txt	721	226	淳平	A21d_010_590_01_00	淳平	/sound/voice/A21d_010_590_01_00_00.ogg	unique_exact_anchor	exact	selected	1	same
a21d.fsb.txt	723	227	セブン	A21d_010_590_02_00	セブン	/sound/voice/A21d_010_590_02_00_00.ogg	unique_exact_anchor	exact	selected	1	same
a21d.fsb.txt	725	228	セブン	A21d_010_590_03_00	セブン	/sound/voice/A21d_010_590_03_00_00.ogg	unique_exact_anchor	exact	selected	1	same
a21d.fsb.txt	727	229	淳平	A21d_010_590_04_00	淳平	/sound/voice/A21d_010_590_04_00_00.ogg	unique_exact_anchor	exact	selected	1	same
a21d.fsb.txt	729	230	セブン	A21d_010_590_05_00	セブン	/sound/voice/A21d_010_590_05_00_00.ogg	unique_exact_anchor	exact	selected	1	same
a21d.fsb.txt	744	234	四葉	A21d_010_600_03_00	四葉	/sound/voice/A21d_010_600_03_00_00.ogg	monotonic_tfidf	exact	selected	1	same
a21d.fsb.txt	746	235	四葉	A21d_010_600_04_00	四葉	/sound/voice/A21d_010_600_04_00_00.ogg	monotonic_tfidf	exact	selected	1	same
a21d.fsb.txt	751	236	セブン	A21d_010_610_01_00	セブン	/sound/voice/A21d_010_610_01_00_00.ogg	monotonic_tfidf	exact	selected	1	same
a21d.fsb.txt	753	237	四葉	A21d_010_610_02_00	四葉	/sound/voice/A21d_010_610_02_00_00.ogg	monotonic_tfidf	exact	selected	1	same
a21d.fsb.txt	760	239	セブン	A21d_010_620_01_00	セブン	/sound/voice/A21d_010_620_01_00_00.ogg	monotonic_tfidf	exact	selected	1	same
a21d.fsb.txt	762	240	セブン	A21d_010_620_02_00	セブン	/sound/voice/A21d_010_620_02_00_00.ogg	monotonic_tfidf	exact	selected	1	same
a21d.fsb.txt	781	247	淳平	A21d_010_640_01_00	淳平	/sound/voice/A21d_010_640_01_00_00.ogg	unique_exact_anchor	exact	selected	1	same
a21d.fsb.txt	783	248	淳平	A21d_010_640_02_00	淳平	/sound/voice/A21d_010_640_02_00_00.ogg	unique_exact_anchor	exact	selected	1	same
a21d.fsb.txt	802	250	セブン	A21d_020_010_01_00	セブン	/sound/voice/A21d_020_010_01_00_00.ogg	unique_exact_anchor	exact	selected	1	same
a21d.fsb.txt	808	252	淳平	A21d_020_010_03_00	淳平	/sound/voice/A21d_020_010_03_00_00.ogg	unique_exact_anchor	exact	selected	1	same
a21d.fsb.txt	810	253	セブン	A21d_020_010_04_00	セブン	/sound/voice/A21d_020_010_04_00_00.ogg	unique_exact_anchor	exact	selected	1	same
a21d.fsb.txt	812	254	淳平	A21d_020_010_05_00	淳平	/sound/voice/A21d_020_010_05_00_00.ogg	extended_same_speaker	high	selected	1	same
a21d.fsb.txt	823	256	淳平	A21d_020_020_02_00	淳平	/sound/voice/A21d_020_020_02_00_00.ogg	unique_exact_anchor	exact	selected	1	same
a21d.fsb.txt	825	257	淳平	A21d_020_020_03_00	淳平	/sound/voice/A21d_020_020_03_00_00.ogg	unique_exact_anchor	exact	selected	1	same
a21d.fsb.txt	827	258	セブン	A21d_020_020_04_00	セブン	/sound/voice/A21d_020_020_04_00_00.ogg	unique_exact_anchor	exact	selected	1	same
a21d.fsb.txt	847	262	淳平	A21d_020_030_03_00	淳平	/sound/voice/A21d_020_030_03_00_00.ogg	unique_exact_anchor	exact	selected	1	same
a21d.fsb.txt	857	266	淳平	A21d_020_040_03_00	淳平	/sound/voice/A21d_020_040_03_00_00.ogg	unique_exact_anchor	exact	selected	1	same
a21d.fsb.txt	859	267	淳平	A21d_020_040_04_00	淳平	/sound/voice/A21d_020_040_04_00_00.ogg	unique_exact_anchor	exact	selected	1	same
a21d.fsb.txt	869	271	淳平	A21d_020_050_04_00	淳平	/sound/voice/A21d_020_050_04_00_00.ogg	unique_exact_anchor	exact	selected	1	same
a21d.fsb.txt	878	274	四葉	A21d_020_060_03_00	四葉	/sound/voice/A21d_020_060_03_00_00.ogg	unique_exact_anchor	exact	selected	1	same
a21d.fsb.txt	885	277	淳平	A21d_020_070_01_00	淳平	/sound/voice/A21d_020_070_01_00_00.ogg	monotonic_tfidf	exact	selected	1	same
a21d.fsb.txt	887	278	四葉	A21d_020_070_02_00	四葉	/sound/voice/A21d_020_070_02_00_00.ogg	unique_exact_anchor	exact	selected	1	same
a21d.fsb.txt	889	279	四葉	A21d_020_070_03_00	四葉	/sound/voice/A21d_020_070_03_00_00.ogg	unique_exact_anchor	exact	selected	1	same
a21d.fsb.txt	891	280	四葉	A21d_020_070_04_00	四葉	/sound/voice/A21d_020_070_04_00_00.ogg	unique_exact_anchor	exact	selected	1	same
a21d.fsb.txt	897	282	淳平	A21d_020_080_03_00	淳平	/sound/voice/A21d_020_080_03_00_00.ogg	unique_exact_anchor	exact	selected	1	same
a21d.fsb.txt	899	283	淳平	A21d_020_080_04_00	淳平	/sound/voice/A21d_020_080_04_00_00.ogg	unique_exact_anchor	exact	selected	1	same
a21d.fsb.txt	955	295	淳平	A21d_020_110_01_00	淳平	/sound/voice/A21d_020_110_01_00_00.ogg	unique_exact_anchor	exact	selected	1	same
a21d.fsb.txt	981	301	淳平	A21d_020_130_02_00	淳平	/sound/voice/A21d_020_130_02_00_00.ogg	monotonic_tfidf	review	selected	1	same
a21d.fsb.txt	983	302	淳平	A21d_020_130_03_00	淳平	/sound/voice/A21d_020_130_03_00_00.ogg	unique_exact_anchor	exact	selected	1	same
a21d.fsb.txt	985	303	淳平	A21d_020_130_05_00	淳平	/sound/voice/A21d_020_130_05_00_00.ogg	unique_exact_anchor	exact	selected	1	same
a21d.fsb.txt	991	305	淳平	A21d_020_140_01_00	淳平	/sound/voice/A21d_020_140_01_00_00.ogg	unique_exact_anchor	exact	selected	1	same
a21d.fsb.txt	997	308	淳平	A21d_020_140_04_00	淳平	/sound/voice/A21d_020_140_04_00_00.ogg	unique_exact_anchor	exact	selected	1	same
a21d.fsb.txt	1002	310	淳平	A21d_020_150_02_00	淳平	/sound/voice/A21d_020_150_02_00_00.ogg	unique_exact_anchor	exact	selected	1	same
a21d.fsb.txt	1004	311	淳平	A21d_020_150_03_00	淳平	/sound/voice/A21d_020_150_03_00_00.ogg	unique_exact_anchor	exact	selected	1	same
a21d.fsb.txt	1015	314	四葉	A21d_020_160_03_00	四葉	/sound/voice/A21d_020_160_03_00_00.ogg	monotonic_tfidf	exact	selected	1	same
a21d.fsb.txt	1036	320	四葉	A21d_020_180_01_00	四葉	/sound/voice/A21d_020_180_01_00_00.ogg	monotonic_tfidf	exact	selected	1	same
a21d.fsb.txt	1049	325	淳平	A21d_020_190_02_00	淳平	/sound/voice/A21d_020_190_02_00_00.ogg	unique_exact_anchor	exact	selected	1	same
a21d.fsb.txt	1054	327	四葉	A21d_020_190_04_00	四葉	/sound/voice/A21d_020_190_04_00_00.ogg	unique_exact_anchor	exact	selected	1	same
a21d.fsb.txt	1056	328	淳平	A21d_020_190_05_00	淳平	/sound/voice/A21d_020_190_05_00_00.ogg	unique_exact_anchor	exact	selected	1	same
a21d.fsb.txt	1058	329	四葉	A21d_020_190_06_00	四葉	/sound/voice/A21d_020_190_06_00_00.ogg	unique_exact_anchor	exact	selected	1	same
a21d.fsb.txt	1066	332	淳平	A21d_020_200_03_00	淳平	/sound/voice/A21d_020_200_03_00_00.ogg	unique_exact_anchor	exact	selected	1	same
a21d.fsb.txt	1068	333	四葉	A21d_020_200_04_00	四葉	/sound/voice/A21d_020_200_04_00_00.ogg	unique_exact_anchor	exact	selected	1	same
a21d.fsb.txt	1070	334	四葉	A21d_020_200_05_00	四葉	/sound/voice/A21d_020_200_05_00_00.ogg	unique_exact_anchor	exact	selected	1	same
a21d.fsb.txt	1072	335	四葉	A21d_020_200_06_00	四葉	/sound/voice/A21d_020_200_06_00_00.ogg	unique_exact_anchor	exact	selected	1	same
a21d.fsb.txt	1075	336	淳平	A21d_020_210_01_00	淳平	/sound/voice/A21d_020_210_01_00_00.ogg	unique_exact_anchor	exact	selected	1	same
a21d.fsb.txt	1077	337	四葉	A21d_020_210_02_00	四葉	/sound/voice/A21d_020_210_02_00_00.ogg	unique_exact_anchor	exact	selected	1	same
a21d.fsb.txt	1079	338	淳平	A21d_020_210_03_00	淳平	/sound/voice/A21d_020_210_03_00_00.ogg	unique_exact_anchor	exact	selected	1	same
a21d.fsb.txt	1081	339	淳平	A21d_020_210_04_00	淳平	/sound/voice/A21d_020_210_04_00_00.ogg	unique_exact_anchor	exact	selected	1	same
a21d.fsb.txt	1093	343	四葉	A21d_020_230_01_00	四葉	/sound/voice/A21d_020_230_01_00_00.ogg	unique_exact_anchor	exact	selected	1	same
a21d.fsb.txt	1095	344	淳平	A21d_020_230_02_00	淳平	/sound/voice/A21d_020_230_02_00_00.ogg	unique_exact_anchor	exact	selected	1	same
a21d.fsb.txt	1097	345	四葉	A21d_020_230_03_00	四葉	/sound/voice/A21d_020_230_03_00_00.ogg	unique_exact_anchor	exact	selected	1	same
a21d.fsb.txt	1099	346	淳平	A21d_020_230_04_00	淳平	/sound/voice/A21d_020_230_04_00_00.ogg	unique_exact_anchor	exact	selected	1	same
a21d.fsb.txt	1101	347	四葉	A21d_020_230_05_00	四葉	/sound/voice/A21d_020_230_05_00_00.ogg	unique_exact_anchor	exact	selected	1	same
a21d.fsb.txt	1103	348	淳平	A21d_020_230_06_00	淳平	/sound/voice/A21d_020_230_06_00_00.ogg	unique_exact_anchor	exact	selected	1	same
a21d.fsb.txt	1113	351	四葉	A21d_020_240_03_00	四葉	/sound/voice/A21d_020_240_03_00_00.ogg	unique_exact_anchor	exact	selected	1	same
a21d.fsb.txt	1115	352	四葉	A21d_020_240_04_00	四葉	/sound/voice/A21d_020_240_04_00_00.ogg	unique_exact_anchor	exact	selected	1	same
a21d.fsb.txt	1117	353	淳平	A21d_020_240_05_00	淳平	/sound/voice/A21d_020_240_05_00_00.ogg	monotonic_tfidf	high	selected	1	same
a21d.fsb.txt	1119	354	四葉	A21d_020_240_06_00	四葉	/sound/voice/A21d_020_240_06_00_00.ogg	unique_exact_anchor	exact	selected	1	same
a21d.fsb.txt	1128	357	四葉	A21d_020_260_01_00	四葉	/sound/voice/A21d_020_260_01_00_00.ogg	unique_exact_anchor	exact	selected	1	same
a21d.fsb.txt	1132	359	四葉	A21d_020_260_03_10	四葉	/sound/voice/A21d_020_260_03_10_00.ogg	unique_exact_anchor	exact	selected	1	same
a21d.fsb.txt	1134	360	淳平	A21d_020_260_04_00	淳平	/sound/voice/A21d_020_260_04_00_00.ogg	unique_exact_anchor	exact	selected	1	same
a21d.fsb.txt	1142	363	四葉	A21d_020_270_03_00	四葉	/sound/voice/A21d_020_270_03_00_00.ogg	unique_exact_anchor	exact	selected	1	same
a21d.fsb.txt	1157	366	四葉	A21d_020_280_03_00	四葉	/sound/voice/A21d_020_280_03_00_00.ogg	unique_exact_anchor	exact	selected	1	same
a21d.fsb.txt	1159	367	四葉	A21d_020_280_04_00	四葉	/sound/voice/A21d_020_280_04_00_00.ogg	unique_exact_anchor	exact	selected	1	same
a21d.fsb.txt	1165	369	四葉	A21d_020_290_02_00	四葉	/sound/voice/A21d_020_290_02_00_00.ogg	unique_exact_anchor	exact	selected	1	same
a21d.fsb.txt	1167	370	四葉	A21d_020_290_03_00	四葉	/sound/voice/A21d_020_290_03_00_00.ogg	unique_exact_anchor	exact	selected	1	same
a21d.fsb.txt	1179	373	四葉	A21d_020_300_01_00	四葉	/sound/voice/A21d_020_300_01_00_00.ogg	unique_exact_anchor	exact	selected	1	same
a21d.fsb.txt	1186	376	四葉	A21d_020_300_04_00	四葉	/sound/voice/A21d_020_300_04_00_00.ogg	unique_exact_anchor	exact	selected	1	same
a21d.fsb.txt	1198	377	四葉	A21d_020_310_01_00	四葉	/sound/voice/A21d_020_310_01_00_00.ogg	unique_exact_anchor	exact	selected	1	same
a21d.fsb.txt	1200	378	四葉	A21d_020_310_02_00	四葉	/sound/voice/A21d_020_310_02_00_00.ogg	unique_exact_anchor	exact	selected	1	same
a21d.fsb.txt	1203	379	四葉	A21d_020_310_03_00	四葉	/sound/voice/A21d_020_310_03_00_00.ogg	unique_exact_anchor	exact	selected	1	same
a21d.fsb.txt	1217	383	淳平	A21d_020_320_01_00	淳平	/sound/voice/A21d_020_320_01_00_00.ogg	unique_exact_anchor	exact	selected	1	same
a21d.fsb.txt	1219	384	淳平	A21d_020_320_02_00	淳平	/sound/voice/A21d_020_320_02_00_00.ogg	unique_exact_anchor	exact	selected	1	same
a21d.fsb.txt	1225	385	淳平	A21d_020_330_01_00	淳平	/sound/voice/A21d_020_330_01_00_00.ogg	unique_exact_anchor	exact	selected	1	same
a21d.fsb.txt	1227	386	四葉	A21d_020_330_02_00	四葉	/sound/voice/A21d_020_330_02_00_00.ogg	unique_exact_anchor	exact	selected	1	same
a21d.fsb.txt	1229	387	淳平	A21d_020_330_03_00	淳平	/sound/voice/A21d_020_330_03_00_00.ogg	unique_exact_anchor	exact	selected	1	same
a21d.fsb.txt	1232	388	四葉	A21d_020_340_01_00	四葉	/sound/voice/A21d_020_340_01_00_00.ogg	unique_exact_anchor	exact	selected	1	same
a21d.fsb.txt	1236	390	淳平	A21d_020_340_03_00	淳平	/sound/voice/A21d_020_340_03_00_00.ogg	unique_exact_anchor	exact	selected	1	same
a21d.fsb.txt	1240	391	四葉	A21d_020_350_01_00	四葉	/sound/voice/A21d_020_350_01_00_00.ogg	unique_exact_anchor	exact	selected	1	same
a21d.fsb.txt	1242	392	淳平	A21d_020_350_02_00	淳平	/sound/voice/A21d_020_350_02_00_00.ogg	unique_exact_anchor	exact	selected	1	same
a21d.fsb.txt	1244	393	四葉	A21d_020_350_03_00	四葉	/sound/voice/A21d_020_350_03_00_00.ogg	unique_exact_anchor	exact	selected	1	same
a21d.fsb.txt	1246	394	淳平	A21d_020_350_04_00	淳平	/sound/voice/A21d_020_350_04_00_00.ogg	unique_exact_anchor	exact	selected	1	same
a21d.fsb.txt	1249	395	四葉	A21d_020_360_01_00	四葉	/sound/voice/A21d_020_360_01_00_00.ogg	unique_exact_anchor	exact	selected	1	same
a21d.fsb.txt	1251	396	四葉	A21d_020_360_02_00	四葉	/sound/voice/A21d_020_360_02_00_00.ogg	unique_exact_anchor	exact	selected	1	same
a21d.fsb.txt	1256	397	四葉	A21d_020_370_01_00	四葉	/sound/voice/A21d_020_370_01_00_00.ogg	unique_exact_anchor	exact	selected	1	same
a21d.fsb.txt	1258	398	四葉	A21d_020_370_02_00	四葉	/sound/voice/A21d_020_370_02_00_00.ogg	unique_exact_anchor	exact	selected	1	same
a21d.fsb.txt	1260	399	淳平	A21d_020_370_03_00	淳平	/sound/voice/A21d_020_370_03_00_00.ogg	monotonic_tfidf	high	selected	1	same
a21d.fsb.txt	1266	401	淳平	A21d_020_370_05_00	淳平	/sound/voice/A21d_020_370_05_00_00.ogg	unique_exact_anchor	exact	selected	1	same
a21d.fsb.txt	1271	402	四葉	A21d_020_380_01_00	四葉	/sound/voice/A21d_020_380_01_00_00.ogg	unique_exact_anchor	exact	selected	1	same
a21d.fsb.txt	1297	408	淳平	A21d_020_410_01_00	淳平	/sound/voice/A21d_020_410_01_00_00.ogg	monotonic_tfidf	exact	selected	1	same
a21d.fsb.txt	1308	411	四葉	A21d_020_420_01_00	四葉	/sound/voice/A21d_020_420_01_00_00.ogg	unique_exact_anchor	exact	selected	1	same
a21d.fsb.txt	1310	412	淳平	A21d_020_420_02_00	淳平	/sound/voice/A21d_020_420_02_00_00.ogg	unique_exact_anchor	exact	selected	1	same
a21d.fsb.txt	1312	413	四葉	A21d_020_420_03_00	四葉	/sound/voice/A21d_020_420_03_00_00.ogg | /sound/voice/A21d_020_420_03_00_01.ogg	monotonic_tfidf	high	selected	1	same
a21d.fsb.txt	1348	421	四葉	A21d_020_460_01_00	四葉	/sound/voice/A21d_020_460_01_00_00.ogg	unique_exact_anchor	exact	selected	1	same
a21d.fsb.txt	1353	423	四葉	A21d_020_460_03_00	四葉	/sound/voice/A21d_020_460_03_00_00.ogg	unique_exact_anchor	exact	selected	1	same
a21d.fsb.txt	1355	424	四葉	A21d_020_460_04_00	四葉	/sound/voice/A21d_020_460_04_00_00.ogg	unique_exact_anchor	exact	selected	1	same
a21d.fsb.txt	1358	425	四葉	A21d_020_470_01_00	四葉	/sound/voice/A21d_020_470_01_00_00.ogg	unique_exact_anchor	exact	selected	1	same
a21d.fsb.txt	1360	426	四葉	A21d_020_470_02_00	四葉	/sound/voice/A21d_020_470_02_00_00.ogg	unique_exact_anchor	exact	selected	1	same
a21d.fsb.txt	1362	427	四葉	A21d_020_470_03_00	四葉	/sound/voice/A21d_020_470_03_00_00.ogg	unique_exact_anchor	exact	selected	1	same
a21d.fsb.txt	1364	428	四葉	A21d_020_470_04_00	四葉	/sound/voice/A21d_020_470_04_00_00.ogg	unique_exact_anchor	exact	selected	1	same
a21d.fsb.txt	1366	429	四葉	A21d_020_470_05_00	四葉	/sound/voice/A21d_020_470_05_00_00.ogg	unique_exact_anchor	exact	selected	1	same
a21d.fsb.txt	1368	430	四葉	A21d_020_470_06_00	四葉	/sound/voice/A21d_020_470_06_00_00.ogg	unique_exact_anchor	exact	selected	1	same
a21d.fsb.txt	1390	432	セブン	A21d_020_480_02_00	セブン	/sound/voice/A21d_020_480_02_00_00.ogg	unique_exact_anchor	exact	selected	1	same
a21d.fsb.txt	1398	435	セブン	A21d_020_490_03_00	セブン	/sound/voice/A21d_020_490_03_00_00.ogg	unique_exact_anchor	exact	selected	1	same
a21d.fsb.txt	1400	436	セブン	A21d_020_490_04_00	セブン	/sound/voice/A21d_020_490_04_00_00.ogg	unique_exact_anchor	exact	selected	1	same
a21d.fsb.txt	1417	442	セブン	A21d_020_510_02_00	セブン	/sound/voice/A21d_020_510_02_00_00.ogg	unique_exact_anchor	exact	selected	1	same
a21d.fsb.txt	1419	443	四葉	A21d_020_510_03_00	四葉	/sound/voice/A21d_020_510_03_00_00.ogg	unique_exact_anchor	exact	selected	1	same
a21d.fsb.txt	1421	444	四葉	A21d_020_510_04_00	四葉	/sound/voice/A21d_020_510_04_00_00.ogg	unique_exact_anchor	exact	selected	1	same
a21d.fsb.txt	1424	445	セブン	A21d_020_520_01_00	セブン	/sound/voice/A21d_020_520_01_00_00.ogg	unique_exact_anchor	exact	selected	1	same
a21d.fsb.txt	1426	446	四葉	A21d_020_520_02_00	四葉	/sound/voice/A21d_020_520_02_00_00.ogg	unique_exact_anchor	exact	selected	1	same
a21d.fsb.txt	1428	447	セブン	A21d_020_520_03_00	セブン	/sound/voice/A21d_020_520_03_00_00.ogg	unique_exact_anchor	exact	selected	1	same
a21d.fsb.txt	1430	448	四葉	A21d_020_520_04_00	四葉	/sound/voice/A21d_020_520_04_00_00.ogg	unique_exact_anchor	exact	selected	1	same
a21d.fsb.txt	1441	451	セブン	A21d_020_530_02_00	セブン	/sound/voice/A21d_020_530_02_00_00.ogg	unique_exact_anchor	exact	selected	1	same
a21d.fsb.txt	1443	452	セブン	A21d_020_530_03_00	セブン	/sound/voice/A21d_020_530_03_00_00.ogg	unique_exact_anchor	exact	selected	1	same
a21d.fsb.txt	1449	455	淳平	A21d_020_530_06_00	淳平	/sound/voice/A21d_020_530_06_00_00.ogg	unique_exact_anchor	exact	selected	1	same
a21d.fsb.txt	1477	460	淳平	A21d_020_560_01_00	淳平	/sound/voice/A21d_020_560_01_00_00.ogg	unique_exact_anchor	exact	selected	1	same
a21d.fsb.txt	1479	461	淳平	A21d_020_560_02_00	淳平	/sound/voice/A21d_020_560_02_00_00.ogg	unique_exact_anchor	exact	selected	1	same
a21d.fsb.txt	1497	466	四葉	A21d_020_570_03_00	四葉	/sound/voice/A21d_020_570_03_00_00.ogg	unique_exact_anchor	exact	selected	1	same
a21d.fsb.txt	1505	469	四葉	A21d_020_580_03_00	四葉	/sound/voice/A21d_020_580_03_00_00.ogg	unique_exact_anchor	exact	selected	1	same
a21d.fsb.txt	1507	470	四葉	A21d_020_580_04_00	四葉	/sound/voice/A21d_020_580_04_00_00.ogg	unique_exact_anchor	exact	selected	1	same
a21d.fsb.txt	1509	471	四葉	A21d_020_580_05_00	四葉	/sound/voice/A21d_020_580_05_00_00.ogg	unique_exact_anchor	exact	selected	1	same
a21d.fsb.txt	1520	475	淳平	A21d_020_600_01_00	淳平	/sound/voice/A21d_020_600_01_00_00.ogg	unique_exact_anchor	exact	selected	1	same
a21d.fsb.txt	1522	476	四葉	A21d_020_600_02_00	四葉	/sound/voice/A21d_020_600_02_00_00.ogg	unique_exact_anchor	exact	selected	1	same
a21d.fsb.txt	1540	478	セブン	A21d_020_610_01_00	セブン	/sound/voice/A21d_020_610_01_00_00.ogg	unique_exact_anchor	exact	selected	1	same
a21d.fsb.txt	1546	480	セブン	A21d_020_620_01_00	セブン	/sound/voice/A21d_020_620_01_00_00.ogg	unique_exact_anchor	exact	selected	1	same
a21d.fsb.txt	1548	481	淳平	A21d_020_620_02_00	淳平	/sound/voice/A21d_020_620_02_00_00.ogg	unique_exact_anchor	exact	selected	1	same
a21d.fsb.txt	1571	485	淳平	A21d_020_640_01_00	淳平	/sound/voice/A21d_020_640_01_00_00.ogg	unique_exact_anchor	exact	selected	1	same
a21d.fsb.txt	1573	486	セブン	A21d_020_640_02_10	セブン	/sound/voice/A21d_020_640_02_10_00.ogg	unique_exact_anchor	exact	selected	1	same
a21d.fsb.txt	1575	487	淳平	A21d_020_640_03_00	淳平	/sound/voice/A21d_020_640_03_00_00.ogg	unique_exact_anchor	exact	selected	1	same
a21d.fsb.txt	1607	495	淳平	A21d_020_670_01_00	淳平	/sound/voice/A21d_020_670_01_00_00.ogg	unique_exact_anchor	exact	selected	1	same
a21d.fsb.txt	1610	496	セブン	A21d_020_670_02_00	セブン	/sound/voice/A21d_020_670_02_00_00.ogg	unique_exact_anchor	exact	selected	1	same
a21d.fsb.txt	1612	497	セブン	A21d_020_670_03_00	セブン	/sound/voice/A21d_020_670_03_00_00.ogg	unique_exact_anchor	exact	selected	1	same
a21d.fsb.txt	1614	498	セブン	A21d_020_670_04_00	セブン	/sound/voice/A21d_020_670_04_00_00.ogg	unique_exact_anchor	exact	selected	1	same
a21d.fsb.txt	1620	501	淳平	A21d_020_670_07_00	淳平	/sound/voice/A21d_020_670_07_00_00.ogg	unique_exact_anchor	exact	selected	1	same
a21e.fsb.txt	42	7	紫	A21e_010_040_01_00	紫	/sound/voice/A21e_010_040_01_00_00.ogg	unique_exact_anchor	exact	selected	1	same
a21e.fsb.txt	68	13	サンタ	A21e_010_050_02_00	サンタ	/sound/voice/A21e_010_050_02_00_00.ogg	unique_exact_anchor	exact	selected	1	same
a21e.fsb.txt	72	14	八代	A21e_010_050_03_00	八代	/sound/voice/A21e_010_050_03_00_00.ogg	unique_exact_anchor	exact	selected	1	same
a21e.fsb.txt	74	15	淳平	A21e_010_050_04_00	淳平	/sound/voice/A21e_010_050_04_00_00.ogg	unique_exact_anchor	exact	selected	1	same
a21e.fsb.txt	80	17	四葉	A21e_010_060_02_00	四葉	/sound/voice/A21e_010_060_02_00_00.ogg	unique_exact_anchor	exact	selected	1	same
a21e.fsb.txt	104	21	淳平	A21e_010_080_01_00	淳平	/sound/voice/A21e_010_080_01_00_00.ogg	unique_exact_anchor	exact	selected	1	same
a21e.fsb.txt	127	27	セブン	A21e_010_090_01_00	セブン	/sound/voice/A21e_010_090_01_00_00.ogg	unique_exact_anchor	exact	selected	1	same
a21e.fsb.txt	129	28	セブン	A21e_010_090_02_00	セブン	/sound/voice/A21e_010_090_02_00_00.ogg	monotonic_tfidf	high	selected	1	same
a21e.fsb.txt	131	29	セブン	A21e_010_090_03_00	セブン	/sound/voice/A21e_010_090_03_00_00.ogg	unique_exact_anchor	exact	selected	1	same
a21e.fsb.txt	134	30	セブン	A21e_010_091_01_00	セブン	/sound/voice/A21e_010_091_01_00_00.ogg	monotonic_tfidf	high	selected	1	same
a21e.fsb.txt	136	31	セブン	A21e_010_091_02_00	セブン	/sound/voice/A21e_010_091_02_00_00.ogg	unique_exact_anchor	exact	selected	1	same
a21e.fsb.txt	172	40	サンタ	A21e_010_110_04_00	サンタ	/sound/voice/A21e_010_110_04_00_00.ogg	unique_exact_anchor	exact	selected	1	same
a31b.fsb.txt	14	0	淳平	A31b_010_010_01_00	淳平	/sound/voice/A31b_010_010_01_00_00.ogg	monotonic_tfidf	high	selected	1	same
a31b.fsb.txt	21	2	サンタ	A31b_010_020_01_00	サンタ	/sound/voice/A31b_010_020_01_00_00.ogg | /sound/voice/A31b_010_020_01_00_01.ogg	monotonic_tfidf	high	selected	1	same
a31b.fsb.txt	23	3	淳平	A31b_010_020_02_00	淳平	/sound/voice/A31b_010_020_02_00_00.ogg	unique_exact_anchor	exact	selected	1	same
a31b.fsb.txt	25	4	サンタ	A31b_010_020_03_00	サンタ	/sound/voice/A31b_010_020_03_00_00.ogg	unique_exact_anchor	exact	selected	1	same
a31b.fsb.txt	27	5	淳平	A31b_010_020_04_00	淳平	/sound/voice/A31b_010_020_04_00_00.ogg	unique_exact_anchor	exact	selected	1	same
a31b.fsb.txt	29	6	サンタ	A31b_010_020_05_00	サンタ	/sound/voice/A31b_010_020_05_00_00.ogg	unique_exact_anchor	exact	selected	1	same
a31b.fsb.txt	69	16	淳平	A31b_010_090_01_00	淳平	/sound/voice/A31b_010_090_01_00_00.ogg	unique_exact_anchor	exact	selected	1	same
a31b.fsb.txt	78	18	サンタ	A31b_010_100_01_00	サンタ	/sound/voice/A31b_010_100_01_00_00.ogg	unique_exact_anchor	exact	selected	1	same
a31b.fsb.txt	89	20	一宮	A31b_010_100_03_00	一宮	/sound/voice/A31b_010_100_03_00_00.ogg	monotonic_tfidf	high	selected	1	same
a31b.fsb.txt	91	21	一宮	A31b_010_100_04_00	一宮	/sound/voice/A31b_010_100_04_00_00.ogg	unique_exact_anchor	exact	selected	1	same
a31b.fsb.txt	97	23	一宮	A31b_010_110_01_00	一宮	/sound/voice/A31b_010_110_01_00_00.ogg	unique_exact_anchor	exact	selected	1	same
a31b.fsb.txt	99	24	サンタ	A31b_010_110_02_00	サンタ	/sound/voice/A31b_010_110_02_00_00.ogg	monotonic_tfidf	high	selected	1	same
a31b.fsb.txt	104	25	セブン	A31b_010_110_03_00	セブン	/sound/voice/A31b_010_110_03_00_00.ogg	monotonic_tfidf	high	selected	1	same
a31b.fsb.txt	109	26	紫	A31b_010_120_01_00	紫	/sound/voice/A31b_010_120_01_00_00.ogg	unique_exact_anchor	exact	selected	1	same
a31b.fsb.txt	111	27	紫	A31b_010_120_02_00	紫	/sound/voice/A31b_010_120_02_00_00.ogg	unique_exact_anchor	exact	selected	1	same
a31b.fsb.txt	121	31	八代	A31b_010_120_06_00	八代	/sound/voice/A31b_010_120_06_00_00.ogg	unique_exact_anchor	exact	selected	1	same
a31b.fsb.txt	123	32	八代	A31b_010_120_07_00	八代	/sound/voice/A31b_010_120_07_00_00.ogg	monotonic_tfidf	high	selected	1	same
a31b.fsb.txt	129	34	セブン	A31b_010_130_01_00	セブン	/sound/voice/A31b_010_130_01_00_00.ogg	unique_exact_anchor	exact	selected	1	same
a31b.fsb.txt	131	35	セブン	A31b_010_130_02_00	セブン	/sound/voice/A31b_010_130_02_00_00.ogg	monotonic_tfidf	high	selected	1	same
a31b.fsb.txt	133	36	セブン	A31b_010_130_03_00	セブン	/sound/voice/A31b_010_130_03_00_00.ogg	unique_exact_anchor	exact	selected	1	same
a31b.fsb.txt	135	37	セブン	A31b_010_130_04_00	セブン	/sound/voice/A31b_010_130_04_00_00.ogg	unique_exact_anchor	exact	selected	1	same
a31b.fsb.txt	141	38	紫	A31b_010_140_01_00	紫	/sound/voice/A31b_010_140_01_00_00.ogg	monotonic_tfidf	high	selected	1	same
a31b.fsb.txt	154	41	八代	A31b_010_140_04_00	八代	/sound/voice/A31b_010_140_04_00_00.ogg	unique_exact_anchor	exact	selected	1	same
a31b.fsb.txt	176	46	セブン	A31b_010_160_01_00	セブン	/sound/voice/A31b_010_160_01_00_00.ogg	monotonic_tfidf	review	selected	1	same
a31b.fsb.txt	178	47	セブン	A31b_010_160_02_00	セブン	/sound/voice/A31b_010_160_02_00_00.ogg	unique_exact_anchor	exact	selected	1	same
a31b.fsb.txt	180	48	セブン	A31b_010_160_03_00	セブン	/sound/voice/A31b_010_160_03_00_00.ogg	monotonic_tfidf	high	selected	1	same
a31b.fsb.txt	182	49	セブン	A31b_010_160_04_00	セブン	/sound/voice/A31b_010_160_04_00_00.ogg	unique_exact_anchor	exact	selected	1	same
a31b.fsb.txt	273	66	一宮	A31b_020_050_01_00	一宮	/sound/voice/A31b_020_050_01_00_00.ogg	unique_exact_anchor	exact	selected	1	same
a31b.fsb.txt	275	67	淳平	A31b_020_050_02_00	淳平	/sound/voice/A31b_020_050_02_00_00.ogg	unique_exact_anchor	exact	selected	1	same
a31b.fsb.txt	290	71	一宮	A31b_020_050_06_00	一宮	/sound/voice/A31b_020_050_06_00_00.ogg	unique_exact_anchor	exact	selected	1	same
a31b.fsb.txt	334	77	淳平	A31b_030_010_03_10	淳平	/sound/voice/A31b_030_010_03_10_00.ogg	unique_exact_anchor	exact	selected	1	same
a31b.fsb.txt	388	84	淳平	A31b_030_030_04_00	淳平	/sound/voice/A31b_030_030_04_00_00.ogg	unique_exact_anchor	exact	selected	1	same
a31b.fsb.txt	390	85	一宮	A31b_030_030_05_00	一宮	/sound/voice/A31b_030_030_05_00_00.ogg	unique_exact_anchor	exact	selected	1	same
a31b.fsb.txt	427	94	淳平	A31b_030_060_01_00	淳平	/sound/voice/A31b_030_060_01_00_00.ogg	unique_exact_anchor	exact	selected	1	same
a31b.fsb.txt	446	97	淳平	A31b_030_070_02_00	淳平	/sound/voice/A31b_030_070_02_00_00.ogg	unique_exact_anchor	exact	selected	1	same
a31b.fsb.txt	448	98	一宮	A31b_030_070_03_00	一宮	/sound/voice/A31b_030_070_03_00_00.ogg	unique_exact_anchor	exact	selected	1	same
a31b.fsb.txt	450	99	淳平	A31b_030_070_04_00	淳平	/sound/voice/A31b_030_070_04_00_00.ogg	unique_exact_anchor	exact	selected	1	same
a31b.fsb.txt	455	101	淳平	A31b_030_080_01_00	淳平	/sound/voice/A31b_030_080_01_00_00.ogg	unique_exact_anchor	exact	selected	1	same
a31b.fsb.txt	457	102	四葉	A31b_030_080_02_00	四葉	/sound/voice/A31b_030_080_02_00_00.ogg	unique_exact_anchor	exact	selected	1	same
a31b.fsb.txt	459	103	淳平	A31b_030_080_03_00	淳平	/sound/voice/A31b_030_080_03_00_00.ogg	unique_exact_anchor	exact	selected	1	same
a31d.fsb.txt	18	1	一宮	A31d_010_010_02_00	一宮	/sound/voice/A31d_010_010_02_00_00.ogg	unique_exact_anchor	exact	selected	1	same
a31d.fsb.txt	26	4	淳平	A31d_010_020_02_00	淳平	/sound/voice/A31d_010_020_02_00_00.ogg	unique_exact_anchor	exact	selected	1	same
a31d.fsb.txt	29	5	一宮	A31d_010_020_03_00	一宮	/sound/voice/A31d_010_020_03_00_00.ogg	unique_exact_anchor	exact	selected	1	same
a31d.fsb.txt	38	9	淳平	A31d_010_030_01_00	淳平	/sound/voice/A31d_010_030_01_00_00.ogg	monotonic_tfidf	medium	selected	1	same
a31d.fsb.txt	44	11	淳平	A31d_010_030_03_00	淳平	/sound/voice/A31d_010_030_03_00_00.ogg	unique_exact_anchor	exact	selected	1	same
a31d.fsb.txt	108	24	淳平	A31d_010_070_01_00	淳平	/sound/voice/A31d_010_070_01_00_00.ogg	unique_exact_anchor	exact	selected	1	same
a31d.fsb.txt	174	38	一宮	A31d_010_110_01_00	一宮	/sound/voice/A31d_010_110_01_00_00.ogg	unique_exact_anchor	exact	selected	1	same
a31d.fsb.txt	182	41	一宮	A31d_010_120_01_00	一宮	/sound/voice/A31d_010_120_01_00_00.ogg	unique_exact_anchor	exact	selected	1	same
a31d.fsb.txt	184	42	一宮	A31d_010_120_02_00	一宮	/sound/voice/A31d_010_120_02_00_00.ogg	unique_exact_anchor	exact	selected	1	same
a31d.fsb.txt	232	48	淳平	A31d_020_010_01_00	淳平	/sound/voice/A31d_020_010_01_00_00.ogg	unique_exact_anchor	exact	selected	1	same
a31d.fsb.txt	246	53	四葉	A31d_020_020_01_00	四葉	/sound/voice/A31d_020_020_01_00_00.ogg	unique_exact_anchor	exact	selected	1	same
a31d.fsb.txt	254	56	淳平	A31d_020_030_01_00	淳平	/sound/voice/A31d_020_030_01_00_00.ogg	unique_exact_anchor	exact	selected	1	same
a31d.fsb.txt	256	57	四葉	A31d_020_030_02_00	四葉	/sound/voice/A31d_020_030_02_00_00.ogg	unique_exact_anchor	exact	selected	1	same
a31d.fsb.txt	258	58	淳平	A31d_020_030_03_00	淳平	/sound/voice/A31d_020_030_03_00_00.ogg	unique_exact_anchor	exact	selected	1	same
a31d.fsb.txt	260	59	淳平	A31d_020_030_04_00	淳平	/sound/voice/A31d_020_030_04_00_00.ogg	unique_exact_anchor	exact	selected	1	same
a31d.fsb.txt	263	60	四葉	A31d_020_040_01_00	四葉	/sound/voice/A31d_020_040_01_00_00.ogg	unique_exact_anchor	exact	selected	1	same
a31d.fsb.txt	265	61	淳平	A31d_020_040_02_00	淳平	/sound/voice/A31d_020_040_02_00_00.ogg	unique_exact_anchor	exact	selected	1	same
a31d.fsb.txt	267	62	淳平	A31d_020_040_03_00	淳平	/sound/voice/A31d_020_040_03_00_00.ogg	unique_exact_anchor	exact	selected	1	same
a31d.fsb.txt	276	65	四葉	A31d_020_041_01_00	四葉	/sound/voice/A31d_020_041_01_00_00.ogg	unique_exact_anchor	exact	selected	1	same
a31d.fsb.txt	278	66	四葉	A31d_020_041_02_00	四葉	/sound/voice/A31d_020_041_02_00_00.ogg	unique_exact_anchor	exact	selected	1	same
a31d.fsb.txt	283	68	四葉	A31d_020_050_01_00	四葉	/sound/voice/A31d_020_050_01_00_00.ogg	unique_exact_anchor	exact	selected	1	same
a31d.fsb.txt	285	69	四葉	A31d_020_050_02_00	四葉	/sound/voice/A31d_020_050_02_00_00.ogg	unique_exact_anchor	exact	selected	1	same
a31d.fsb.txt	287	70	四葉	A31d_020_050_03_00	四葉	/sound/voice/A31d_020_050_03_00_00.ogg	unique_exact_anchor	exact	selected	1	same
a31d.fsb.txt	292	72	四葉	A31d_020_060_01_00	四葉	/sound/voice/A31d_020_060_01_00_00.ogg	unique_exact_anchor	exact	selected	1	same
a31d.fsb.txt	294	73	四葉	A31d_020_060_02_00	四葉	/sound/voice/A31d_020_060_02_00_00.ogg	unique_exact_anchor	exact	selected	1	same
a31d.fsb.txt	296	74	四葉	A31d_020_060_03_00	四葉	/sound/voice/A31d_020_060_03_00_00.ogg	unique_exact_anchor	exact	selected	1	same
a31d.fsb.txt	307	78	四葉	A31d_020_080_01_00	四葉	/sound/voice/A31d_020_080_01_00_00.ogg	unique_exact_anchor	exact	selected	1	same
a31d.fsb.txt	325	81	淳平	A31d_020_090_01_00	淳平	/sound/voice/A31d_020_090_01_00_00.ogg	unique_exact_anchor	exact	selected	1	same
a31d.fsb.txt	327	82	淳平	A31d_020_090_02_00	淳平	/sound/voice/A31d_020_090_02_00_00.ogg	unique_exact_anchor	exact	selected	1	same
a31d.fsb.txt	330	83	四葉	A31d_020_091_01_00	四葉	/sound/voice/A31d_020_091_01_00_00.ogg	unique_exact_anchor	exact	selected	1	same
a31d.fsb.txt	332	84	淳平	A31d_020_091_02_00	淳平	/sound/voice/A31d_020_091_02_00_00.ogg	unique_exact_anchor	exact	selected	1	same
a31d.fsb.txt	335	85	淳平	A31d_020_100_01_00	淳平	/sound/voice/A31d_020_100_01_00_00.ogg	monotonic_tfidf	high	selected	1	same
a31d.fsb.txt	337	86	淳平	A31d_020_100_02_00	淳平	/sound/voice/A31d_020_100_02_00_00.ogg	unique_exact_anchor	exact	selected	1	same
a31d.fsb.txt	344	87	四葉	A31d_020_110_01_00	四葉	/sound/voice/A31d_020_110_01_00_00.ogg	unique_exact_anchor	exact	selected	1	same
a31d.fsb.txt	346	88	淳平	A31d_020_110_02_00	淳平	/sound/voice/A31d_020_110_02_00_00.ogg	unique_exact_anchor	exact	selected	1	same
a31d.fsb.txt	349	89	四葉	A31d_020_110_03_00	四葉	/sound/voice/A31d_020_110_03_00_00.ogg	unique_exact_anchor	exact	selected	1	same
a31d.fsb.txt	351	90	四葉	A31d_020_110_04_00	四葉	/sound/voice/A31d_020_110_04_00_00.ogg	unique_exact_anchor	exact	selected	1	same
a31d.fsb.txt	354	91	淳平	A31d_020_120_01_00	淳平	/sound/voice/A31d_020_120_01_00_00.ogg	monotonic_tfidf	exact	selected	1	same
a31d.fsb.txt	356	92	四葉	A31d_020_120_02_00	四葉	/sound/voice/A31d_020_120_02_00_00.ogg	unique_exact_anchor	exact	selected	1	same
a31d.fsb.txt	358	93	四葉	A31d_020_120_03_00	四葉	/sound/voice/A31d_020_120_03_00_00.ogg	unique_exact_anchor	exact	selected	1	same
a31d.fsb.txt	360	94	淳平	A31d_020_120_04_00	淳平	/sound/voice/A31d_020_120_04_00_00.ogg	unique_exact_anchor	exact	selected	1	same
a31d.fsb.txt	362	95	四葉	A31d_020_120_05_00	四葉	/sound/voice/A31d_020_120_05_00_00.ogg	unique_exact_anchor	exact	selected	1	same
a31d.fsb.txt	653	158	四葉	A31d_030_000_02_00	四葉	/sound/voice/A31d_030_000_02_00_00.ogg	unique_exact_anchor	exact	selected	1	same
a31d.fsb.txt	668	162	四葉	A31d_030_020_02_00	四葉	/sound/voice/A31d_030_020_02_00_00.ogg	unique_exact_anchor	exact	selected	1	same
a31d.fsb.txt	674	164	四葉	A31d_030_030_01_00	四葉	/sound/voice/A31d_030_030_01_00_00.ogg	unique_exact_anchor	exact	selected	1	same
a31d.fsb.txt	676	165	四葉	A31d_030_030_02_00	四葉	/sound/voice/A31d_030_030_02_00_00.ogg	unique_exact_anchor	exact	selected	1	same
a31d.fsb.txt	678	166	淳平	A31d_030_030_03_00	淳平	/sound/voice/A31d_030_030_03_00_00.ogg	unique_exact_anchor	exact	selected	1	same
a31d.fsb.txt	680	167	淳平	A31d_030_030_04_00	淳平	/sound/voice/A31d_030_030_04_00_00.ogg	unique_exact_anchor	exact	selected	1	same
a31d.fsb.txt	683	168	淳平	A31d_030_040_01_00	淳平	/sound/voice/A31d_030_040_01_00_00.ogg	monotonic_tfidf	high	selected	1	same
a31d.fsb.txt	685	169	淳平	A31d_030_040_02_00	淳平	/sound/voice/A31d_030_040_02_00_00.ogg	unique_exact_anchor	exact	selected	1	same
a31d.fsb.txt	687	170	四葉	A31d_030_040_03_00	四葉	/sound/voice/A31d_030_040_03_00_00.ogg	unique_exact_anchor	exact	selected	1	same
a31d.fsb.txt	689	171	淳平	A31d_030_040_04_00	淳平	/sound/voice/A31d_030_040_04_00_00.ogg	unique_exact_anchor	exact	selected	1	same
a31d.fsb.txt	697	174	四葉	A31d_030_050_03_00	四葉	/sound/voice/A31d_030_050_03_00_00.ogg	unique_exact_anchor	exact	selected	1	same
a31d.fsb.txt	699	175	四葉	A31d_030_050_04_00	四葉	/sound/voice/A31d_030_050_04_00_00.ogg	unique_exact_anchor	exact	selected	1	same
a31d.fsb.txt	703	177	四葉	A31d_030_050_06_00	四葉	/sound/voice/A31d_030_050_06_00_00.ogg	unique_exact_anchor	exact	selected	1	same
a31d.fsb.txt	753	191	淳平	A31d_030_080_01_00	淳平	/sound/voice/A31d_030_080_01_00_00.ogg	unique_exact_anchor	exact	selected	1	same
a31d.fsb.txt	755	192	四葉	A31d_030_080_02_00	四葉	/sound/voice/A31d_030_080_02_00_00.ogg	unique_exact_anchor	exact	selected	1	same
a31d.fsb.txt	757	193	四葉	A31d_030_080_03_00	四葉	/sound/voice/A31d_030_080_03_00_00.ogg	unique_exact_anchor	exact	selected	1	same
a31d.fsb.txt	759	194	淳平	A31d_030_080_04_00	淳平	/sound/voice/A31d_030_080_04_00_00.ogg	monotonic_tfidf	exact	selected	1	same
a31d.fsb.txt	761	195	四葉	A31d_030_080_05_00	四葉	/sound/voice/A31d_030_080_05_00_00.ogg	unique_exact_anchor	exact	selected	1	same
a31d.fsb.txt	763	196	淳平	A31d_030_080_06_00	淳平	/sound/voice/A31d_030_080_06_00_00.ogg	unique_exact_anchor	exact	selected	1	same
a31d.fsb.txt	770	197	四葉	A31d_030_090_01_00	四葉	/sound/voice/A31d_030_090_01_00_00.ogg	unique_exact_anchor	exact	selected	1	same
a31d.fsb.txt	772	198	淳平	A31d_030_090_02_00	淳平	/sound/voice/A31d_030_090_02_00_00.ogg	unique_exact_anchor	exact	selected	1	same
a31d.fsb.txt	774	199	四葉	A31d_030_090_03_00	四葉	/sound/voice/A31d_030_090_03_00_00.ogg	unique_exact_anchor	exact	selected	1	same
a31d.fsb.txt	776	200	淳平	A31d_030_090_04_00	淳平	/sound/voice/A31d_030_090_04_00_00.ogg	unique_exact_anchor	exact	selected	1	same
a31d.fsb.txt	778	201	四葉	A31d_030_090_05_00	四葉	/sound/voice/A31d_030_090_05_00_00.ogg	unique_exact_anchor	exact	selected	1	same
a31d.fsb.txt	781	202	淳平	A31d_030_100_01_00	淳平	/sound/voice/A31d_030_100_01_00_00.ogg	unique_exact_anchor	exact	selected	1	same
a31d.fsb.txt	783	203	淳平	A31d_030_100_02_00	淳平	/sound/voice/A31d_030_100_02_00_00.ogg	unique_exact_anchor	exact	selected	1	same
a31d.fsb.txt	785	204	四葉	A31d_030_100_03_00	四葉	/sound/voice/A31d_030_100_03_00_00.ogg	unique_exact_anchor	exact	selected	1	same
a31d.fsb.txt	787	205	淳平	A31d_030_100_04_00	淳平	/sound/voice/A31d_030_100_04_00_00.ogg	unique_exact_anchor	exact	selected	1	same
a31d.fsb.txt	802	208	淳平	A31d_030_110_03_00	淳平	/sound/voice/A31d_030_110_03_00_00.ogg	unique_exact_anchor	exact	selected	1	same
a31d.fsb.txt	806	210	淳平	A31d_030_110_05_00	淳平	/sound/voice/A31d_030_110_05_00_00.ogg | /sound/voice/A31d_030_110_05_00_01.ogg	monotonic_tfidf	high	selected	1	same
a31d.fsb.txt	812	211	四葉	A31d_030_120_01_00	四葉	/sound/voice/A31d_030_120_01_00_00.ogg	unique_exact_anchor	exact	selected	1	same
a31d.fsb.txt	814	212	淳平	A31d_030_120_02_00	淳平	/sound/voice/A31d_030_120_02_00_00.ogg	unique_exact_anchor	exact	selected	1	same
a31d.fsb.txt	816	213	四葉	A31d_030_120_03_00	四葉	/sound/voice/A31d_030_120_03_00_00.ogg	monotonic_tfidf	high	selected	1	same
a31d.fsb.txt	819	214	淳平	A31d_030_130_01_00	淳平	/sound/voice/A31d_030_130_01_00_00.ogg	unique_exact_anchor	exact	selected	1	same
a31d.fsb.txt	821	215	四葉	A31d_030_130_02_00	四葉	/sound/voice/A31d_030_130_02_00_00.ogg	unique_exact_anchor	exact	selected	1	same
a31d.fsb.txt	823	216	淳平	A31d_030_130_03_00	淳平	/sound/voice/A31d_030_130_03_00_00.ogg	unique_exact_anchor	exact	selected	1	same
a31d.fsb.txt	837	218	四葉	A31d_030_140_02_00	四葉	/sound/voice/A31d_030_140_02_00_00.ogg	unique_exact_anchor	exact	selected	1	same
a31d.fsb.txt	839	219	淳平	A31d_030_140_03_00	淳平	/sound/voice/A31d_030_140_03_00_00.ogg	unique_exact_anchor	exact	selected	1	same
a31d.fsb.txt	841	220	四葉	A31d_030_140_04_00	四葉	/sound/voice/A31d_030_140_04_00_00.ogg	unique_exact_anchor	exact	selected	1	same
a31d.fsb.txt	843	221	淳平	A31d_030_140_05_00	淳平	/sound/voice/A31d_030_140_05_00_00.ogg	unique_exact_anchor	exact	selected	1	same
a31d.fsb.txt	850	222	四葉	A31d_030_150_01_00	四葉	/sound/voice/A31d_030_150_01_00_00.ogg	unique_exact_anchor	exact	selected	1	same
a31d.fsb.txt	852	223	四葉	A31d_030_150_02_00	四葉	/sound/voice/A31d_030_150_02_00_00.ogg	unique_exact_anchor	exact	selected	1	same
a31d.fsb.txt	854	224	淳平	A31d_030_150_03_00	淳平	/sound/voice/A31d_030_150_03_00_00.ogg	unique_exact_anchor	exact	selected	1	same
a31d.fsb.txt	857	225	四葉	A31d_030_160_01_00	四葉	/sound/voice/A31d_030_160_01_00_00.ogg	unique_exact_anchor	exact	selected	1	same
a31d.fsb.txt	859	226	四葉	A31d_030_160_02_00	四葉	/sound/voice/A31d_030_160_02_00_00.ogg	unique_exact_anchor	exact	selected	1	same
a31d.fsb.txt	861	227	四葉	A31d_030_160_03_00	四葉	/sound/voice/A31d_030_160_03_00_00.ogg	unique_exact_anchor	exact	selected	1	same
a31d.fsb.txt	863	228	四葉	A31d_030_160_04_00	四葉	/sound/voice/A31d_030_160_04_00_00.ogg	unique_exact_anchor	exact	selected	1	same
a31d.fsb.txt	880	234	淳平	A31d_030_190_02_00	淳平	/sound/voice/A31d_030_190_02_00_00.ogg	unique_exact_anchor	exact	selected	1	same
a31d.fsb.txt	882	235	四葉	A31d_030_190_03_00	四葉	/sound/voice/A31d_030_190_03_00_00.ogg	unique_exact_anchor	exact	selected	1	same
a31d.fsb.txt	884	236	淳平	A31d_030_190_04_00	淳平	/sound/voice/A31d_030_190_04_00_00.ogg	unique_exact_anchor	exact	selected	1	same
a31d.fsb.txt	886	237	四葉	A31d_030_190_05_00	四葉	/sound/voice/A31d_030_190_05_00_00.ogg	unique_exact_anchor	exact	selected	1	same
a31d.fsb.txt	888	238	淳平	A31d_030_190_06_00	淳平	/sound/voice/A31d_030_190_06_00_00.ogg	unique_exact_anchor	exact	selected	1	same
a31d.fsb.txt	919	245	一宮	A31d_030_220_02_00	一宮	/sound/voice/A31d_030_220_02_00_00.ogg	unique_exact_anchor	exact	selected	1	same
a31d.fsb.txt	928	249	一宮	A31d_030_220_06_00	一宮	/sound/voice/A31d_030_220_06_00_00.ogg	unique_exact_anchor	exact	selected	1	same
a31d.fsb.txt	944	252	淳平	A31d_030_240_01_00	淳平	/sound/voice/A31d_030_240_01_00_00.ogg	unique_exact_anchor	exact	selected	1	same
a31d.fsb.txt	950	254	一宮	A31d_030_240_03_00	一宮	/sound/voice/A31d_030_240_03_00_00.ogg	unique_exact_anchor	exact	selected	1	same
a31d.fsb.txt	952	255	淳平	A31d_030_240_04_00	淳平	/sound/voice/A31d_030_240_04_00_00.ogg	monotonic_tfidf	exact	selected	1	same
a31d.fsb.txt	955	256	一宮	A31d_030_250_01_00	一宮	/sound/voice/A31d_030_250_01_00_00.ogg	unique_exact_anchor	exact	selected	1	same
a31d.fsb.txt	965	258	淳平	A31d_030_250_03_00	淳平	/sound/voice/A31d_030_250_03_00_00.ogg	monotonic_tfidf	exact	selected	1	same
a31d.fsb.txt	980	262	一宮	A31d_030_270_01_00	一宮	/sound/voice/A31d_030_270_01_00_00.ogg	monotonic_tfidf	exact	selected	1	same
a31d.fsb.txt	982	263	一宮	A31d_030_270_02_00	一宮	/sound/voice/A31d_030_270_02_00_00.ogg	monotonic_tfidf	exact	selected	1	same
a31d.fsb.txt	986	265	一宮	A31d_030_270_04_00	一宮	/sound/voice/A31d_030_270_04_00_00.ogg	monotonic_tfidf	exact	selected	1	same
a31d.fsb.txt	989	266	一宮	A31d_030_280_01_00	一宮	/sound/voice/A31d_030_280_01_00_00.ogg	monotonic_tfidf	exact	selected	1	same
a31d.fsb.txt	991	267	淳平	A31d_030_280_02_00	淳平	/sound/voice/A31d_030_280_02_00_00.ogg	monotonic_tfidf	high	selected	1	same
a31d.fsb.txt	993	268	一宮	A31d_030_280_03_00	一宮	/sound/voice/A31d_030_280_03_00_00.ogg	monotonic_tfidf	high	selected	1	same
a31d.fsb.txt	1055	282	一宮	A31d_090_030_02_00	一宮	/sound/voice/A31d_090_030_02_00_00.ogg	unique_exact_anchor	exact	selected	1	same
a31d.fsb.txt	1057	283	淳平	A31d_090_030_03_00	淳平	/sound/voice/A31d_090_030_03_00_00.ogg	monotonic_tfidf	exact	selected	1	same
a31d.fsb.txt	1060	284	一宮	A31d_090_040_01_00	一宮	/sound/voice/A31d_090_040_01_00_00.ogg	unique_exact_anchor	exact	selected	1	same
a31d.fsb.txt	1070	286	淳平	A31d_090_040_03_00	淳平	/sound/voice/A31d_090_040_03_00_00.ogg	monotonic_tfidf	exact	selected	1	same
a31d.fsb.txt	1085	290	一宮	A31d_090_060_01_00	一宮	/sound/voice/A31d_090_060_01_00_00.ogg	monotonic_tfidf	exact	selected	1	same
a31d.fsb.txt	1087	291	一宮	A31d_090_060_02_00	一宮	/sound/voice/A31d_090_060_02_00_00.ogg	monotonic_tfidf	exact	selected	1	same
a31d.fsb.txt	1091	293	一宮	A31d_090_060_04_00	一宮	/sound/voice/A31d_090_060_04_00_00.ogg	monotonic_tfidf	exact	selected	1	same
a31d.fsb.txt	1094	294	一宮	A31d_090_070_01_00	一宮	/sound/voice/A31d_090_070_01_00_00.ogg	monotonic_tfidf	exact	selected	1	same
a31d.fsb.txt	1096	295	淳平	A31d_090_070_02_00	淳平	/sound/voice/A31d_090_070_02_00_00.ogg	monotonic_tfidf	high	selected	1	same
a31d.fsb.txt	1098	296	一宮	A31d_090_070_03_00	一宮	/sound/voice/A31d_090_070_03_00_00.ogg	monotonic_tfidf	high	selected	1	same
a32b.fsb.txt	44	6	一宮	A32b_010_040_02_00	一宮	/sound/voice/A32b_010_040_02_00_00.ogg	unique_exact_anchor	exact	selected	1	same
a32b.fsb.txt	50	8	一宮	A32b_010_050_01_00	一宮	/sound/voice/A32b_010_050_01_00_00.ogg	monotonic_tfidf	high	selected	1	same
a32b.fsb.txt	68	13	淳平	A32b_010_060_03_10	淳平	/sound/voice/A32b_010_060_03_10_00.ogg	monotonic_tfidf	medium	selected	1	same
a32b.fsb.txt	70	14	四葉	A32b_010_060_05_00	四葉	/sound/voice/A32b_010_060_05_00_00.ogg	unique_exact_anchor	exact	selected	1	same
a32b.fsb.txt	72	15	一宮	A32b_010_060_06_00	一宮	/sound/voice/A32b_010_060_06_00_00.ogg	unique_exact_anchor	exact	selected	1	same
a32b.fsb.txt	86	16	ゼロ	A32b_010_070_01_00	ゼロ	/sound/voice/A32b_010_070_01_00_00.ogg	unique_exact_anchor	exact	selected	1	same
a32b.fsb.txt	105	20	四葉	A32b_010_090_02_00	四葉	/sound/voice/A32b_010_090_02_00_00.ogg	unique_exact_anchor	exact	selected	1	same
a32b.fsb.txt	237	57	淳平	A32b_010_200_02_00	淳平	/sound/voice/A32b_010_200_02_00_00.ogg	unique_exact_anchor	exact	selected	1	same
a32d.fsb.txt	90	18	淳平	A32d_010_070_01_00	淳平	/sound/voice/A32d_010_070_01_00_00.ogg	unique_exact_anchor	exact	selected	1	same
a32d.fsb.txt	97	20	一宮	A32d_010_080_01_00	一宮	/sound/voice/A32d_010_080_01_00_00.ogg	unique_exact_anchor	exact	selected	1	same
a32d.fsb.txt	99	21	淳平	A32d_010_080_02_00	淳平	/sound/voice/A32d_010_080_02_00_00.ogg	unique_exact_anchor	exact	selected	1	same
a32d.fsb.txt	101	22	一宮	A32d_010_080_03_00	一宮	/sound/voice/A32d_010_080_03_00_00.ogg	unique_exact_anchor	exact	selected	1	same
a32d.fsb.txt	103	23	淳平	A32d_010_080_04_00	淳平	/sound/voice/A32d_010_080_04_00_00.ogg	unique_exact_anchor	exact	selected	1	same
a32d.fsb.txt	106	24	一宮	A32d_010_090_01_00	一宮	/sound/voice/A32d_010_090_01_00_00.ogg	unique_exact_anchor	exact	selected	1	same
a32d.fsb.txt	109	25	一宮	A32d_010_090_02_00	一宮	/sound/voice/A32d_010_090_02_00_00.ogg	unique_exact_anchor	exact	selected	1	same
a32d.fsb.txt	111	26	淳平	A32d_010_090_03_00	淳平	/sound/voice/A32d_010_090_03_00_00.ogg	unique_exact_anchor	exact	selected	1	same
a32d.fsb.txt	142	34	淳平	A32d_010_120_01_10	淳平	/sound/voice/A32d_010_120_01_10_00.ogg	monotonic_tfidf	review	selected	1	same
a32d.fsb.txt	150	37	一宮	A32d_010_130_01_00	一宮	/sound/voice/A32d_010_130_01_00_00.ogg	unique_exact_anchor	exact	selected	1	same
a32d.fsb.txt	191	45	淳平	A32d_010_140_01_10	淳平	/sound/voice/A32d_010_140_01_10_00.ogg	monotonic_tfidf	medium	selected	1	same
a32d.fsb.txt	193	46	一宮	A32d_010_140_02_00	一宮	/sound/voice/A32d_010_140_02_00_00.ogg	unique_exact_anchor	exact	selected	1	same
a32d.fsb.txt	213	49	セブン	A32d_010_160_01_00	セブン	/sound/voice/A32d_010_160_01_00_00.ogg	monotonic_tfidf	high	selected	1	same
a32d.fsb.txt	226	52	一宮	A32d_010_170_01_10	一宮	/sound/voice/A32d_010_170_01_10_00.ogg	monotonic_tfidf	review	selected	1	same
a32d.fsb.txt	262	61	一宮	A32d_010_210_01_10	一宮	/sound/voice/A32d_010_210_01_10_00.ogg	unique_exact_anchor	exact	selected	1	same
a32d.fsb.txt	264	62	淳平	A32d_010_210_02_10	淳平	/sound/voice/A32d_010_210_02_10_00.ogg	monotonic_tfidf	review	selected	1	same
a32d.fsb.txt	278	67	一宮	A32d_010_230_01_00	一宮	/sound/voice/A32d_010_230_01_00_00.ogg	unique_exact_anchor	exact	selected	1	same
a32d.fsb.txt	280	68	淳平	A32d_010_230_02_00	淳平	/sound/voice/A32d_010_230_02_00_00.ogg	unique_exact_anchor	exact	selected	1	same
a32d.fsb.txt	282	69	一宮	A32d_010_230_03_00	一宮	/sound/voice/A32d_010_230_03_00_00.ogg	unique_exact_anchor	exact	selected	1	same
a32d.fsb.txt	284	70	一宮	A32d_010_230_04_00	一宮	/sound/voice/A32d_010_230_04_00_00.ogg	unique_exact_anchor	exact	selected	1	same
a32d.fsb.txt	287	71	一宮	A32d_010_240_01_00	一宮	/sound/voice/A32d_010_240_01_00_00.ogg	unique_exact_anchor	exact	selected	1	same
a32d.fsb.txt	289	72	一宮	A32d_010_240_02_00	一宮	/sound/voice/A32d_010_240_02_00_00.ogg	unique_exact_anchor	exact	selected	1	same
a32d.fsb.txt	291	73	一宮	A32d_010_240_03_00	一宮	/sound/voice/A32d_010_240_03_00_00.ogg	unique_exact_anchor	exact	selected	1	same
a32d.fsb.txt	294	74	一宮	A32d_010_250_02_10	一宮	/sound/voice/A32d_010_250_02_10_00.ogg	unique_exact_anchor	exact	selected	1	same
a32d.fsb.txt	296	75	一宮	A32d_010_250_03_00	一宮	/sound/voice/A32d_010_250_03_00_00.ogg	unique_exact_anchor	exact	selected	1	same
a32d.fsb.txt	298	76	淳平	A32d_010_250_04_00	淳平	/sound/voice/A32d_010_250_04_00_00.ogg	unique_exact_anchor	exact	selected	1	same
a32d.fsb.txt	300	77	一宮	A32d_010_250_05_00	一宮	/sound/voice/A32d_010_250_05_00_00.ogg	unique_exact_anchor	exact	selected	1	same
a32d.fsb.txt	303	78	淳平	A32d_010_260_01_00	淳平	/sound/voice/A32d_010_260_01_00_00.ogg	unique_exact_anchor	exact	selected	1	same
a32d.fsb.txt	305	79	一宮	A32d_010_260_02_00	一宮	/sound/voice/A32d_010_260_02_00_00.ogg	unique_exact_anchor	exact	selected	1	same
a32d.fsb.txt	307	80	一宮	A32d_010_260_03_00	一宮	/sound/voice/A32d_010_260_03_00_00.ogg	unique_exact_anchor	exact	selected	1	same
a32d.fsb.txt	309	81	一宮	A32d_010_260_04_00	一宮	/sound/voice/A32d_010_260_04_00_00.ogg	unique_exact_anchor	exact	selected	1	same
a32d.fsb.txt	315	83	淳平	A32d_010_270_03_00	淳平	/sound/voice/A32d_010_270_03_00_00.ogg	unique_exact_anchor	exact	selected	1	same
a32d.fsb.txt	321	85	淳平	A32d_010_280_02_00	淳平	/sound/voice/A32d_010_280_02_00_00.ogg	unique_exact_anchor	exact	selected	1	same
a32d.fsb.txt	323	86	一宮	A32d_010_280_03_00	一宮	/sound/voice/A32d_010_280_03_00_00.ogg	unique_exact_anchor	exact	selected	1	same
a32d.fsb.txt	326	87	一宮	A32d_010_290_01_00	一宮	/sound/voice/A32d_010_290_01_00_00.ogg	unique_exact_anchor	exact	selected	1	same
a32d.fsb.txt	328	88	一宮	A32d_010_290_02_00	一宮	/sound/voice/A32d_010_290_02_00_00.ogg	unique_exact_anchor	exact	selected	1	same
a32d.fsb.txt	330	89	淳平	A32d_010_290_03_00	淳平	/sound/voice/A32d_010_290_03_00_00.ogg	unique_exact_anchor	exact	selected	1	same
a32d.fsb.txt	333	90	一宮	A32d_010_300_01_00	一宮	/sound/voice/A32d_010_300_01_00_00.ogg	unique_exact_anchor	exact	selected	1	same
a32d.fsb.txt	335	91	一宮	A32d_010_300_02_00	一宮	/sound/voice/A32d_010_300_02_00_00.ogg	unique_exact_anchor	exact	selected	1	same
a32d.fsb.txt	337	92	一宮	A32d_010_300_03_00	一宮	/sound/voice/A32d_010_300_03_00_00.ogg	unique_exact_anchor	exact	selected	1	same
a32d.fsb.txt	340	93	一宮	A32d_010_310_01_00	一宮	/sound/voice/A32d_010_310_01_00_00.ogg	unique_exact_anchor	exact	selected	1	same
a32d.fsb.txt	342	94	淳平	A32d_010_310_02_00	淳平	/sound/voice/A32d_010_310_02_00_00.ogg	unique_exact_anchor	exact	selected	1	same
a32d.fsb.txt	344	95	一宮	A32d_010_310_03_00	一宮	/sound/voice/A32d_010_310_03_00_00.ogg	unique_exact_anchor	exact	selected	1	same
a32d.fsb.txt	346	96	一宮	A32d_010_310_04_00	一宮	/sound/voice/A32d_010_310_04_00_00.ogg	unique_exact_anchor	exact	selected	1	same
a32d.fsb.txt	350	97	淳平	A32d_010_320_01_00	淳平	/sound/voice/A32d_010_320_01_00_00.ogg	unique_exact_anchor	exact	selected	1	same
a32d.fsb.txt	352	98	一宮	A32d_010_320_02_00	一宮	/sound/voice/A32d_010_320_02_00_00.ogg	unique_exact_anchor	exact	selected	1	same
a32d.fsb.txt	367	99	一宮	A32d_010_330_01_00	一宮	/sound/voice/A32d_010_330_01_00_00.ogg	unique_exact_anchor	exact	selected	1	same
a32d.fsb.txt	369	100	一宮	A32d_010_330_02_00	一宮	/sound/voice/A32d_010_330_02_00_00.ogg	monotonic_tfidf	medium	selected	1	same
a32d.fsb.txt	371	101	一宮	A32d_010_330_03_00	一宮	/sound/voice/A32d_010_330_03_00_00.ogg	unique_exact_anchor	exact	selected	1	same
a32d.fsb.txt	373	102	一宮	A32d_010_330_04_00	一宮	/sound/voice/A32d_010_330_04_00_00.ogg	monotonic_tfidf	high	selected	1	same
a32d.fsb.txt	378	103	一宮	A32d_010_340_01_00	一宮	/sound/voice/A32d_010_340_01_00_00.ogg	monotonic_tfidf	high	selected	1	same
a32d.fsb.txt	383	104	一宮	A32d_010_350_01_00	一宮	/sound/voice/A32d_010_350_01_00_00.ogg	unique_exact_anchor	exact	selected	1	same
a32d.fsb.txt	385	105	淳平	A32d_010_350_02_00	淳平	/sound/voice/A32d_010_350_02_00_00.ogg	unique_exact_anchor	exact	selected	1	same
a32d.fsb.txt	387	106	一宮	A32d_010_350_03_00	一宮	/sound/voice/A32d_010_350_03_00_00.ogg	unique_exact_anchor	exact	selected	1	same
a32d.fsb.txt	391	107	一宮	A32d_010_350_04_00	一宮	/sound/voice/A32d_010_350_04_00_00.ogg	monotonic_tfidf	high	selected	1	same
a32d.fsb.txt	396	108	一宮	A32d_010_350_05_00	一宮	/sound/voice/A32d_010_350_05_00_00.ogg	unique_exact_anchor	exact	selected	1	same
a32d.fsb.txt	402	110	淳平	A32d_010_360_02_00	淳平	/sound/voice/A32d_010_360_02_00_00.ogg	monotonic_tfidf	medium	selected	1	same
a32d.fsb.txt	421	116	一宮	A32d_010_400_01_00	一宮	/sound/voice/A32d_010_400_01_00_00.ogg	unique_exact_anchor	exact	selected	1	same
a32d.fsb.txt	423	117	一宮	A32d_010_400_02_00	一宮	/sound/voice/A32d_010_400_02_00_00.ogg	unique_exact_anchor	exact	selected	1	same
a32d.fsb.txt	426	118	一宮	A32d_010_410_01_00	一宮	/sound/voice/A32d_010_410_01_00_00.ogg	unique_exact_anchor	exact	selected	1	same
a32d.fsb.txt	431	120	一宮	A32d_010_420_01_00	一宮	/sound/voice/A32d_010_420_01_00_00.ogg	unique_exact_anchor	exact	selected	1	same
a32d.fsb.txt	433	121	一宮	A32d_010_420_02_00	一宮	/sound/voice/A32d_010_420_02_00_00.ogg	unique_exact_anchor	exact	selected	1	same
a32d.fsb.txt	436	122	一宮	A32d_010_430_02_10	一宮	/sound/voice/A32d_010_430_02_10_00.ogg	monotonic_tfidf	high	selected	1	same
a32d.fsb.txt	438	123	一宮	A32d_010_430_03_00	一宮	/sound/voice/A32d_010_430_03_00_00.ogg	unique_exact_anchor	exact	selected	1	same
a32d.fsb.txt	440	124	淳平	A32d_010_430_04_00	淳平	/sound/voice/A32d_010_430_04_00_00.ogg	unique_exact_anchor	exact	selected	1	same
a32d.fsb.txt	449	127	一宮	A32d_010_440_03_00	一宮	/sound/voice/A32d_010_440_03_00_00.ogg	unique_exact_anchor	exact	selected	1	same
a32d.fsb.txt	517	143	淳平	A32d_020_010_01_00	淳平	/sound/voice/A32d_020_010_01_00_00.ogg	unique_exact_anchor	exact	selected	1	same
a32d.fsb.txt	533	147	淳平	A32d_020_030_01_00	淳平	/sound/voice/A32d_020_030_01_00_00.ogg	unique_exact_anchor	exact	selected	1	same
a32d.fsb.txt	541	150	四葉	A32d_020_030_04_00	四葉	/sound/voice/A32d_020_030_04_00_00.ogg	unique_exact_anchor	exact	selected	1	same
a32d.fsb.txt	560	156	淳平	A32d_020_050_03_00	淳平	/sound/voice/A32d_020_050_03_00_00.ogg	unique_exact_anchor	exact	selected	1	same
a32d.fsb.txt	566	158	四葉	A32d_020_060_02_00	四葉	/sound/voice/A32d_020_060_02_00_00.ogg	unique_exact_anchor	exact	selected	1	same
a32d.fsb.txt	568	159	四葉	A32d_020_060_03_00	四葉	/sound/voice/A32d_020_060_03_00_00.ogg	unique_exact_anchor	exact	selected	1	same
a32d.fsb.txt	570	160	淳平	A32d_020_060_04_00	淳平	/sound/voice/A32d_020_060_04_00_00.ogg	unique_exact_anchor	exact	selected	1	same
a32d.fsb.txt	606	165	淳平	A32d_020_070_01_00	淳平	/sound/voice/A32d_020_070_01_00_00.ogg	unique_exact_anchor	exact	selected	1	same
a32d.fsb.txt	608	166	四葉	A32d_020_070_02_00	四葉	/sound/voice/A32d_020_070_02_00_00.ogg	monotonic_tfidf	exact	selected	1	same
a32d.fsb.txt	610	167	淳平	A32d_020_070_03_00	淳平	/sound/voice/A32d_020_070_03_00_00.ogg	monotonic_tfidf	exact	selected	1	same
a32d.fsb.txt	613	168	淳平	A32d_020_080_01_00	淳平	/sound/voice/A32d_020_080_01_00_00.ogg	unique_exact_anchor	exact	selected	1	same
a32d.fsb.txt	615	169	淳平	A32d_020_080_02_00	淳平	/sound/voice/A32d_020_080_02_00_00.ogg	unique_exact_anchor	exact	selected	1	same
a32d.fsb.txt	617	170	淳平	A32d_020_080_03_00	淳平	/sound/voice/A32d_020_080_03_00_00.ogg	unique_exact_anchor	exact	selected	1	same
a32d.fsb.txt	623	172	淳平	A32d_020_090_02_10	淳平	/sound/voice/A32d_020_090_02_10_00.ogg	extended_same_speaker	medium	selected	1	same
a32d.fsb.txt	629	173	四葉	A32d_020_100_01_00	四葉	/sound/voice/A32d_020_100_01_00_00.ogg	unique_exact_anchor	exact	selected	1	same
a32d.fsb.txt	631	174	淳平	A32d_020_100_02_00	淳平	/sound/voice/A32d_020_100_02_00_00.ogg	unique_exact_anchor	exact	selected	1	same
a32d.fsb.txt	633	175	淳平	A32d_020_100_03_00	淳平	/sound/voice/A32d_020_100_03_00_00.ogg	unique_exact_anchor	exact	selected	1	same
a32d.fsb.txt	636	176	淳平	A32d_020_110_01_00	淳平	/sound/voice/A32d_020_110_01_00_00.ogg	unique_exact_anchor	exact	selected	1	same
a32d.fsb.txt	638	177	淳平	A32d_020_110_02_00	淳平	/sound/voice/A32d_020_110_02_00_00.ogg	unique_exact_anchor	exact	selected	1	same
a32d.fsb.txt	640	178	四葉	A32d_020_110_03_00	四葉	/sound/voice/A32d_020_110_03_00_00.ogg	monotonic_tfidf	exact	selected	1	same
a32d.fsb.txt	642	179	淳平	A32d_020_110_04_00	淳平	/sound/voice/A32d_020_110_04_00_00.ogg	monotonic_tfidf	exact	selected	1	same
a32d.fsb.txt	649	182	淳平	A32d_020_120_01_00	淳平	/sound/voice/A32d_020_120_01_00_00.ogg	unique_exact_anchor	exact	selected	1	same
a32d.fsb.txt	651	183	淳平	A32d_020_120_02_00	淳平	/sound/voice/A32d_020_120_02_00_00.ogg	unique_exact_anchor	exact	selected	1	same
a32d.fsb.txt	653	184	淳平	A32d_020_120_03_00	淳平	/sound/voice/A32d_020_120_03_00_00.ogg	unique_exact_anchor	exact	selected	1	same
a32d.fsb.txt	658	186	淳平	A32d_020_130_01_00	淳平	/sound/voice/A32d_020_130_01_00_00.ogg	unique_exact_anchor	exact	selected	1	same
a32d.fsb.txt	660	187	淳平	A32d_020_130_02_00	淳平	/sound/voice/A32d_020_130_02_00_00.ogg	unique_exact_anchor	exact	selected	1	same
a32d.fsb.txt	662	188	四葉	A32d_020_130_03_00	四葉	/sound/voice/A32d_020_130_03_00_00.ogg	unique_exact_anchor	exact	selected	1	same
a32d.fsb.txt	664	189	淳平	A32d_020_130_04_00	淳平	/sound/voice/A32d_020_130_04_00_00.ogg	unique_exact_anchor	exact	selected	1	same
a32d.fsb.txt	670	191	淳平	A32d_020_150_01_10	淳平	/sound/voice/A32d_020_150_01_10_00.ogg	monotonic_tfidf	high	selected	1	same
a32d.fsb.txt	676	193	四葉	A32d_020_150_02_00	四葉	/sound/voice/A32d_020_150_02_00_00.ogg	unique_exact_anchor	exact	selected	1	same
a32d.fsb.txt	678	194	淳平	A32d_020_150_03_00	淳平	/sound/voice/A32d_020_150_03_00_00.ogg	unique_exact_anchor	exact	selected	1	same
a32d.fsb.txt	694	196	淳平	A32d_020_160_01_00	淳平	/sound/voice/A32d_020_160_01_00_00.ogg	unique_exact_anchor	exact	selected	1	same
a32d.fsb.txt	696	197	淳平	A32d_020_160_02_00	淳平	/sound/voice/A32d_020_160_02_00_00.ogg	unique_exact_anchor	exact	selected	1	same
a32d.fsb.txt	698	198	四葉	A32d_020_160_03_00	四葉	/sound/voice/A32d_020_160_03_00_00.ogg	unique_exact_anchor	exact	selected	1	same
a32d.fsb.txt	700	199	淳平	A32d_020_160_04_00	淳平	/sound/voice/A32d_020_160_04_00_00.ogg	unique_exact_anchor	exact	selected	1	same
a32d.fsb.txt	703	200	四葉	A32d_020_170_01_00	四葉	/sound/voice/A32d_020_170_01_00_00.ogg	unique_exact_anchor	exact	selected	1	same
a32d.fsb.txt	705	201	淳平	A32d_020_170_02_00	淳平	/sound/voice/A32d_020_170_02_00_00.ogg	unique_exact_anchor	exact	selected	1	same
a32d.fsb.txt	707	202	四葉	A32d_020_170_03_00	四葉	/sound/voice/A32d_020_170_03_00_00.ogg	unique_exact_anchor	exact	selected	1	same
a32d.fsb.txt	709	203	淳平	A32d_020_170_04_00	淳平	/sound/voice/A32d_020_170_04_00_00.ogg	unique_exact_anchor	exact	selected	1	same
a32d.fsb.txt	715	205	淳平	A32d_020_180_02_00	淳平	/sound/voice/A32d_020_180_02_00_00.ogg	unique_exact_anchor	exact	selected	1	same
a32d.fsb.txt	717	206	淳平	A32d_020_180_03_00	淳平	/sound/voice/A32d_020_180_03_00_00.ogg	unique_exact_anchor	exact	selected	1	same
a32d.fsb.txt	721	208	淳平	A32d_020_180_05_00	淳平	/sound/voice/A32d_020_180_05_00_00.ogg	unique_exact_anchor	exact	selected	1	same
a32d.fsb.txt	793	224	淳平	A32d_020_230_02_00	淳平	/sound/voice/A32d_020_230_02_00_00.ogg	unique_exact_anchor	exact	selected	1	same
a32d.fsb.txt	796	225	四葉	A32d_020_230_03_00	四葉	/sound/voice/A32d_020_230_03_00_00.ogg	unique_exact_anchor	exact	selected	1	same
a32d.fsb.txt	798	226	淳平	A32d_020_230_04_00	淳平	/sound/voice/A32d_020_230_04_00_00.ogg	unique_exact_anchor	exact	selected	1	same
a32d.fsb.txt	800	227	淳平	A32d_020_230_05_00	淳平	/sound/voice/A32d_020_230_05_00_00.ogg	unique_exact_anchor	exact	selected	1	same
a32d.fsb.txt	802	228	四葉	A32d_020_230_06_00	四葉	/sound/voice/A32d_020_230_06_00_00.ogg	unique_exact_anchor	exact	selected	1	same
a32d.fsb.txt	804	229	淳平	A32d_020_230_07_00	淳平	/sound/voice/A32d_020_230_07_00_00.ogg	unique_exact_anchor	exact	selected	1	same
a32d.fsb.txt	806	230	淳平	A32d_020_230_08_00	淳平	/sound/voice/A32d_020_230_08_00_00.ogg	unique_exact_anchor	exact	selected	1	same
a32d.fsb.txt	808	231	淳平	A32d_020_230_09_00	淳平	/sound/voice/A32d_020_230_09_00_00.ogg	unique_exact_anchor	exact	selected	1	same
a32d.fsb.txt	813	233	淳平	A32d_020_240_02_00	淳平	/sound/voice/A32d_020_240_02_00_00.ogg	unique_exact_anchor	exact	selected	1	same
a32d.fsb.txt	815	234	淳平	A32d_020_240_03_00	淳平	/sound/voice/A32d_020_240_03_00_00.ogg	unique_exact_anchor	exact	selected	1	same
a32d.fsb.txt	817	235	淳平	A32d_020_240_04_00	淳平	/sound/voice/A32d_020_240_04_00_00.ogg	unique_exact_anchor	exact	selected	1	same
a32d.fsb.txt	819	236	淳平	A32d_020_240_05_00	淳平	/sound/voice/A32d_020_240_05_00_00.ogg	unique_exact_anchor	exact	selected	1	same
a32d.fsb.txt	821	237	淳平	A32d_020_240_06_00	淳平	/sound/voice/A32d_020_240_06_00_00.ogg	monotonic_tfidf	high	selected	1	same
a32d.fsb.txt	842	242	四葉	A32d_020_260_01_00	四葉	/sound/voice/A32d_020_260_01_00_00.ogg	unique_exact_anchor	exact	selected	1	same
a32d.fsb.txt	849	245	淳平	A32d_020_260_04_00	淳平	/sound/voice/A32d_020_260_04_00_00.ogg	unique_exact_anchor	exact	selected	1	same
a32d.fsb.txt	853	246	四葉	A32d_020_270_01_00	四葉	/sound/voice/A32d_020_270_01_00_00.ogg	unique_exact_anchor	exact	selected	1	same
a32d.fsb.txt	855	247	淳平	A32d_020_270_02_00	淳平	/sound/voice/A32d_020_270_02_00_00.ogg	unique_exact_anchor	exact	selected	1	same
a32d.fsb.txt	857	248	四葉	A32d_020_270_03_00	四葉	/sound/voice/A32d_020_270_03_00_00.ogg	unique_exact_anchor	exact	selected	1	same
a32d.fsb.txt	859	249	淳平	A32d_020_270_04_00	淳平	/sound/voice/A32d_020_270_04_00_00.ogg	unique_exact_anchor	exact	selected	1	same
a32d.fsb.txt	861	250	淳平	A32d_020_270_05_00	淳平	/sound/voice/A32d_020_270_05_00_00.ogg	unique_exact_anchor	exact	selected	1	same
a32d.fsb.txt	863	251	四葉	A32d_020_270_06_00	四葉	/sound/voice/A32d_020_270_06_00_00.ogg	unique_exact_anchor	exact	selected	1	same
a32d.fsb.txt	869	253	四葉	A32d_020_280_01_00	四葉	/sound/voice/A32d_020_280_01_00_00.ogg	unique_exact_anchor	exact	selected	1	same
a32d.fsb.txt	884	255	淳平	A32d_020_290_01_00	淳平	/sound/voice/A32d_020_290_01_00_00.ogg	unique_exact_anchor	exact	selected	1	same
a32d.fsb.txt	890	256	四葉	A32d_020_290_02_00	四葉	/sound/voice/A32d_020_290_02_00_00.ogg	unique_exact_anchor	exact	selected	1	same
a32d.fsb.txt	892	257	淳平	A32d_020_290_03_00	淳平	/sound/voice/A32d_020_290_03_00_00.ogg	unique_exact_anchor	exact	selected	1	same
a32d.fsb.txt	894	258	四葉	A32d_020_290_04_00	四葉	/sound/voice/A32d_020_290_04_00_00.ogg	unique_exact_anchor	exact	selected	1	same
a32d.fsb.txt	902	261	淳平	A32d_020_300_01_00	淳平	/sound/voice/A32d_020_300_01_00_00.ogg	unique_exact_anchor	exact	selected	1	same
a32d.fsb.txt	904	262	淳平	A32d_020_300_02_00	淳平	/sound/voice/A32d_020_300_02_00_00.ogg	unique_exact_anchor	exact	selected	1	same
a32d.fsb.txt	914	265	四葉	A32d_020_310_03_00	四葉	/sound/voice/A32d_020_310_03_00_00.ogg	unique_exact_anchor	exact	selected	1	same
a32d.fsb.txt	928	270	四葉	A32d_020_330_03_00	四葉	/sound/voice/A32d_020_330_03_00_00.ogg	monotonic_tfidf	review	selected	1	same
a32d.fsb.txt	952	273	淳平	A32d_020_350_01_00	淳平	/sound/voice/A32d_020_350_01_00_00.ogg	unique_exact_anchor	exact	selected	1	same
a32d.fsb.txt	954	274	四葉	A32d_020_350_02_00	四葉	/sound/voice/A32d_020_350_02_00_00.ogg	unique_exact_anchor	exact	selected	1	same
a32d.fsb.txt	956	275	淳平	A32d_020_350_03_00	淳平	/sound/voice/A32d_020_350_03_00_00.ogg	unique_exact_anchor	exact	selected	1	same
a32d.fsb.txt	958	276	四葉	A32d_020_350_04_00	四葉	/sound/voice/A32d_020_350_04_00_00.ogg	unique_exact_anchor	exact	selected	1	same
a32d.fsb.txt	961	277	淳平	A32d_020_360_01_00	淳平	/sound/voice/A32d_020_360_01_00_00.ogg	unique_exact_anchor	exact	selected	1	same
a32d.fsb.txt	963	278	四葉	A32d_020_360_02_00	四葉	/sound/voice/A32d_020_360_02_00_00.ogg	unique_exact_anchor	exact	selected	1	same
a32d.fsb.txt	965	279	淳平	A32d_020_360_03_00	淳平	/sound/voice/A32d_020_360_03_00_00.ogg	unique_exact_anchor	exact	selected	1	same
a32d.fsb.txt	967	280	四葉	A32d_020_360_04_00	四葉	/sound/voice/A32d_020_360_04_00_00.ogg	unique_exact_anchor	exact	selected	1	same
a32d.fsb.txt	973	282	四葉	A32d_020_370_02_00	四葉	/sound/voice/A32d_020_370_02_00_00.ogg	unique_exact_anchor	exact	selected	1	same
a32d.fsb.txt	975	283	四葉	A32d_020_370_03_00	四葉	/sound/voice/A32d_020_370_03_00_00.ogg	unique_exact_anchor	exact	selected	1	same
a32d.fsb.txt	992	289	四葉	A32d_020_400_01_00	四葉	/sound/voice/A32d_020_400_01_00_00.ogg	unique_exact_anchor	exact	selected	1	same
a32d.fsb.txt	994	290	四葉	A32d_020_400_02_00	四葉	/sound/voice/A32d_020_400_02_00_00.ogg	unique_exact_anchor	exact	selected	1	same
a32d.fsb.txt	1007	295	四葉	A32d_020_420_01_00	四葉	/sound/voice/A32d_020_420_01_00_00.ogg	unique_exact_anchor	exact	selected	1	same
a32d.fsb.txt	1009	296	淳平	A32d_020_420_02_00	淳平	/sound/voice/A32d_020_420_02_00_00.ogg	monotonic_tfidf	exact	selected	1	same
a32d.fsb.txt	1011	297	四葉	A32d_020_420_03_00	四葉	/sound/voice/A32d_020_420_03_00_00.ogg	monotonic_tfidf	high	selected	1	same
a32d.fsb.txt	1013	298	四葉	A32d_020_420_04_00	四葉	/sound/voice/A32d_020_420_04_00_00.ogg	monotonic_tfidf	high	selected	1	same
a32d.fsb.txt	1015	299	四葉	A32d_020_420_05_00	四葉	/sound/voice/A32d_020_420_05_00_00.ogg	monotonic_tfidf	high	selected	1	same
a32d.fsb.txt	1029	302	四葉	A32d_020_440_01_00	四葉	/sound/voice/A32d_020_440_01_00_00.ogg	unique_exact_anchor	exact	selected	1	same
a32d.fsb.txt	1031	303	四葉	A32d_020_440_02_00	四葉	/sound/voice/A32d_020_440_02_00_00.ogg	unique_exact_anchor	exact	selected	1	same
a32d.fsb.txt	1033	304	四葉	A32d_020_440_03_00	四葉	/sound/voice/A32d_020_440_03_00_00.ogg	unique_exact_anchor	exact	selected	1	same
a32d.fsb.txt	1035	305	四葉	A32d_020_440_04_00	四葉	/sound/voice/A32d_020_440_04_00_00.ogg	unique_exact_anchor	exact	selected	1	same
a32d.fsb.txt	1045	308	四葉	A32d_020_450_03_00	四葉	/sound/voice/A32d_020_450_03_00_00.ogg	monotonic_tfidf	exact	selected	1	same
a32d.fsb.txt	1054	311	淳平	A32d_020_470_01_00	淳平	/sound/voice/A32d_020_470_01_00_00.ogg	unique_exact_anchor	exact	selected	1	same
a32d.fsb.txt	1056	312	四葉	A32d_020_470_02_00	四葉	/sound/voice/A32d_020_470_02_00_00.ogg	unique_exact_anchor	exact	selected	1	same
a32d.fsb.txt	1058	313	淳平	A32d_020_470_03_00	淳平	/sound/voice/A32d_020_470_03_00_00.ogg	unique_exact_anchor	exact	selected	1	same
a32d.fsb.txt	1061	314	淳平	A32d_020_480_01_00	淳平	/sound/voice/A32d_020_480_01_00_00.ogg	unique_exact_anchor	exact	selected	1	same
a32d.fsb.txt	1087	321	淳平	A32d_020_490_01_00	淳平	/sound/voice/A32d_020_490_01_00_00.ogg	monotonic_tfidf	exact	selected	1	same
a32d.fsb.txt	1104	325	四葉	A32d_020_500_01_00	四葉	/sound/voice/A32d_020_500_01_00_00.ogg	unique_exact_anchor	exact	selected	1	same
a32d.fsb.txt	1110	327	淳平	A32d_020_510_01_00	淳平	/sound/voice/A32d_020_510_01_00_00.ogg	unique_exact_anchor	exact	selected	1	same
a32d.fsb.txt	1112	328	淳平	A32d_020_510_02_00	淳平	/sound/voice/A32d_020_510_02_00_00.ogg	unique_exact_anchor	exact	selected	1	same
a32d.fsb.txt	1114	329	四葉	A32d_020_510_03_00	四葉	/sound/voice/A32d_020_510_03_00_00.ogg	unique_exact_anchor	exact	selected	1	same
a32d.fsb.txt	1116	330	四葉	A32d_020_510_04_00	四葉	/sound/voice/A32d_020_510_04_00_00.ogg	unique_exact_anchor	exact	selected	1	same
a32d.fsb.txt	1118	331	淳平	A32d_020_510_05_00	淳平	/sound/voice/A32d_020_510_05_00_00.ogg	unique_exact_anchor	exact	selected	1	same
a32d.fsb.txt	1121	332	四葉	A32d_020_520_01_00	四葉	/sound/voice/A32d_020_520_01_00_00.ogg	unique_exact_anchor	exact	selected	1	same
a32d.fsb.txt	1123	333	四葉	A32d_020_520_02_00	四葉	/sound/voice/A32d_020_520_02_00_00.ogg	unique_exact_anchor	exact	selected	1	same
a32d.fsb.txt	1125	334	淳平	A32d_020_520_03_00	淳平	/sound/voice/A32d_020_520_03_00_00.ogg	unique_exact_anchor	exact	selected	1	same
a32d.fsb.txt	1127	335	四葉	A32d_020_520_04_00	四葉	/sound/voice/A32d_020_520_04_00_00.ogg	unique_exact_anchor	exact	selected	1	same
a32d.fsb.txt	1133	337	四葉	A32d_020_530_01_00	四葉	/sound/voice/A32d_020_530_01_00_00.ogg	unique_exact_anchor	exact	selected	1	same
a32d.fsb.txt	1135	338	四葉	A32d_020_530_02_00	四葉	/sound/voice/A32d_020_530_02_00_00.ogg	unique_exact_anchor	exact	selected	1	same
a32d.fsb.txt	1137	339	四葉	A32d_020_530_03_00	四葉	/sound/voice/A32d_020_530_03_00_00.ogg	unique_exact_anchor	exact	selected	1	same
a32d.fsb.txt	1139	340	淳平	A32d_020_530_04_00	淳平	/sound/voice/A32d_020_530_04_00_00.ogg	unique_exact_anchor	exact	selected	1	same
a32d.fsb.txt	1148	343	淳平	A32d_020_550_01_00	淳平	/sound/voice/A32d_020_550_01_00_00.ogg	unique_exact_anchor	exact	selected	1	same
a32d.fsb.txt	1150	344	淳平	A32d_020_550_02_00	淳平	/sound/voice/A32d_020_550_02_00_00.ogg	unique_exact_anchor	exact	selected	1	same
a32d.fsb.txt	1152	345	淳平	A32d_020_550_03_00	淳平	/sound/voice/A32d_020_550_03_00_00.ogg	unique_exact_anchor	exact	selected	1	same
a32d.fsb.txt	1154	346	淳平	A32d_020_550_04_00	淳平	/sound/voice/A32d_020_550_04_00_00.ogg	monotonic_tfidf	high	selected	1	same
a32d.fsb.txt	1156	347	淳平	A32d_020_550_05_00	淳平	/sound/voice/A32d_020_550_05_00_00.ogg	unique_exact_anchor	exact	selected	1	same
a32d.fsb.txt	1162	349	淳平	A32d_020_560_02_00	淳平	/sound/voice/A32d_020_560_02_00_00.ogg	unique_exact_anchor	exact	selected	1	same
a32d.fsb.txt	1164	350	淳平	A32d_020_560_03_00	淳平	/sound/voice/A32d_020_560_03_00_00.ogg	unique_exact_anchor	exact	selected	1	same
a32d.fsb.txt	1166	351	四葉	A32d_020_560_04_00	四葉	/sound/voice/A32d_020_560_04_00_00.ogg	unique_exact_anchor	exact	selected	1	same
a32d.fsb.txt	1180	353	八代	A32d_020_570_02_00	八代	/sound/voice/A32d_020_570_02_00_00.ogg	unique_exact_anchor	exact	selected	1	same
a32d.fsb.txt	1182	354	八代	A32d_020_570_03_00	八代	/sound/voice/A32d_020_570_03_00_00.ogg	unique_exact_anchor	exact	selected	1	same
a32d.fsb.txt	1195	357	四葉	A32d_020_580_01_00	四葉	/sound/voice/A32d_020_580_01_00_00.ogg	unique_exact_anchor	exact	selected	1	same
a32d.fsb.txt	1197	358	四葉	A32d_020_580_02_00	四葉	/sound/voice/A32d_020_580_02_00_00.ogg	unique_exact_anchor	exact	selected	1	same
a32d.fsb.txt	1199	359	淳平	A32d_020_580_03_00	淳平	/sound/voice/A32d_020_580_03_00_00.ogg	unique_exact_anchor	exact	selected	1	same
a32d.fsb.txt	1201	360	四葉	A32d_020_580_04_00	四葉	/sound/voice/A32d_020_580_04_00_00.ogg	unique_exact_anchor	exact	selected	1	same
a32d.fsb.txt	1204	361	淳平	A32d_020_590_01_00	淳平	/sound/voice/A32d_020_590_01_00_00.ogg	monotonic_tfidf	high	selected	1	same
a32d.fsb.txt	1206	362	四葉	A32d_020_590_02_00	四葉	/sound/voice/A32d_020_590_02_00_00.ogg	unique_exact_anchor	exact	selected	1	same
a32d.fsb.txt	1208	363	淳平	A32d_020_590_03_00	淳平	/sound/voice/A32d_020_590_03_00_00.ogg	unique_exact_anchor	exact	selected	1	same
a32d.fsb.txt	1210	364	四葉	A32d_020_590_04_00	四葉	/sound/voice/A32d_020_590_04_00_00.ogg	unique_exact_anchor	exact	selected	1	same
a32d.fsb.txt	1212	365	四葉	A32d_020_590_05_00	四葉	/sound/voice/A32d_020_590_05_00_00.ogg	unique_exact_anchor	exact	selected	1	same
a32d.fsb.txt	1218	367	淳平	A32d_020_600_02_00	淳平	/sound/voice/A32d_020_600_02_00_00.ogg	unique_exact_anchor	exact	selected	1	same
a32d.fsb.txt	1220	368	淳平	A32d_020_600_03_00	淳平	/sound/voice/A32d_020_600_03_00_00.ogg	unique_exact_anchor	exact	selected	1	same
a32d.fsb.txt	1230	371	四葉	A32d_020_620_01_00	四葉	/sound/voice/A32d_020_620_01_00_00.ogg	unique_exact_anchor	exact	selected	1	same
a32d.fsb.txt	1232	372	四葉	A32d_020_620_02_00	四葉	/sound/voice/A32d_020_620_02_00_00.ogg	unique_exact_anchor	exact	selected	1	same
a32d.fsb.txt	1239	375	四葉	A32d_020_630_03_00	四葉	/sound/voice/A32d_020_630_03_00_00.ogg	unique_exact_anchor	exact	selected	1	same
a32d.fsb.txt	1242	376	四葉	A32d_020_640_02_10	四葉	/sound/voice/A32d_020_640_02_10_00.ogg	unique_exact_anchor	exact	selected	1	same
a32d.fsb.txt	1244	377	四葉	A32d_020_640_03_00	四葉	/sound/voice/A32d_020_640_03_00_00.ogg	unique_exact_anchor	exact	selected	1	same
a32d.fsb.txt	1247	378	淳平	A32d_020_650_01_00	淳平	/sound/voice/A32d_020_650_01_00_00.ogg	unique_exact_anchor	exact	selected	1	same
a32d.fsb.txt	1249	379	四葉	A32d_020_650_02_00	四葉	/sound/voice/A32d_020_650_02_00_00.ogg	unique_exact_anchor	exact	selected	1	same
a32d.fsb.txt	1251	380	四葉	A32d_020_650_03_00	四葉	/sound/voice/A32d_020_650_03_00_00.ogg	unique_exact_anchor	exact	selected	1	same
a32d.fsb.txt	1254	381	四葉	A32d_020_660_01_00	四葉	/sound/voice/A32d_020_660_01_00_00.ogg	unique_exact_anchor	exact	selected	1	same
a32d.fsb.txt	1256	382	四葉	A32d_020_660_02_00	四葉	/sound/voice/A32d_020_660_02_00_00.ogg	unique_exact_anchor	exact	selected	1	same
a32d.fsb.txt	1264	385	四葉	A32d_020_670_01_00	四葉	/sound/voice/A32d_020_670_01_00_00.ogg	unique_exact_anchor	exact	selected	1	same
a32d.fsb.txt	1266	386	四葉	A32d_020_670_03_00	四葉	/sound/voice/A32d_020_670_03_00_00.ogg	monotonic_tfidf	medium	selected	1	same
a32d.fsb.txt	1269	387	四葉	A32d_020_680_01_00	四葉	/sound/voice/A32d_020_680_01_00_00.ogg	unique_exact_anchor	exact	selected	1	same
a32d.fsb.txt	1273	389	四葉	A32d_020_680_03_00	四葉	/sound/voice/A32d_020_680_03_00_00.ogg	unique_exact_anchor	exact	selected	1	same
a32d.fsb.txt	1293	392	一宮	A32d_020_700_01_00	一宮	/sound/voice/A32d_020_700_01_00_00.ogg	unique_exact_anchor	exact	selected	1	same
a32d.fsb.txt	1295	393	淳平	A32d_020_700_02_00	淳平	/sound/voice/A32d_020_700_02_00_00.ogg	unique_exact_anchor	exact	selected	1	same
a32d.fsb.txt	1297	394	一宮	A32d_020_700_03_00	一宮	/sound/voice/A32d_020_700_03_00_00.ogg	unique_exact_anchor	exact	selected	1	same
a32d.fsb.txt	1299	395	一宮	A32d_020_700_04_00	一宮	/sound/voice/A32d_020_700_04_00_00.ogg	unique_exact_anchor	exact	selected	1	same
a32d.fsb.txt	1307	398	一宮	A32d_020_710_03_00	一宮	/sound/voice/A32d_020_710_03_00_00.ogg	unique_exact_anchor	exact	selected	1	same
a32d.fsb.txt	1309	399	一宮	A32d_020_710_04_00	一宮	/sound/voice/A32d_020_710_04_00_00.ogg	unique_exact_anchor	exact	selected	1	same
a32d.fsb.txt	1313	401	一宮	A32d_020_710_06_00	一宮	/sound/voice/A32d_020_710_06_00_00.ogg	unique_exact_anchor	exact	selected	1	same
a32d.fsb.txt	1326	404	四葉	A32d_020_720_02_00	四葉	/sound/voice/A32d_020_720_02_00_00.ogg	unique_exact_anchor	exact	selected	1	same
a32d.fsb.txt	1328	405	淳平	A32d_020_720_03_00	淳平	/sound/voice/A32d_020_720_03_00_00.ogg	unique_exact_anchor	exact	selected	1	same
a32d.fsb.txt	1337	408	一宮	A32d_020_730_01_00	一宮	/sound/voice/A32d_020_730_01_00_00.ogg	unique_exact_anchor	exact	selected	1	same
a32d.fsb.txt	1341	410	淳平	A32d_020_730_03_00	淳平	/sound/voice/A32d_020_730_03_00_00.ogg	unique_exact_anchor	exact	selected	1	same
a32d.fsb.txt	1364	414	四葉	A32d_020_740_01_00	四葉	/sound/voice/A32d_020_740_01_00_00.ogg	unique_exact_anchor	exact	selected	1	same
a32d.fsb.txt	1366	415	四葉	A32d_020_740_02_00	四葉	/sound/voice/A32d_020_740_02_00_00.ogg	unique_exact_anchor	exact	selected	1	same
a32d.fsb.txt	1368	416	淳平	A32d_020_740_03_00	淳平	/sound/voice/A32d_020_740_03_00_00.ogg	unique_exact_anchor	exact	selected	1	same
a32d.fsb.txt	1370	417	四葉	A32d_020_740_04_00	四葉	/sound/voice/A32d_020_740_04_00_00.ogg	unique_exact_anchor	exact	selected	1	same
a32d.fsb.txt	1378	420	淳平	A32d_020_750_05_00	淳平	/sound/voice/A32d_020_750_05_00_00.ogg	unique_exact_anchor	exact	selected	1	same
a41d.fsb.txt	21	1	淳平	A41d_010_010_02_10	淳平	/sound/voice/A41d_010_010_02_10_00.ogg	monotonic_tfidf	review	selected	1	same
a41d.fsb.txt	28	3	セブン	A41d_010_020_02_00	セブン	/sound/voice/A41d_010_020_02_00_00.ogg	unique_exact_anchor	exact	selected	1	same
a41d.fsb.txt	31	4	四葉	A41d_010_020_03_00	四葉	/sound/voice/A41d_010_020_03_00_00.ogg	unique_exact_anchor	exact	selected	1	same
a41d.fsb.txt	33	5	セブン	A41d_010_020_04_00	セブン	/sound/voice/A41d_010_020_04_00_00.ogg	unique_exact_anchor	exact	selected	1	same
a41d.fsb.txt	35	6	四葉	A41d_010_020_05_00	四葉	/sound/voice/A41d_010_020_05_00_00.ogg	unique_exact_anchor	exact	selected	1	same
a41d.fsb.txt	46	8	ニルス２	A41d_010_030_01_00	ニルス２	/sound/voice/A41d_010_030_01_00_00.ogg	unique_exact_anchor	exact	selected	1	same
a41d.fsb.txt	51	10	淳平	A41d_010_030_03_00	淳平	/sound/voice/A41d_010_030_03_00_00.ogg	unique_exact_anchor	exact	selected	1	same
a41d.fsb.txt	66	11	八代	A41d_010_040_01_00	八代	/sound/voice/A41d_010_040_01_00_00.ogg	monotonic_tfidf	high	selected	1	same
a41d.fsb.txt	68	12	八代	A41d_010_040_02_00	八代	/sound/voice/A41d_010_040_02_00_00.ogg	monotonic_tfidf	high	selected	1	same
a41d.fsb.txt	81	13	ニルス２	A41d_010_050_01_00	ニルス２	/sound/voice/A41d_010_050_01_00_00.ogg	unique_exact_anchor	exact	selected	1	same
a41d.fsb.txt	83	14	淳平	A41d_010_050_02_00	淳平	/sound/voice/A41d_010_050_02_00_00.ogg	unique_exact_anchor	exact	selected	1	same
a41d.fsb.txt	85	15	ニルス２	A41d_010_050_03_00	ニルス２	/sound/voice/A41d_010_050_03_00_00.ogg	unique_exact_anchor	exact	selected	1	same
a41d.fsb.txt	87	16	淳平	A41d_010_050_04_00	淳平	/sound/voice/A41d_010_050_04_00_00.ogg	unique_exact_anchor	exact	selected	1	same
a41d.fsb.txt	101	17	四葉	A41d_010_060_01_00	四葉	/sound/voice/A41d_010_060_01_00_00.ogg	unique_exact_anchor	exact	selected	1	same
a41d.fsb.txt	103	18	四葉	A41d_010_060_02_00	四葉	/sound/voice/A41d_010_060_02_00_00.ogg	unique_exact_anchor	exact	selected	1	same
a41d.fsb.txt	116	19	ニルス２	A41d_010_070_01_00	ニルス２	/sound/voice/A41d_010_070_01_00_00.ogg	unique_exact_anchor	exact	selected	1	same
a41d.fsb.txt	118	20	淳平	A41d_010_070_02_00	淳平	/sound/voice/A41d_010_070_02_00_00.ogg	unique_exact_anchor	exact	selected	1	same
a41d.fsb.txt	124	22	淳平	A41d_010_080_02_00	淳平	/sound/voice/A41d_010_080_02_00_00.ogg	unique_exact_anchor	exact	selected	1	same
a41d.fsb.txt	126	23	ニルス２	A41d_010_080_03_00	ニルス２	/sound/voice/A41d_010_080_03_00_00.ogg	unique_exact_anchor	exact	selected	1	same
a41d.fsb.txt	128	24	淳平	A41d_010_080_04_00	淳平	/sound/voice/A41d_010_080_04_00_00.ogg	unique_exact_anchor	exact	selected	1	same
a41d.fsb.txt	136	27	ニルス２	A41d_010_090_03_00	ニルス２	/sound/voice/A41d_010_090_03_00_00.ogg	unique_exact_anchor	exact	selected	1	same
a41d.fsb.txt	138	28	ニルス２	A41d_010_090_04_00	ニルス２	/sound/voice/A41d_010_090_04_00_00.ogg	unique_exact_anchor	exact	selected	1	same
a41d.fsb.txt	161	32	ニルス２	A41d_010_110_03_10	ニルス２	/sound/voice/A41d_010_110_03_10_00.ogg	unique_exact_anchor	exact	selected	1	same
a41d.fsb.txt	168	33	ニルス２	A41d_010_120_01_00	ニルス２	/sound/voice/A41d_010_120_01_00_00.ogg	unique_exact_anchor	exact	selected	1	same
a41d.fsb.txt	170	34	ニルス２	A41d_010_120_02_00	ニルス２	/sound/voice/A41d_010_120_02_00_00.ogg	unique_exact_anchor	exact	selected	1	same
a41d.fsb.txt	173	35	ニルス２	A41d_010_130_01_00	ニルス２	/sound/voice/A41d_010_130_01_00_00.ogg	unique_exact_anchor	exact	selected	1	same
a41d.fsb.txt	175	36	ニルス２	A41d_010_130_02_00	ニルス２	/sound/voice/A41d_010_130_02_00_00.ogg	unique_exact_anchor	exact	selected	1	same
a41d.fsb.txt	196	39	淳平	A41d_010_140_03_00	淳平	/sound/voice/A41d_010_140_03_00_00.ogg	unique_exact_anchor	exact	selected	1	same
a41d.fsb.txt	198	40	ニルス２	A41d_010_140_04_00	ニルス２	/sound/voice/A41d_010_140_04_00_00.ogg	unique_exact_anchor	exact	selected	1	same
a41d.fsb.txt	201	41	淳平	A41d_010_150_01_00	淳平	/sound/voice/A41d_010_150_01_00_00.ogg	unique_exact_anchor	exact	selected	1	same
a41d.fsb.txt	203	42	淳平	A41d_010_150_02_00	淳平	/sound/voice/A41d_010_150_02_00_00.ogg	unique_exact_anchor	exact	selected	1	same
a41d.fsb.txt	206	43	ニルス２	A41d_010_150_03_00	ニルス２	/sound/voice/A41d_010_150_03_00_00.ogg	unique_exact_anchor	exact	selected	1	same
a41d.fsb.txt	208	44	ニルス２	A41d_010_150_04_00	ニルス２	/sound/voice/A41d_010_150_04_00_00.ogg	unique_exact_anchor	exact	selected	1	same
a41d.fsb.txt	210	45	ニルス２	A41d_010_150_05_00	ニルス２	/sound/voice/A41d_010_150_05_00_00.ogg	unique_exact_anchor	exact	selected	1	same
a41d.fsb.txt	217	46	ニルス２	A41d_010_192_01_00	ニルス２	/sound/voice/A41d_010_192_01_00_00.ogg	unique_exact_anchor	exact	selected	1	same
a41d.fsb.txt	219	47	ニルス２	A41d_010_192_02_00	ニルス２	/sound/voice/A41d_010_192_02_00_00.ogg	unique_exact_anchor	exact	selected	1	same
a41d.fsb.txt	221	48	ニルス２	A41d_010_192_03_00	ニルス２	/sound/voice/A41d_010_192_03_00_00.ogg	unique_exact_anchor	exact	selected	1	same
a41d.fsb.txt	223	49	淳平	A41d_010_192_04_00	淳平	/sound/voice/A41d_010_192_04_00_00.ogg	unique_exact_anchor	exact	selected	1	same
a41d.fsb.txt	244	52	淳平	A41d_010_210_01_00	淳平	/sound/voice/A41d_010_210_01_00_00.ogg	monotonic_tfidf	exact	selected	1	same
a41d.fsb.txt	246	53	淳平	A41d_010_210_02_00	淳平	/sound/voice/A41d_010_210_02_00_00.ogg	unique_exact_anchor	exact	selected	1	same
a41d.fsb.txt	251	55	淳平	A41d_010_210_04_00	淳平	/sound/voice/A41d_010_210_04_00_00.ogg	unique_exact_anchor	exact	selected	1	same
a41d.fsb.txt	254	56	ニルス２	A41d_010_220_01_00	ニルス２	/sound/voice/A41d_010_220_01_00_00.ogg	unique_exact_anchor	exact	selected	1	same
a41d.fsb.txt	256	57	ニルス２	A41d_010_220_03_10	ニルス２	/sound/voice/A41d_010_220_03_10_00.ogg	unique_exact_anchor	exact	selected	1	same
a41d.fsb.txt	261	59	ニルス２	A41d_010_230_01_00	ニルス２	/sound/voice/A41d_010_230_01_00_00.ogg	unique_exact_anchor	exact	selected	1	same
a41d.fsb.txt	263	60	ニルス２	A41d_010_230_02_00	ニルス２	/sound/voice/A41d_010_230_02_00_00.ogg	unique_exact_anchor	exact	selected	1	same
a41d.fsb.txt	265	61	淳平	A41d_010_230_03_00	淳平	/sound/voice/A41d_010_230_03_00_00.ogg	unique_exact_anchor	exact	selected	1	same
a41d.fsb.txt	267	62	淳平	A41d_010_230_04_00	淳平	/sound/voice/A41d_010_230_04_00_00.ogg	unique_exact_anchor	exact	selected	1	same
a41d.fsb.txt	271	63	ニルス２	A41d_010_240_01_00	ニルス２	/sound/voice/A41d_010_240_01_00_00.ogg	unique_exact_anchor	exact	selected	1	same
a41d.fsb.txt	273	64	淳平	A41d_010_240_02_00	淳平	/sound/voice/A41d_010_240_02_00_00.ogg	unique_exact_anchor	exact	selected	1	same
a41d.fsb.txt	275	65	淳平	A41d_010_240_03_00	淳平	/sound/voice/A41d_010_240_03_00_00.ogg	unique_exact_anchor	exact	selected	1	same
a41d.fsb.txt	283	67	ニルス２	A41d_010_250_01_00	ニルス２	/sound/voice/A41d_010_250_01_00_00.ogg	unique_exact_anchor	exact	selected	1	same
a41d.fsb.txt	285	68	ニルス２	A41d_010_250_02_00	ニルス２	/sound/voice/A41d_010_250_02_00_00.ogg	unique_exact_anchor	exact	selected	1	same
a41d.fsb.txt	288	69	ニルス２	A41d_010_260_01_00	ニルス２	/sound/voice/A41d_010_260_01_00_00.ogg	unique_exact_anchor	exact	selected	1	same
a41d.fsb.txt	290	70	ニルス２	A41d_010_260_02_00	ニルス２	/sound/voice/A41d_010_260_02_00_00.ogg	unique_exact_anchor	exact	selected	1	same
a41d.fsb.txt	292	71	ニルス２	A41d_010_260_03_00	ニルス２	/sound/voice/A41d_010_260_03_00_00.ogg	unique_exact_anchor	exact	selected	1	same
a41d.fsb.txt	298	73	ニルス２	A41d_010_270_01_00	ニルス２	/sound/voice/A41d_010_270_01_00_00.ogg	unique_exact_anchor	exact	selected	1	same
a41d.fsb.txt	300	74	ニルス２	A41d_010_270_02_00	ニルス２	/sound/voice/A41d_010_270_02_00_00.ogg	unique_exact_anchor	exact	selected	1	same
a41d.fsb.txt	302	75	ニルス２	A41d_010_270_03_00	ニルス２	/sound/voice/A41d_010_270_03_00_00.ogg	unique_exact_anchor	exact	selected	1	same
a41d.fsb.txt	304	76	ニルス２	A41d_010_270_04_00	ニルス２	/sound/voice/A41d_010_270_04_00_00.ogg	unique_exact_anchor	exact	selected	1	same
a41d.fsb.txt	314	79	淳平	A41d_010_280_03_00	淳平	/sound/voice/A41d_010_280_03_00_00.ogg	unique_exact_anchor	exact	selected	1	same
a41d.fsb.txt	322	82	ニルス２	A41d_010_290_01_00	ニルス２	/sound/voice/A41d_010_290_01_00_00.ogg	unique_exact_anchor	exact	selected	1	same
a41d.fsb.txt	324	83	淳平	A41d_010_290_02_00	淳平	/sound/voice/A41d_010_290_02_00_00.ogg	monotonic_tfidf	exact	selected	1	same
a41d.fsb.txt	326	84	ニルス２	A41d_010_290_03_00	ニルス２	/sound/voice/A41d_010_290_03_00_00.ogg	unique_exact_anchor	exact	selected	1	same
a41d.fsb.txt	351	89	ニルス２	A41d_010_310_01_10	ニルス２	/sound/voice/A41d_010_310_01_10_00.ogg	monotonic_tfidf	high	selected	1	same
a41d.fsb.txt	365	94	ニルス２	A41d_010_320_02_00	ニルス２	/sound/voice/A41d_010_320_02_00_00.ogg	unique_exact_anchor	exact	selected	1	same
a41d.fsb.txt	367	95	淳平	A41d_010_320_03_00	淳平	/sound/voice/A41d_010_320_03_00_00.ogg	unique_exact_anchor	exact	selected	1	same
a41d.fsb.txt	369	96	ニルス２	A41d_010_320_04_00	ニルス２	/sound/voice/A41d_010_320_04_00_00.ogg	monotonic_tfidf	exact	selected	1	same
a41d.fsb.txt	371	97	淳平	A41d_010_320_05_00	淳平	/sound/voice/A41d_010_320_05_00_00.ogg	unique_exact_anchor	exact	selected	1	same
a41d.fsb.txt	377	99	ニルス２	A41d_010_330_02_00	ニルス２	/sound/voice/A41d_010_330_02_00_00.ogg	monotonic_tfidf	high	selected	1	same
a41d.fsb.txt	380	100	ニルス２	A41d_010_340_01_00	ニルス２	/sound/voice/A41d_010_340_01_00_00.ogg	unique_exact_anchor	exact	selected	1	same
a41d.fsb.txt	382	101	ニルス２	A41d_010_340_02_00	ニルス２	/sound/voice/A41d_010_340_02_00_00.ogg	unique_exact_anchor	exact	selected	1	same
a41d.fsb.txt	384	102	ニルス２	A41d_010_340_03_00	ニルス２	/sound/voice/A41d_010_340_03_00_00.ogg	unique_exact_anchor	exact	selected	1	same
a41d.fsb.txt	386	103	ニルス２	A41d_010_340_04_00	ニルス２	/sound/voice/A41d_010_340_04_00_00.ogg	unique_exact_anchor	exact	selected	1	same
a41d.fsb.txt	388	104	ニルス２	A41d_010_340_05_00	ニルス２	/sound/voice/A41d_010_340_05_00_00.ogg	unique_exact_anchor	exact	selected	1	same
a41d.fsb.txt	402	105	ニルス２	A41d_010_350_01_00	ニルス２	/sound/voice/A41d_010_350_01_00_00.ogg	monotonic_tfidf	high	selected	1	same
a41d.fsb.txt	406	106	ニルス２	A41d_010_350_02_00	ニルス２	/sound/voice/A41d_010_350_02_00_00.ogg	unique_exact_anchor	exact	selected	1	same
a41d.fsb.txt	410	107	ニルス２	A41d_010_350_03_00	ニルス２	/sound/voice/A41d_010_350_03_00_00.ogg	unique_exact_anchor	exact	selected	1	same
a41d.fsb.txt	414	108	ニルス２	A41d_010_350_04_00	ニルス２	/sound/voice/A41d_010_350_04_00_00.ogg	unique_exact_anchor	exact	selected	1	same
a41d.fsb.txt	419	109	ニルス２	A41d_010_360_01_00	ニルス２	/sound/voice/A41d_010_360_01_00_00.ogg	unique_exact_anchor	exact	selected	1	same
a41d.fsb.txt	421	110	ニルス２	A41d_010_360_02_00	ニルス２	/sound/voice/A41d_010_360_02_00_00.ogg	unique_exact_anchor	exact	selected	1	same
a41d.fsb.txt	423	111	ニルス２	A41d_010_360_03_00	ニルス２	/sound/voice/A41d_010_360_03_00_00.ogg	unique_exact_anchor	exact	selected	1	same
a41d.fsb.txt	425	112	淳平	A41d_010_360_04_00	淳平	/sound/voice/A41d_010_360_04_00_00.ogg	unique_exact_anchor	exact	selected	1	same
a41d.fsb.txt	431	114	ニルス２	A41d_010_370_02_00	ニルス２	/sound/voice/A41d_010_370_02_00_00.ogg	unique_exact_anchor	exact	selected	1	same
a41d.fsb.txt	433	115	ニルス２	A41d_010_370_03_00	ニルス２	/sound/voice/A41d_010_370_03_00_00.ogg	unique_exact_anchor	exact	selected	1	same
a41d.fsb.txt	436	116	ニルス２	A41d_010_380_01_00	ニルス２	/sound/voice/A41d_010_380_01_00_00.ogg	unique_exact_anchor	exact	selected	1	same
a41d.fsb.txt	438	117	ニルス２	A41d_010_380_02_00	ニルス２	/sound/voice/A41d_010_380_02_00_00.ogg	unique_exact_anchor	exact	selected	1	same
a41d.fsb.txt	440	118	ニルス２	A41d_010_380_03_00	ニルス２	/sound/voice/A41d_010_380_03_00_00.ogg	monotonic_tfidf	high	selected	1	same
a41d.fsb.txt	447	119	ニルス２	A41d_010_400_01_00	ニルス２	/sound/voice/A41d_010_400_01_00_00.ogg	unique_exact_anchor	exact	selected	1	same
a41d.fsb.txt	449	120	ニルス２	A41d_010_400_02_00	ニルス２	/sound/voice/A41d_010_400_02_00_00.ogg	unique_exact_anchor	exact	selected	1	same
a41d.fsb.txt	454	122	ニルス２	A41d_010_410_01_00	ニルス２	/sound/voice/A41d_010_410_01_00_00.ogg	unique_exact_anchor	exact	selected	1	same
a41d.fsb.txt	456	123	ニルス２	A41d_010_410_02_00	ニルス２	/sound/voice/A41d_010_410_02_00_00.ogg	unique_exact_anchor	exact	selected	1	same
a41d.fsb.txt	458	124	ニルス２	A41d_010_410_04_10	ニルス２	/sound/voice/A41d_010_410_04_10_00.ogg	unique_exact_anchor	exact	selected	1	same
a41d.fsb.txt	461	125	ニルス２	A41d_010_420_01_00	ニルス２	/sound/voice/A41d_010_420_01_00_00.ogg	unique_exact_anchor	exact	selected	1	same
a41d.fsb.txt	465	127	ニルス２	A41d_010_420_03_10	ニルス２	/sound/voice/A41d_010_420_03_10_00.ogg	monotonic_tfidf	medium	selected	1	same
a41d.fsb.txt	470	129	ニルス２	A41d_010_430_01_00	ニルス２	/sound/voice/A41d_010_430_01_00_00.ogg	unique_exact_anchor	exact	selected	1	same
a41d.fsb.txt	472	130	ニルス２	A41d_010_430_02_00	ニルス２	/sound/voice/A41d_010_430_02_00_00.ogg	unique_exact_anchor	exact	selected	1	same
a41d.fsb.txt	475	131	ニルス２	A41d_010_440_01_00	ニルス２	/sound/voice/A41d_010_440_01_00_00.ogg	unique_exact_anchor	exact	selected	1	same
a41d.fsb.txt	477	132	淳平	A41d_010_440_02_00	淳平	/sound/voice/A41d_010_440_02_00_00.ogg	unique_exact_anchor	exact	selected	1	same
a41d.fsb.txt	479	133	ニルス２	A41d_010_440_03_00	ニルス２	/sound/voice/A41d_010_440_03_00_00.ogg	unique_exact_anchor	exact	selected	1	same
a41d.fsb.txt	484	135	ニルス２	A41d_010_450_01_00	ニルス２	/sound/voice/A41d_010_450_01_00_00.ogg	unique_exact_anchor	exact	selected	1	same
a41d.fsb.txt	486	136	ニルス２	A41d_010_450_02_00	ニルス２	/sound/voice/A41d_010_450_02_00_00.ogg	unique_exact_anchor	exact	selected	1	same
a41d.fsb.txt	488	137	ニルス２	A41d_010_450_03_00	ニルス２	/sound/voice/A41d_010_450_03_00_00.ogg	unique_exact_anchor	exact	selected	1	same
a41d.fsb.txt	491	138	淳平	A41d_010_460_01_00	淳平	/sound/voice/A41d_010_460_01_00_00.ogg	unique_exact_anchor	exact	selected	1	same
a41d.fsb.txt	498	140	淳平	A41d_010_470_01_00	淳平	/sound/voice/A41d_010_470_01_00_00.ogg	unique_exact_anchor	exact	selected	1	same
a41d.fsb.txt	500	141	淳平	A41d_010_470_02_00	淳平	/sound/voice/A41d_010_470_02_00_00.ogg	unique_exact_anchor	exact	selected	1	same
a41d.fsb.txt	502	142	淳平	A41d_010_470_03_00	淳平	/sound/voice/A41d_010_470_03_00_00.ogg	unique_exact_anchor	exact	selected	1	same
a41d.fsb.txt	504	143	ニルス２	A41d_010_470_04_00	ニルス２	/sound/voice/A41d_010_470_04_00_00.ogg	monotonic_tfidf	exact	selected	1	same
a41d.fsb.txt	506	144	淳平	A41d_010_470_05_00	淳平	/sound/voice/A41d_010_470_05_00_00.ogg	unique_exact_anchor	exact	selected	1	same
a41d.fsb.txt	510	145	ニルス２	A41d_010_480_01_00	ニルス２	/sound/voice/A41d_010_480_01_00_00.ogg	unique_exact_anchor	exact	selected	1	same
a41d.fsb.txt	512	146	ニルス２	A41d_010_480_02_00	ニルス２	/sound/voice/A41d_010_480_02_00_00.ogg	unique_exact_anchor	exact	selected	1	same
a41d.fsb.txt	514	147	ニルス２	A41d_010_480_04_10	ニルス２	/sound/voice/A41d_010_480_04_10_00.ogg	unique_exact_anchor	exact	selected	1	same
a41d.fsb.txt	517	148	ニルス２	A41d_010_490_01_00	ニルス２	/sound/voice/A41d_010_490_01_00_00.ogg	unique_exact_anchor	exact	selected	1	same
a41d.fsb.txt	519	149	ニルス２	A41d_010_490_02_00	ニルス２	/sound/voice/A41d_010_490_02_00_00.ogg	unique_exact_anchor	exact	selected	1	same
a41d.fsb.txt	521	150	ニルス２	A41d_010_490_04_10	ニルス２	/sound/voice/A41d_010_490_04_10_00.ogg	unique_exact_anchor	exact	selected	1	same
a41d.fsb.txt	524	151	ニルス２	A41d_010_500_01_00	ニルス２	/sound/voice/A41d_010_500_01_00_00.ogg	unique_exact_anchor	exact	selected	1	same
a41d.fsb.txt	526	152	ニルス２	A41d_010_500_02_00	ニルス２	/sound/voice/A41d_010_500_02_00_00.ogg	unique_exact_anchor	exact	selected	1	same
a41d.fsb.txt	528	153	ニルス２	A41d_010_500_03_00	ニルス２	/sound/voice/A41d_010_500_03_00_00.ogg	unique_exact_anchor	exact	selected	1	same
a41d.fsb.txt	530	154	淳平	A41d_010_500_04_00	淳平	/sound/voice/A41d_010_500_04_00_00.ogg	monotonic_tfidf	exact	selected	1	same
a41d.fsb.txt	535	156	ニルス２	A41d_010_510_02_10	ニルス２	/sound/voice/A41d_010_510_02_10_00.ogg	monotonic_tfidf	high	selected	1	same
a41d.fsb.txt	546	157	ニルス２	A41d_010_520_02_10	ニルス２	/sound/voice/A41d_010_520_02_10_00.ogg	unique_exact_anchor	exact	selected	1	same
a41d.fsb.txt	548	158	ニルス２	A41d_010_520_03_00	ニルス２	/sound/voice/A41d_010_520_03_00_00.ogg	unique_exact_anchor	exact	selected	1	same
a41d.fsb.txt	551	159	淳平	A41d_010_530_01_00	淳平	/sound/voice/A41d_010_530_01_00_00.ogg	unique_exact_anchor	exact	selected	1	same
a41d.fsb.txt	553	160	ニルス２	A41d_010_530_02_00	ニルス２	/sound/voice/A41d_010_530_02_00_00.ogg	unique_exact_anchor	exact	selected	1	same
a41d.fsb.txt	555	161	ニルス２	A41d_010_530_03_00	ニルス２	/sound/voice/A41d_010_530_03_00_00.ogg	unique_exact_anchor	exact	selected	1	same
a41d.fsb.txt	560	162	ニルス２	A41d_010_540_01_00	ニルス２	/sound/voice/A41d_010_540_01_00_00.ogg	unique_exact_anchor	exact	selected	1	same
a41d.fsb.txt	564	164	ニルス２	A41d_010_540_03_20	ニルス２	/sound/voice/A41d_010_540_03_20_00.ogg	monotonic_tfidf	review	selected	1	same
a41d.fsb.txt	572	166	ニルス２	A41d_010_550_01_00	ニルス２	/sound/voice/A41d_010_550_01_00_00.ogg	unique_exact_anchor	exact	selected	1	same
a41d.fsb.txt	574	167	ニルス２	A41d_010_550_02_00	ニルス２	/sound/voice/A41d_010_550_02_00_00.ogg	unique_exact_anchor	exact	selected	1	same
a41d.fsb.txt	576	168	ニルス２	A41d_010_550_03_00	ニルス２	/sound/voice/A41d_010_550_03_00_00.ogg	unique_exact_anchor	exact	selected	1	same
a41d.fsb.txt	582	170	淳平	A41d_010_560_02_00	淳平	/sound/voice/A41d_010_560_02_00_00.ogg	unique_exact_anchor	exact	selected	1	same
a41d.fsb.txt	592	171	淳平	A41d_010_570_01_00	淳平	/sound/voice/A41d_010_570_01_00_00.ogg	unique_exact_anchor	exact	selected	1	same
a41d.fsb.txt	594	172	淳平	A41d_010_570_02_00	淳平	/sound/voice/A41d_010_570_02_00_00.ogg	unique_exact_anchor	exact	selected	1	same
a41d.fsb.txt	598	173	ニルス２	A41d_010_580_01_00	ニルス２	/sound/voice/A41d_010_580_01_00_00.ogg	unique_exact_anchor	exact	selected	1	same
a41d.fsb.txt	600	174	淳平	A41d_010_580_02_00	淳平	/sound/voice/A41d_010_580_02_00_00.ogg	unique_exact_anchor	exact	selected	1	same
a41d.fsb.txt	602	175	ニルス２	A41d_010_580_03_00	ニルス２	/sound/voice/A41d_010_580_03_00_00.ogg	unique_exact_anchor	exact	selected	1	same
a41d.fsb.txt	604	176	ニルス２	A41d_010_580_04_00	ニルス２	/sound/voice/A41d_010_580_04_00_00.ogg	unique_exact_anchor	exact	selected	1	same
a41d.fsb.txt	607	177	ニルス２	A41d_010_590_01_00	ニルス２	/sound/voice/A41d_010_590_01_00_00.ogg	unique_exact_anchor	exact	selected	1	same
a41d.fsb.txt	609	178	ニルス２	A41d_010_590_02_00	ニルス２	/sound/voice/A41d_010_590_02_00_00.ogg	unique_exact_anchor	exact	selected	1	same
a41d.fsb.txt	622	180	ニルス２	A41d_010_600_01_20	ニルス２	/sound/voice/A41d_010_600_01_20_00.ogg	monotonic_tfidf	high	selected	1	same
a41d.fsb.txt	650	186	淳平	A41d_010_610_02_00	淳平	/sound/voice/A41d_010_610_02_00_00.ogg	unique_exact_anchor	exact	selected	1	same
a41d.fsb.txt	652	187	淳平	A41d_010_610_03_00	淳平	/sound/voice/A41d_010_610_03_00_00.ogg	monotonic_tfidf	high	selected	1	same
a41d.fsb.txt	654	188	淳平	A41d_010_610_04_00	淳平	/sound/voice/A41d_010_610_04_00_00.ogg	monotonic_tfidf	medium	selected	1	same
a41d.fsb.txt	656	189	ニルス２	A41d_010_610_05_00	ニルス２	/sound/voice/A41d_010_610_05_00_00.ogg	unique_exact_anchor	exact	selected	1	same
a41d.fsb.txt	662	190	淳平	A41d_010_620_01_00	淳平	/sound/voice/A41d_010_620_01_00_00.ogg	unique_exact_anchor	exact	selected	1	same
a41d.fsb.txt	669	192	ニルス２	A41d_010_630_01_00	ニルス２	/sound/voice/A41d_010_630_01_00_00.ogg	unique_exact_anchor	exact	selected	1	same
a41d.fsb.txt	671	193	ニルス２	A41d_010_630_02_00	ニルス２	/sound/voice/A41d_010_630_02_00_00.ogg	unique_exact_anchor	exact	selected	1	same
a41d.fsb.txt	673	194	ニルス２	A41d_010_630_03_00	ニルス２	/sound/voice/A41d_010_630_03_00_00.ogg	unique_exact_anchor	exact	selected	1	same
a41d.fsb.txt	675	195	淳平	A41d_010_630_04_00	淳平	/sound/voice/A41d_010_630_04_00_00.ogg	monotonic_tfidf	exact	selected	1	same
a41d.fsb.txt	679	196	淳平	A41d_010_640_01_00	淳平	/sound/voice/A41d_010_640_01_00_00.ogg	unique_exact_anchor	exact	selected	1	same
a41d.fsb.txt	681	197	ニルス２	A41d_010_640_02_00	ニルス２	/sound/voice/A41d_010_640_02_00_00.ogg	unique_exact_anchor	exact	selected	1	same
a41d.fsb.txt	683	198	ニルス２	A41d_010_640_03_00	ニルス２	/sound/voice/A41d_010_640_03_00_00.ogg	monotonic_tfidf	high	selected	1	same
a41d.fsb.txt	694	199	ニルス２	A41d_010_650_01_00	ニルス２	/sound/voice/A41d_010_650_01_00_00.ogg	unique_exact_anchor	exact	selected	1	same
a41d.fsb.txt	696	200	ニルス２	A41d_010_650_02_00	ニルス２	/sound/voice/A41d_010_650_02_00_00.ogg	unique_exact_anchor	exact	selected	1	same
a41d.fsb.txt	698	201	ニルス２	A41d_010_650_03_00	ニルス２	/sound/voice/A41d_010_650_03_00_00.ogg	unique_exact_anchor	exact	selected	1	same
a41d.fsb.txt	701	202	ニルス２	A41d_010_660_01_00	ニルス２	/sound/voice/A41d_010_660_01_00_00.ogg	unique_exact_anchor	exact	selected	1	same
a41d.fsb.txt	703	203	ニルス２	A41d_010_660_02_00	ニルス２	/sound/voice/A41d_010_660_02_00_00.ogg	unique_exact_anchor	exact	selected	1	same
a41d.fsb.txt	846	237	ニルス２	A41d_010_850_01_00	ニルス２	/sound/voice/A41d_010_850_01_00_00.ogg	unique_exact_anchor	exact	selected	1	same
a41d.fsb.txt	862	241	セブン	A41d_010_860_01_00	セブン	/sound/voice/A41d_010_860_01_00_00.ogg	unique_exact_anchor	exact	selected	1	same
a41d.fsb.txt	864	242	セブン	A41d_010_860_02_00	セブン	/sound/voice/A41d_010_860_02_00_00.ogg	unique_exact_anchor	exact	selected	1	same
a41d.fsb.txt	876	245	ニルス２	A41d_010_870_01_00	ニルス２	/sound/voice/A41d_010_870_01_00_00.ogg	unique_exact_anchor	exact	selected	1	same
a41d.fsb.txt	878	246	ニルス２	A41d_010_870_02_00	ニルス２	/sound/voice/A41d_010_870_02_00_00.ogg	unique_exact_anchor	exact	selected	1	same
a41d.fsb.txt	884	248	淳平	A41d_010_880_01_00	淳平	/sound/voice/A41d_010_880_01_00_00.ogg | /sound/voice/A41d_010_880_01_00_01.ogg	monotonic_tfidf	high	selected	1	same
a41d.fsb.txt	887	249	ニルス２	A41d_010_880_02_00	ニルス２	/sound/voice/A41d_010_880_02_00_00.ogg	unique_exact_anchor	exact	selected	1	same
a41d.fsb.txt	889	250	淳平	A41d_010_880_03_00	淳平	/sound/voice/A41d_010_880_03_00_00.ogg	unique_exact_anchor	exact	selected	1	same
a41d.fsb.txt	891	251	ニルス２	A41d_010_880_04_00	ニルス２	/sound/voice/A41d_010_880_04_00_00.ogg	unique_exact_anchor	exact	selected	1	same
a41d.fsb.txt	893	252	淳平	A41d_010_880_05_00	淳平	/sound/voice/A41d_010_880_05_00_00.ogg	unique_exact_anchor	exact	selected	1	same
a41d.fsb.txt	896	253	ニルス２	A41d_010_890_01_00	ニルス２	/sound/voice/A41d_010_890_01_00_00.ogg	unique_exact_anchor	exact	selected	1	same
a41d.fsb.txt	898	254	ニルス２	A41d_010_890_02_00	ニルス２	/sound/voice/A41d_010_890_02_00_00.ogg	unique_exact_anchor	exact	selected	1	same
a41d.fsb.txt	900	255	ニルス２	A41d_010_890_03_00	ニルス２	/sound/voice/A41d_010_890_03_00_00.ogg	unique_exact_anchor	exact	selected	1	same
a41d.fsb.txt	903	256	淳平	A41d_010_900_01_00	淳平	/sound/voice/A41d_010_900_01_00_00.ogg	unique_exact_anchor	exact	selected	1	same
a41d.fsb.txt	905	257	淳平	A41d_010_900_02_00	淳平	/sound/voice/A41d_010_900_02_00_00.ogg	unique_exact_anchor	exact	selected	1	same
a41d.fsb.txt	907	258	ニルス２	A41d_010_900_03_00	ニルス２	/sound/voice/A41d_010_900_03_00_00.ogg	unique_exact_anchor	exact	selected	1	same
a41d.fsb.txt	909	259	ニルス２	A41d_010_900_04_00	ニルス２	/sound/voice/A41d_010_900_04_00_00.ogg	unique_exact_anchor	exact	selected	1	same
a41d.fsb.txt	912	260	ニルス２	A41d_010_910_01_00	ニルス２	/sound/voice/A41d_010_910_01_00_00.ogg	unique_exact_anchor	exact	selected	1	same
a41d.fsb.txt	914	261	ニルス２	A41d_010_910_02_00	ニルス２	/sound/voice/A41d_010_910_02_00_00.ogg	monotonic_tfidf	high	selected	1	same
a41d.fsb.txt	917	262	ニルス２	A41d_010_910_03_00	ニルス２	/sound/voice/A41d_010_910_03_00_00.ogg	unique_exact_anchor	exact	selected	1	same
a41d.fsb.txt	919	263	ニルス２	A41d_010_910_04_00	ニルス２	/sound/voice/A41d_010_910_04_00_00.ogg	unique_exact_anchor	exact	selected	1	same
a41d.fsb.txt	927	266	ニルス２	A41d_010_920_03_00	ニルス２	/sound/voice/A41d_010_920_03_00_00.ogg	monotonic_tfidf	high	selected	1	same
a41d.fsb.txt	929	267	ニルス２	A41d_010_920_04_00	ニルス２	/sound/voice/A41d_010_920_04_00_00.ogg	unique_exact_anchor	exact	selected	1	same
a41d.fsb.txt	992	281	ニルス２	A41d_010_980_01_00	ニルス２	/sound/voice/A41d_010_980_01_00_00.ogg	unique_exact_anchor	exact	selected	1	same
a41d.fsb.txt	1000	284	淳平	A41d_010_990_01_00	淳平	/sound/voice/A41d_010_990_01_00_00.ogg	unique_exact_anchor	exact	selected	1	same
a41d.fsb.txt	1002	285	淳平	A41d_010_990_02_00	淳平	/sound/voice/A41d_010_990_02_00_00.ogg	unique_exact_anchor	exact	selected	1	same
a42b.fsb.txt	41	6	淳平	A42b_010_020_03_00	淳平	/sound/voice/A42b_010_020_03_00_00.ogg	unique_exact_anchor	exact	selected	1	same
a42b.fsb.txt	46	7	淳平	A42b_010_020_04_00	淳平	/sound/voice/A42b_010_020_04_00_00.ogg	unique_exact_anchor	exact	selected	1	same
a42b.fsb.txt	48	8	淳平	A42b_010_020_05_00	淳平	/sound/voice/A42b_010_020_05_00_00.ogg	unique_exact_anchor	exact	selected	1	same
a42b.fsb.txt	51	9	ニルス２	A42b_010_020_06_00	ニルス２	/sound/voice/A42b_010_020_06_00_00.ogg	unique_exact_anchor	exact	selected	1	same
a42b.fsb.txt	57	10	淳平	A42b_010_030_01_00	淳平	/sound/voice/A42b_010_030_01_00_00.ogg	unique_exact_anchor	exact	selected	1	same
a42b.fsb.txt	59	11	淳平	A42b_010_030_02_00	淳平	/sound/voice/A42b_010_030_02_00_00.ogg	unique_exact_anchor	exact	selected	1	same
a42b.fsb.txt	62	12	ニルス２	A42b_010_040_01_00	ニルス２	/sound/voice/A42b_010_040_01_00_00.ogg	unique_exact_anchor	exact	selected	1	same
a42b.fsb.txt	64	13	淳平	A42b_010_040_02_00	淳平	/sound/voice/A42b_010_040_02_00_00.ogg	unique_exact_anchor	exact	selected	1	same
a42b.fsb.txt	66	14	ニルス２	A42b_010_040_03_00	ニルス２	/sound/voice/A42b_010_040_03_00_00.ogg	unique_exact_anchor	exact	selected	1	same
a42b.fsb.txt	69	15	淳平	A42b_010_040_04_00	淳平	/sound/voice/A42b_010_040_04_00_00.ogg	unique_exact_anchor	exact	selected	1	same
a42b.fsb.txt	77	16	四葉	A42b_010_050_01_00	四葉	/sound/voice/A42b_010_050_01_00_00.ogg	unique_exact_anchor	exact	selected	1	same
a42b.fsb.txt	79	17	四葉	A42b_010_050_02_00	四葉	/sound/voice/A42b_010_050_02_00_00.ogg	unique_exact_anchor	exact	selected	1	same
a42b.fsb.txt	87	18	セブン	A42b_010_050_03_00	セブン	/sound/voice/A42b_010_050_03_00_00.ogg	unique_exact_anchor	exact	selected	1	same
a42b.fsb.txt	125	24	ニルス２	A42b_010_080_01_00	ニルス２	/sound/voice/A42b_010_080_01_00_00.ogg	unique_exact_anchor	exact	selected	1	same
a42b.fsb.txt	127	25	ニルス２	A42b_010_080_02_00	ニルス２	/sound/voice/A42b_010_080_02_00_00.ogg	unique_exact_anchor	exact	selected	1	same
a42b.fsb.txt	130	26	ニルス２	A42b_010_090_01_00	ニルス２	/sound/voice/A42b_010_090_01_00_00.ogg	monotonic_tfidf	high	selected	1	same
a42b.fsb.txt	132	27	ニルス２	A42b_010_090_02_00	ニルス２	/sound/voice/A42b_010_090_02_00_00.ogg	unique_exact_anchor	exact	selected	1	same
a42b.fsb.txt	134	28	ニルス２	A42b_010_090_03_00	ニルス２	/sound/voice/A42b_010_090_03_00_00.ogg	unique_exact_anchor	exact	selected	1	same
a42b.fsb.txt	142	32	ニルス２	A42b_010_090_07_00	ニルス２	/sound/voice/A42b_010_090_07_00_00.ogg	unique_exact_anchor	exact	selected	1	same
a42d.fsb.txt	16	0	淳平	A42d_010_010_01_00	淳平	/sound/voice/A42d_010_010_01_00_00.ogg	unique_exact_anchor	exact	selected	1	same
a42d.fsb.txt	82	13	淳平	A42d_010_050_02_00	淳平	/sound/voice/A42d_010_050_02_00_00.ogg	unique_exact_anchor	exact	selected	1	same
a42d.fsb.txt	86	14	セブン	A42d_010_050_03_00	セブン	/sound/voice/A42d_010_050_03_00_00.ogg	unique_exact_anchor	exact	selected	1	same
a42d.fsb.txt	88	15	四葉	A42d_010_050_04_00	四葉	/sound/voice/A42d_010_050_04_00_00.ogg	unique_exact_anchor	exact	selected	1	same
a42d.fsb.txt	118	24	ニルス２	A42d_010_080_01_00	ニルス２	/sound/voice/A42d_010_080_01_00_00.ogg	unique_exact_anchor	exact	selected	1	same
a42d.fsb.txt	120	25	淳平	A42d_010_080_02_00	淳平	/sound/voice/A42d_010_080_02_00_00.ogg	unique_exact_anchor	exact	selected	1	same
a42d.fsb.txt	122	26	淳平	A42d_010_080_03_00	淳平	/sound/voice/A42d_010_080_03_00_00.ogg	unique_exact_anchor	exact	selected	1	same
a42d.fsb.txt	125	27	ニルス２	A42d_010_090_01_00	ニルス２	/sound/voice/A42d_010_090_01_00_00.ogg	monotonic_tfidf	high	selected	1	same
a42d.fsb.txt	127	28	淳平	A42d_010_090_02_00	淳平	/sound/voice/A42d_010_090_02_00_00.ogg	unique_exact_anchor	exact	selected	1	same
a42d.fsb.txt	129	29	ニルス２	A42d_010_090_03_00	ニルス２	/sound/voice/A42d_010_090_03_00_00.ogg	unique_exact_anchor	exact	selected	1	same
a42d.fsb.txt	131	30	淳平	A42d_010_090_04_00	淳平	/sound/voice/A42d_010_090_04_00_00.ogg	unique_exact_anchor	exact	selected	1	same
a42d.fsb.txt	138	31	淳平	A42d_010_100_01_00	淳平	/sound/voice/A42d_010_100_01_00_00.ogg	unique_exact_anchor	exact	selected	1	same
a42d.fsb.txt	140	32	淳平	A42d_010_100_02_00	淳平	/sound/voice/A42d_010_100_02_00_00.ogg	unique_exact_anchor	exact	selected	1	same
a42d.fsb.txt	143	33	ニルス２	A42d_010_100_03_00	ニルス２	/sound/voice/A42d_010_100_03_00_00.ogg	unique_exact_anchor	exact	selected	1	same
a42d.fsb.txt	149	35	ニルス２	A42d_010_110_02_00	ニルス２	/sound/voice/A42d_010_110_02_00_00.ogg	unique_exact_anchor	exact	selected	1	same
a42d.fsb.txt	151	36	淳平	A42d_010_110_03_00	淳平	/sound/voice/A42d_010_110_03_00_00.ogg	unique_exact_anchor	exact	selected	1	same
a42d.fsb.txt	153	37	ニルス２	A42d_010_110_04_00	ニルス２	/sound/voice/A42d_010_110_04_00_00.ogg	unique_exact_anchor	exact	selected	1	same
a42d.fsb.txt	155	38	淳平	A42d_010_110_05_00	淳平	/sound/voice/A42d_010_110_05_00_00.ogg	unique_exact_anchor	exact	selected	1	same
a42d.fsb.txt	157	39	ニルス２	A42d_010_110_06_00	ニルス２	/sound/voice/A42d_010_110_06_00_00.ogg	unique_exact_anchor	exact	selected	1	same
a42d.fsb.txt	179	44	淳平	A42d_010_140_01_00	淳平	/sound/voice/A42d_010_140_01_00_00.ogg	unique_exact_anchor	exact	selected	1	same
a42d.fsb.txt	181	45	淳平	A42d_010_140_02_00	淳平	/sound/voice/A42d_010_140_02_00_00.ogg	unique_exact_anchor	exact	selected	1	same
a42d.fsb.txt	221	55	ニルス２	A42d_010_200_01_00	ニルス２	/sound/voice/A42d_010_200_01_00_00.ogg	unique_exact_anchor	exact	selected	1	same
a42d.fsb.txt	230	57	ニルス２	A42d_010_210_02_00	ニルス２	/sound/voice/A42d_010_210_02_00_00.ogg	monotonic_tfidf	high	selected	1	same
a42d.fsb.txt	232	58	ニルス２	A42d_010_210_03_00	ニルス２	/sound/voice/A42d_010_210_03_00_00.ogg	monotonic_tfidf	high	selected	1	same
a42d.fsb.txt	234	59	淳平	A42d_010_210_04_00	淳平	/sound/voice/A42d_010_210_04_00_00.ogg	unique_exact_anchor	exact	selected	1	same
a42d.fsb.txt	251	62	ニルス２	A42d_010_230_01_00	ニルス２	/sound/voice/A42d_010_230_01_00_00.ogg	unique_exact_anchor	exact	selected	1	same
a42d.fsb.txt	253	63	ニルス２	A42d_010_230_02_00	ニルス２	/sound/voice/A42d_010_230_02_00_00.ogg	monotonic_tfidf	review	selected	1	same
a42d.fsb.txt	255	64	ニルス２	A42d_010_230_03_00	ニルス２	/sound/voice/A42d_010_230_03_00_00.ogg	unique_exact_anchor	exact	selected	1	same
a42d.fsb.txt	258	65	ニルス２	A42d_010_240_01_00	ニルス２	/sound/voice/A42d_010_240_01_00_00.ogg	unique_exact_anchor	exact	selected	1	same
a42d.fsb.txt	260	66	ニルス２	A42d_010_240_02_00	ニルス２	/sound/voice/A42d_010_240_02_00_00.ogg	unique_exact_anchor	exact	selected	1	same
a42d.fsb.txt	262	67	ニルス２	A42d_010_240_03_00	ニルス２	/sound/voice/A42d_010_240_03_00_00.ogg	unique_exact_anchor	exact	selected	1	same
a42d.fsb.txt	264	68	ニルス２	A42d_010_240_04_00	ニルス２	/sound/voice/A42d_010_240_04_00_00.ogg	unique_exact_anchor	exact	selected	1	same
a42d.fsb.txt	272	69	四葉	A42d_010_240_05_00	四葉	/sound/voice/A42d_010_240_05_00_00.ogg	unique_exact_anchor	exact	selected	1	same
a42d.fsb.txt	275	70	ニルス２	A42d_010_250_01_00	ニルス２	/sound/voice/A42d_010_250_01_00_00.ogg	unique_exact_anchor	exact	selected	1	same
a42d.fsb.txt	277	71	四葉	A42d_010_250_02_00	四葉	/sound/voice/A42d_010_250_02_00_00.ogg	unique_exact_anchor	exact	selected	1	same
a42d.fsb.txt	279	72	ニルス２	A42d_010_250_03_00	ニルス２	/sound/voice/A42d_010_250_03_00_00.ogg	unique_exact_anchor	exact	selected	1	same
a42d.fsb.txt	281	73	ニルス２	A42d_010_250_04_00	ニルス２	/sound/voice/A42d_010_250_04_00_00.ogg	unique_exact_anchor	exact	selected	1	same
a42d.fsb.txt	284	74	ニルス２	A42d_010_260_01_00	ニルス２	/sound/voice/A42d_010_260_01_00_00.ogg	unique_exact_anchor	exact	selected	1	same
a42d.fsb.txt	286	75	四葉	A42d_010_260_02_00	四葉	/sound/voice/A42d_010_260_02_00_00.ogg	unique_exact_anchor	exact	selected	1	same
a42d.fsb.txt	288	76	四葉	A42d_010_260_03_00	四葉	/sound/voice/A42d_010_260_03_00_00.ogg	unique_exact_anchor	exact	selected	1	same
a42d.fsb.txt	290	77	四葉	A42d_010_260_04_00	四葉	/sound/voice/A42d_010_260_04_00_00.ogg	unique_exact_anchor	exact	selected	1	same
a42d.fsb.txt	293	78	ニルス２	A42d_010_270_01_00	ニルス２	/sound/voice/A42d_010_270_01_00_00.ogg	unique_exact_anchor	exact	selected	1	same
a42d.fsb.txt	295	79	ニルス２	A42d_010_270_02_00	ニルス２	/sound/voice/A42d_010_270_02_00_00.ogg	unique_exact_anchor	exact	selected	1	same
a42d.fsb.txt	297	80	ニルス２	A42d_010_270_03_00	ニルス２	/sound/voice/A42d_010_270_03_00_00.ogg	unique_exact_anchor	exact	selected	1	same
a42d.fsb.txt	299	81	ニルス２	A42d_010_270_04_00	ニルス２	/sound/voice/A42d_010_270_04_00_00.ogg	unique_exact_anchor	exact	selected	1	same
a42d.fsb.txt	313	85	セブン	A42d_010_290_02_00	セブン	/sound/voice/A42d_010_290_02_00_00.ogg	unique_exact_anchor	exact	selected	1	same
a42d.fsb.txt	326	88	セブン	A42d_010_310_01_00	セブン	/sound/voice/A42d_010_310_01_00_00.ogg	monotonic_tfidf	exact	selected	1	same
a42d.fsb.txt	331	90	セブン	A42d_010_310_03_00	セブン	/sound/voice/A42d_010_310_03_00_00.ogg	monotonic_tfidf	exact	selected	1	same
a42d.fsb.txt	340	92	セブン	A42d_010_320_02_00	セブン	/sound/voice/A42d_010_320_02_00_00.ogg	monotonic_tfidf	exact	selected	1	same
a42d.fsb.txt	350	96	淳平	A42d_010_330_04_00	淳平	/sound/voice/A42d_010_330_04_00_00.ogg	unique_exact_anchor	exact	selected	1	same
a42d.fsb.txt	353	97	セブン	A42d_010_330_05_00	セブン	/sound/voice/A42d_010_330_05_00_00.ogg	unique_exact_anchor	exact	selected	1	same
a42d.fsb.txt	359	99	セブン	A42d_010_340_02_00	セブン	/sound/voice/A42d_010_340_02_00_00.ogg	monotonic_tfidf	medium	selected	1	same
a42d.fsb.txt	362	100	セブン	A42d_010_340_03_00	セブン	/sound/voice/A42d_010_340_03_00_00.ogg	unique_exact_anchor	exact	selected	1	same
a42d.fsb.txt	369	102	セブン	A42d_010_360_01_00	セブン	/sound/voice/A42d_010_360_01_00_00.ogg	monotonic_tfidf	exact	selected	1	same
a42d.fsb.txt	371	103	セブン	A42d_010_360_02_00	セブン	/sound/voice/A42d_010_360_02_00_00.ogg	monotonic_tfidf	high	selected	1	same
a42d.fsb.txt	395	108	セブン	A42d_010_380_01_00	セブン	/sound/voice/A42d_010_380_01_00_00.ogg	unique_exact_anchor	exact	selected	1	same
a42d.fsb.txt	397	109	淳平	A42d_010_380_02_00	淳平	/sound/voice/A42d_010_380_02_00_00.ogg	unique_exact_anchor	exact	selected	1	same
a42d.fsb.txt	399	110	四葉	A42d_010_380_03_00	四葉	/sound/voice/A42d_010_380_03_00_00.ogg	unique_exact_anchor	exact	selected	1	same
a42d.fsb.txt	401	111	セブン	A42d_010_380_04_00	セブン	/sound/voice/A42d_010_380_04_00_00.ogg	unique_exact_anchor	exact	selected	1	same
a42d.fsb.txt	404	112	淳平	A42d_010_390_01_00	淳平	/sound/voice/A42d_010_390_01_00_00.ogg	unique_exact_anchor	exact	selected	1	same
a42d.fsb.txt	406	113	セブン	A42d_010_390_02_00	セブン	/sound/voice/A42d_010_390_02_00_00.ogg	unique_exact_anchor	exact	selected	1	same
a42d.fsb.txt	408	114	四葉	A42d_010_390_03_00	四葉	/sound/voice/A42d_010_390_03_00_00.ogg	unique_exact_anchor	exact	selected	1	same
a42d.fsb.txt	410	115	セブン	A42d_010_390_04_00	セブン	/sound/voice/A42d_010_390_04_00_00.ogg	unique_exact_anchor	exact	selected	1	same
a42d.fsb.txt	412	116	淳平	A42d_010_390_05_00	淳平	/sound/voice/A42d_010_390_05_00_00.ogg	unique_exact_anchor	exact	selected	1	same
a42d.fsb.txt	415	117	セブン	A42d_010_390_06_00	セブン	/sound/voice/A42d_010_390_06_00_00.ogg	unique_exact_anchor	exact	selected	1	same
a42d.fsb.txt	421	118	セブン	A42d_010_400_01_00	セブン	/sound/voice/A42d_010_400_01_00_00.ogg	unique_exact_anchor	exact	selected	1	same
a42d.fsb.txt	423	119	セブン	A42d_010_400_02_00	セブン	/sound/voice/A42d_010_400_02_00_00.ogg	unique_exact_anchor	exact	selected	1	same
a42d.fsb.txt	436	122	セブン	A42d_010_430_01_00	セブン	/sound/voice/A42d_010_430_01_00_00.ogg	unique_exact_anchor	exact	selected	1	same
a42d.fsb.txt	442	124	セブン	A42d_010_440_01_00	セブン	/sound/voice/A42d_010_440_01_00_00.ogg	unique_exact_anchor	exact	selected	1	same
a42d.fsb.txt	444	125	セブン	A42d_010_440_02_00	セブン	/sound/voice/A42d_010_440_02_00_00.ogg	unique_exact_anchor	exact	selected	1	same
a42d.fsb.txt	446	126	セブン	A42d_010_440_03_00	セブン	/sound/voice/A42d_010_440_03_00_00.ogg	unique_exact_anchor	exact	selected	1	same
a42d.fsb.txt	448	127	セブン	A42d_010_440_04_00	セブン	/sound/voice/A42d_010_440_04_00_00.ogg	unique_exact_anchor	exact	selected	1	same
a42d.fsb.txt	457	129	淳平	A42d_010_450_02_00	淳平	/sound/voice/A42d_010_450_02_00_00.ogg	unique_exact_anchor	exact	selected	1	same
a42d.fsb.txt	459	130	セブン	A42d_010_450_03_00	セブン	/sound/voice/A42d_010_450_03_00_00.ogg	unique_exact_anchor	exact	selected	1	same
a42d.fsb.txt	461	131	淳平	A42d_010_450_04_00	淳平	/sound/voice/A42d_010_450_04_00_00.ogg	unique_exact_anchor	exact	selected	1	same
a42d.fsb.txt	463	132	淳平	A42d_010_450_05_00	淳平	/sound/voice/A42d_010_450_05_00_00.ogg	unique_exact_anchor	exact	selected	1	same
a42d.fsb.txt	469	134	セブン	A42d_010_460_02_00	セブン	/sound/voice/A42d_010_460_02_00_00.ogg	unique_exact_anchor	exact	selected	1	same
a42d.fsb.txt	471	135	淳平	A42d_010_460_03_00	淳平	/sound/voice/A42d_010_460_03_00_00.ogg	unique_exact_anchor	exact	selected	1	same
a42d.fsb.txt	479	136	四葉	A42d_010_460_04_00	四葉	/sound/voice/A42d_010_460_04_00_00.ogg	unique_exact_anchor	exact	selected	1	same
a42d.fsb.txt	488	139	セブン	A42d_010_480_01_00	セブン	/sound/voice/A42d_010_480_01_00_00.ogg	unique_exact_anchor	exact	selected	1	same
a42d.fsb.txt	490	140	四葉	A42d_010_480_02_00	四葉	/sound/voice/A42d_010_480_02_00_00.ogg	unique_exact_anchor	exact	selected	1	same
a42d.fsb.txt	492	141	淳平	A42d_010_480_03_00	淳平	/sound/voice/A42d_010_480_03_00_00.ogg	unique_exact_anchor	exact	selected	1	same
a42d.fsb.txt	495	142	セブン	A42d_010_480_04_00	セブン	/sound/voice/A42d_010_480_04_00_00.ogg	unique_exact_anchor	exact	selected	1	same
a42d.fsb.txt	504	145	セブン	A42d_010_490_03_00	セブン	/sound/voice/A42d_010_490_03_00_00.ogg	unique_exact_anchor	exact	selected	1	same
a42d.fsb.txt	1848	456	淳平	A42d_080_020_01_00	淳平	/sound/voice/A42d_080_020_01_00_00.ogg	unique_exact_anchor	exact	selected	1	same
a42d.fsb.txt	1856	459	セブン	A42d_080_030_01_00	セブン	/sound/voice/A42d_080_030_01_00_00.ogg	unique_exact_anchor	exact	selected	1	same
a42d.fsb.txt	1858	460	淳平	A42d_080_030_02_00	淳平	/sound/voice/A42d_080_030_02_00_00.ogg	unique_exact_anchor	exact	selected	1	same
a42d.fsb.txt	1860	461	セブン	A42d_080_030_03_00	セブン	/sound/voice/A42d_080_030_03_00_00.ogg	unique_exact_anchor	exact	selected	1	same
a42d.fsb.txt	1862	462	セブン	A42d_080_030_04_00	セブン	/sound/voice/A42d_080_030_04_00_00.ogg	unique_exact_anchor	exact	selected	1	same
a42d.fsb.txt	1870	465	淳平	A42d_080_040_03_00	淳平	/sound/voice/A42d_080_040_03_00_00.ogg	unique_exact_anchor	exact	selected	1	same
a42d.fsb.txt	1873	466	セブン	A42d_080_040_04_00	セブン	/sound/voice/A42d_080_040_04_00_00.ogg	unique_exact_anchor	exact	selected	1	same
a42d.fsb.txt	1876	467	淳平	A42d_080_050_01_00	淳平	/sound/voice/A42d_080_050_01_00_00.ogg	unique_exact_anchor	exact	selected	1	same
a42d.fsb.txt	1878	468	淳平	A42d_080_050_02_00	淳平	/sound/voice/A42d_080_050_02_00_00.ogg	unique_exact_anchor	exact	selected	1	same
a42d.fsb.txt	1882	470	淳平	A42d_080_050_04_00	淳平	/sound/voice/A42d_080_050_04_00_00.ogg	unique_exact_anchor	exact	selected	1	same
a42d.fsb.txt	1884	471	淳平	A42d_080_050_05_00	淳平	/sound/voice/A42d_080_050_05_00_00.ogg	unique_exact_anchor	exact	selected	1	same
a42d.fsb.txt	1890	473	セブン	A42d_080_060_02_00	セブン	/sound/voice/A42d_080_060_02_00_00.ogg	unique_exact_anchor	exact	selected	1	same
a42d.fsb.txt	1892	474	セブン	A42d_080_060_03_00	セブン	/sound/voice/A42d_080_060_03_00_00.ogg	unique_exact_anchor	exact	selected	1	same
a42d.fsb.txt	1895	475	セブン	A42d_080_070_01_00	セブン	/sound/voice/A42d_080_070_01_00_00.ogg	unique_exact_anchor	exact	selected	1	same
a42d.fsb.txt	1897	476	セブン	A42d_080_070_02_00	セブン	/sound/voice/A42d_080_070_02_00_00.ogg	unique_exact_anchor	exact	selected	1	same
a42d.fsb.txt	2004	495	淳平	A42d_080_150_01_00	淳平	/sound/voice/A42d_080_150_01_00_00.ogg	unique_exact_anchor	exact	selected	1	same
a42d.fsb.txt	2006	496	セブン	A42d_080_150_02_00	セブン	/sound/voice/A42d_080_150_02_00_00.ogg	monotonic_tfidf	review	selected	1	same
a42d.fsb.txt	2008	497	淳平	A42d_080_150_03_00	淳平	/sound/voice/A42d_080_150_03_00_00.ogg	unique_exact_anchor	exact	selected	1	same
a42d.fsb.txt	2011	498	セブン	A42d_080_150_04_00	セブン	/sound/voice/A42d_080_150_04_00_00.ogg	unique_exact_anchor	exact	selected	1	same
a42d.fsb.txt	2013	499	淳平	A42d_080_150_05_00	淳平	/sound/voice/A42d_080_150_05_00_00.ogg	unique_exact_anchor	exact	selected	1	same
a42d.fsb.txt	2019	501	セブン	A42d_080_160_02_00	セブン	/sound/voice/A42d_080_160_02_00_00.ogg | /sound/voice/A42d_080_160_02_00_01.ogg	monotonic_tfidf	high	selected	1	same
a42d.fsb.txt	2044	505	セブン	A42d_080_180_01_00	セブン	/sound/voice/A42d_080_180_01_00_00.ogg	unique_exact_anchor	exact	selected	1	same
a42d.fsb.txt	2046	506	セブン	A42d_080_180_02_00	セブン	/sound/voice/A42d_080_180_02_00_00.ogg	unique_exact_anchor	exact	selected	1	same
a42d.fsb.txt	2054	507	ニルス２	A42d_080_180_03_00	ニルス２	/sound/voice/A42d_080_180_03_00_00.ogg	monotonic_tfidf	high	selected	1	same
a42d.fsb.txt	2063	510	ニルス２	A42d_080_200_02_10	ニルス２	/sound/voice/A42d_080_200_02_10_00.ogg	unique_exact_anchor	exact	selected	1	same
a42d.fsb.txt	2065	511	ニルス２	A42d_080_200_02_20	ニルス２	/sound/voice/A42d_080_200_02_20_00.ogg	unique_exact_anchor	exact	selected	1	same
a42d.fsb.txt	2067	512	ニルス２	A42d_080_200_03_00	ニルス２	/sound/voice/A42d_080_200_03_00_00.ogg	unique_exact_anchor	exact	selected	1	same
a42d.fsb.txt	2070	513	セブン	A42d_080_210_01_00	セブン	/sound/voice/A42d_080_210_01_00_00.ogg	unique_exact_anchor	exact	selected	1	same
a42d.fsb.txt	2072	514	ニルス２	A42d_080_210_02_00	ニルス２	/sound/voice/A42d_080_210_02_00_00.ogg	unique_exact_anchor	exact	selected	1	same
a42d.fsb.txt	2074	515	セブン	A42d_080_210_03_00	セブン	/sound/voice/A42d_080_210_03_00_00.ogg	unique_exact_anchor	exact	selected	1	same
a42d.fsb.txt	2078	516	四葉	A42d_080_210_04_00	四葉	/sound/voice/A42d_080_210_04_00_00.ogg	unique_exact_anchor	exact	selected	1	same
a42d.fsb.txt	2081	517	四葉	A42d_080_220_01_00	四葉	/sound/voice/A42d_080_220_01_00_00.ogg	unique_exact_anchor	exact	selected	1	same
a42d.fsb.txt	2083	518	四葉	A42d_080_220_02_00	四葉	/sound/voice/A42d_080_220_02_00_00.ogg	unique_exact_anchor	exact	selected	1	same
a42d.fsb.txt	2085	519	四葉	A42d_080_220_03_00	四葉	/sound/voice/A42d_080_220_03_00_00.ogg	unique_exact_anchor	exact	selected	1	same
a42d.fsb.txt	2093	522	セブン	A42d_080_230_03_00	セブン	/sound/voice/A42d_080_230_03_00_00.ogg	unique_exact_anchor	exact	selected	1	same
a42d.fsb.txt	2099	524	セブン	A42d_080_240_01_00	セブン	/sound/voice/A42d_080_240_01_00_00.ogg	unique_exact_anchor	exact	selected	1	same
a42d.fsb.txt	2114	527	セブン	A42d_080_250_01_00	セブン	/sound/voice/A42d_080_250_01_00_00.ogg	monotonic_tfidf	high	selected	1	same
a42d.fsb.txt	2119	528	セブン	A42d_080_260_01_00	セブン	/sound/voice/A42d_080_260_01_00_00.ogg	unique_exact_anchor	exact	selected	1	same
a42d.fsb.txt	2121	529	セブン	A42d_080_260_02_00	セブン	/sound/voice/A42d_080_260_02_00_00.ogg	unique_exact_anchor	exact	selected	1	same
a42d.fsb.txt	2133	532	四葉	A42d_080_270_01_00	四葉	/sound/voice/A42d_080_270_01_00_00.ogg	unique_exact_anchor	exact	selected	1	same
a42d.fsb.txt	2141	533	ニルス２	A42d_080_270_02_00	ニルス２	/sound/voice/A42d_080_270_02_00_00.ogg	unique_exact_anchor	exact	selected	1	same
a42d.fsb.txt	2143	534	ニルス２	A42d_080_270_03_00	ニルス２	/sound/voice/A42d_080_270_03_00_00.ogg	unique_exact_anchor	exact	selected	1	same
a42d.fsb.txt	2146	535	ニルス２	A42d_080_280_01_00	ニルス２	/sound/voice/A42d_080_280_01_00_00.ogg	unique_exact_anchor	exact	selected	1	same
a42d.fsb.txt	2148	536	ニルス２	A42d_080_280_02_00	ニルス２	/sound/voice/A42d_080_280_02_00_00.ogg	unique_exact_anchor	exact	selected	1	same
a42d.fsb.txt	2150	537	ニルス２	A42d_080_280_03_00	ニルス２	/sound/voice/A42d_080_280_03_00_00.ogg	unique_exact_anchor	exact	selected	1	same
a42d.fsb.txt	2153	538	セブン	A42d_080_290_01_00	セブン	/sound/voice/A42d_080_290_01_00_00.ogg	unique_exact_anchor	exact	selected	1	same
a42d.fsb.txt	2155	539	ニルス２	A42d_080_290_02_00	ニルス２	/sound/voice/A42d_080_290_02_00_00.ogg	monotonic_tfidf	high	selected	1	same
a42d.fsb.txt	2157	540	ニルス２	A42d_080_290_04_00	ニルス２	/sound/voice/A42d_080_290_04_00_00.ogg	unique_exact_anchor	exact	selected	1	same
a42d.fsb.txt	2178	545	淳平	A42d_080_310_02_00	淳平	/sound/voice/A42d_080_310_02_00_00.ogg	unique_exact_anchor	exact	selected	1	same
a42d.fsb.txt	2180	546	淳平	A42d_080_310_03_00	淳平	/sound/voice/A42d_080_310_03_00_00.ogg	unique_exact_anchor	exact	selected	1	same
a42d.fsb.txt	2182	547	淳平	A42d_080_310_04_00	淳平	/sound/voice/A42d_080_310_04_00_00.ogg	unique_exact_anchor	exact	selected	1	same
a42d.fsb.txt	2185	548	セブン	A42d_080_310_05_00	セブン	/sound/voice/A42d_080_310_05_00_00.ogg	monotonic_tfidf	exact	selected	1	same
a42d.fsb.txt	2188	549	淳平	A42d_080_320_02_00	淳平	/sound/voice/A42d_080_320_02_00_00.ogg	monotonic_tfidf	medium	selected	1	same
a42d.fsb.txt	2190	550	セブン	A42d_080_320_03_00	セブン	/sound/voice/A42d_080_320_03_00_00.ogg	unique_exact_anchor	exact	selected	1	same
a42d.fsb.txt	2192	551	淳平	A42d_080_320_04_00	淳平	/sound/voice/A42d_080_320_04_00_00.ogg	unique_exact_anchor	exact	selected	1	same
a42d.fsb.txt	2195	552	セブン	A42d_080_330_01_00	セブン	/sound/voice/A42d_080_330_01_00_00.ogg	unique_exact_anchor	exact	selected	1	same
a42d.fsb.txt	2197	553	淳平	A42d_080_330_02_00	淳平	/sound/voice/A42d_080_330_02_00_00.ogg	unique_exact_anchor	exact	selected	1	same
a42d.fsb.txt	2199	554	淳平	A42d_080_330_03_00	淳平	/sound/voice/A42d_080_330_03_00_00.ogg	unique_exact_anchor	exact	selected	1	same
a42d.fsb.txt	2201	555	淳平	A42d_080_330_04_00	淳平	/sound/voice/A42d_080_330_04_00_00.ogg	unique_exact_anchor	exact	selected	1	same
a42d.fsb.txt	2204	556	淳平	A42d_080_340_01_00	淳平	/sound/voice/A42d_080_340_01_00_00.ogg	unique_exact_anchor	exact	selected	1	same
a42d.fsb.txt	2212	557	ニルス２	A42d_080_340_02_00	ニルス２	/sound/voice/A42d_080_340_02_00_00.ogg	unique_exact_anchor	exact	selected	1	same
a42d.fsb.txt	2215	558	ニルス２	A42d_080_350_01_00	ニルス２	/sound/voice/A42d_080_350_01_00_00.ogg	unique_exact_anchor	exact	selected	1	same
a42d.fsb.txt	2255	562	四葉	A42d_080_360_01_00	四葉	/sound/voice/A42d_080_360_01_00_00.ogg	unique_exact_anchor	exact	selected	1	same
a42d.fsb.txt	2257	563	四葉	A42d_080_360_02_00	四葉	/sound/voice/A42d_080_360_02_00_00.ogg	unique_exact_anchor	exact	selected	1	same
a42d.fsb.txt	2259	564	淳平	A42d_080_360_04_00	淳平	/sound/voice/A42d_080_360_04_00_00.ogg	unique_exact_anchor	exact	selected	1	same
a42d.fsb.txt	2270	568	淳平	A42d_080_380_01_00	淳平	/sound/voice/A42d_080_380_01_00_00.ogg	unique_exact_anchor	exact	selected	1	same
a42d.fsb.txt	2272	569	淳平	A42d_080_380_02_00	淳平	/sound/voice/A42d_080_380_02_00_00.ogg	unique_exact_anchor	exact	selected	1	same
a42d.fsb.txt	2284	571	ニルス２	A42d_080_381_02_00	ニルス２	/sound/voice/A42d_080_381_02_00_00.ogg	unique_exact_anchor	exact	selected	1	same
a42d.fsb.txt	2286	572	四葉	A42d_080_381_03_00	四葉	/sound/voice/A42d_080_381_03_00_00.ogg	unique_exact_anchor	exact	selected	1	same
a42d.fsb.txt	2290	573	セブン	A42d_080_381_04_00	セブン	/sound/voice/A42d_080_381_04_00_00.ogg	unique_exact_anchor	exact	selected	1	same
a42d.fsb.txt	2295	574	セブン	A42d_080_381_05_00	セブン	/sound/voice/A42d_080_381_05_00_00.ogg	unique_exact_anchor	exact	selected	1	same
a42d.fsb.txt	2323	578	セブン	A42d_080_410_01_00	セブン	/sound/voice/A42d_080_410_01_00_00.ogg	unique_exact_anchor	exact	selected	1	same
a42d.fsb.txt	2325	579	ニルス２	A42d_080_410_02_00	ニルス２	/sound/voice/A42d_080_410_02_00_00.ogg	unique_exact_anchor	exact	selected	1	same
a42d.fsb.txt	2327	580	セブン	A42d_080_410_03_00	セブン	/sound/voice/A42d_080_410_03_00_00.ogg	unique_exact_anchor	exact	selected	1	same
a42d.fsb.txt	2329	581	淳平	A42d_080_410_04_00	淳平	/sound/voice/A42d_080_410_04_00_00.ogg	unique_exact_anchor	exact	selected	1	same
a42d.fsb.txt	2333	582	四葉	A42d_080_410_05_00	四葉	/sound/voice/A42d_080_410_05_00_00.ogg	unique_exact_anchor	exact	selected	1	same
a42d.fsb.txt	2346	585	淳平	A42d_080_420_04_00	淳平	/sound/voice/A42d_080_420_04_00_00.ogg	unique_exact_anchor	exact	selected	1	same
a42d.fsb.txt	2348	586	淳平	A42d_080_420_05_00	淳平	/sound/voice/A42d_080_420_05_00_00.ogg	unique_exact_anchor	exact	selected	1	same
abad.fsb.txt	16	1	紫	Abad_010_010_02_00	紫	/sound/voice/Abad_010_010_02_00_00.ogg	unique_exact_anchor	exact	selected	1	same
abad.fsb.txt	24	4	淳平	Abad_010_020_03_00	淳平	/sound/voice/Abad_010_020_03_00_00.ogg	unique_exact_anchor	exact	selected	1	same
abad.fsb.txt	32	7	紫	Abad_010_030_03_00	紫	/sound/voice/Abad_010_030_03_00_00.ogg	monotonic_tfidf	exact	selected	1	same
abad.fsb.txt	34	8	淳平	Abad_010_030_04_00	淳平	/sound/voice/Abad_010_030_04_00_00.ogg	unique_exact_anchor	exact	selected	1	same
abad.fsb.txt	36	9	紫	Abad_010_030_05_00	紫	/sound/voice/Abad_010_030_05_00_00.ogg	monotonic_tfidf	exact	selected	1	same
abad.fsb.txt	39	10	淳平	Abad_010_040_01_00	淳平	/sound/voice/Abad_010_040_01_00_00.ogg	unique_exact_anchor	exact	selected	1	same
abad.fsb.txt	41	11	紫	Abad_010_040_02_00	紫	/sound/voice/Abad_010_040_02_00_00.ogg	unique_exact_anchor	exact	selected	1	same
abad.fsb.txt	43	12	紫	Abad_010_040_03_00	紫	/sound/voice/Abad_010_040_03_00_00.ogg	monotonic_tfidf	high	selected	1	same
abad.fsb.txt	47	13	淳平	Abad_010_040_04_00	淳平	/sound/voice/Abad_010_040_04_00_00.ogg	unique_exact_anchor	exact	selected	1	same
abad.fsb.txt	52	14	セブン	Abad_010_050_01_00	セブン	/sound/voice/Abad_010_050_01_00_00.ogg	unique_exact_anchor	exact	selected	1	same
abad.fsb.txt	54	15	淳平	Abad_010_050_02_10	淳平	/sound/voice/Abad_010_050_02_10_00.ogg	monotonic_tfidf	review	selected	1	same
abad.fsb.txt	63	18	紫	Abad_010_050_05_00	紫	/sound/voice/Abad_010_050_05_00_00.ogg	unique_exact_anchor	exact	selected	1	same
abad.fsb.txt	69	20	淳平	Abad_010_060_01_00	淳平	/sound/voice/Abad_010_060_01_00_00.ogg	unique_exact_anchor	exact	selected	1	same
abad.fsb.txt	115	33	サンタ	Abad_010_090_04_00	サンタ	/sound/voice/Abad_010_090_04_00_00.ogg	unique_exact_anchor	exact	selected	1	same
abad.fsb.txt	128	35	紫	Abad_010_110_01_00	紫	/sound/voice/Abad_010_110_01_00_00.ogg	unique_exact_anchor	exact	selected	1	same
abad.fsb.txt	153	40	四葉	Abad_020_010_03_00	四葉	/sound/voice/Abad_020_010_03_00_00.ogg	monotonic_tfidf	high	selected	1	same
abad.fsb.txt	165	44	セブン	Abad_020_030_02_00	セブン	/sound/voice/Abad_020_030_02_00_00.ogg	monotonic_tfidf	high	selected	1	same
abad.fsb.txt	168	45	四葉	Abad_020_030_03_00	四葉	/sound/voice/Abad_020_030_03_00_00.ogg	monotonic_tfidf	high	selected	1	same
abad.fsb.txt	170	46	一宮	Abad_020_030_04_00	一宮	/sound/voice/Abad_020_030_04_00_00.ogg	unique_exact_anchor	exact	selected	1	same
abad.fsb.txt	172	47	四葉	Abad_020_030_05_00	四葉	/sound/voice/Abad_020_030_05_00_00.ogg	unique_exact_anchor	exact	selected	1	same
abad.fsb.txt	175	48	サンタ	Abad_020_040_01_00	サンタ	/sound/voice/Abad_020_040_01_00_00.ogg	monotonic_tfidf	high	selected	1	same
abad.fsb.txt	177	49	四葉	Abad_020_040_02_00	四葉	/sound/voice/Abad_020_040_02_00_00.ogg	unique_exact_anchor	exact	selected	1	same
abad.fsb.txt	181	51	四葉	Abad_020_040_04_00	四葉	/sound/voice/Abad_020_040_04_00_00.ogg	monotonic_tfidf	high	selected	1	same
abad.fsb.txt	185	53	四葉	Abad_020_040_06_00	四葉	/sound/voice/Abad_020_040_06_00_00.ogg | /sound/voice/Abad_020_040_06_00_01.ogg	monotonic_tfidf	medium	selected	1	same
abad.fsb.txt	190	55	四葉	Abad_020_050_01_00	四葉	/sound/voice/Abad_020_050_01_00_00.ogg	unique_exact_anchor	exact	selected	1	same
abad.fsb.txt	194	57	四葉	Abad_020_050_03_00	四葉	/sound/voice/Abad_020_050_03_00_00.ogg	unique_exact_anchor	exact	selected	1	same
abad.fsb.txt	196	58	四葉	Abad_020_050_04_00	四葉	/sound/voice/Abad_020_050_04_00_00.ogg	unique_exact_anchor	exact	selected	1	same
abad.fsb.txt	198	59	四葉	Abad_020_050_05_00	四葉	/sound/voice/Abad_020_050_05_00_00.ogg	unique_exact_anchor	exact	selected	1	same
abad.fsb.txt	203	61	四葉	Abad_020_060_01_00	四葉	/sound/voice/Abad_020_060_01_00_00.ogg	monotonic_tfidf	high	selected	1	same
abad.fsb.txt	205	62	四葉	Abad_020_060_02_00	四葉	/sound/voice/Abad_020_060_02_00_00.ogg	unique_exact_anchor	exact	selected	1	same
abad.fsb.txt	207	63	四葉	Abad_020_060_03_00	四葉	/sound/voice/Abad_020_060_03_00_00.ogg	unique_exact_anchor	exact	selected	1	same
abad.fsb.txt	211	65	四葉	Abad_020_060_05_00	四葉	/sound/voice/Abad_020_060_05_00_00.ogg	monotonic_tfidf	high	selected	1	same
abad.fsb.txt	214	66	四葉	Abad_020_070_01_00	四葉	/sound/voice/Abad_020_070_01_00_00.ogg	unique_exact_anchor	exact	selected	1	same
abad.fsb.txt	218	68	四葉	Abad_020_070_03_00	四葉	/sound/voice/Abad_020_070_03_00_00.ogg	monotonic_tfidf	high	selected	1	same
abad.fsb.txt	220	69	四葉	Abad_020_070_04_00	四葉	/sound/voice/Abad_020_070_04_00_00.ogg	unique_exact_anchor	exact	selected	1	same
abad.fsb.txt	222	70	四葉	Abad_020_070_05_00	四葉	/sound/voice/Abad_020_070_05_00_00.ogg	unique_exact_anchor	exact	selected	1	same
abad.fsb.txt	235	76	淳平	Abad_020_080_06_00	淳平	/sound/voice/Abad_020_080_06_00_00.ogg	unique_exact_anchor	exact	selected	1	same
abad.fsb.txt	241	78	淳平	Abad_020_090_02_00	淳平	/sound/voice/Abad_020_090_02_00_00.ogg	unique_exact_anchor	exact	selected	1	same
abad.fsb.txt	245	80	淳平	Abad_020_090_04_10	淳平	/sound/voice/Abad_020_090_04_10_00.ogg	monotonic_tfidf	medium	selected	1	same
abad.fsb.txt	254	81	紫	Abad_020_100_01_00	紫	/sound/voice/Abad_020_100_01_00_00.ogg	unique_exact_anchor	exact	selected	1	same
abad.fsb.txt	256	82	紫	Abad_020_100_02_00	紫	/sound/voice/Abad_020_100_02_00_00.ogg	monotonic_tfidf	high	selected	1	same
abad.fsb.txt	286	90	四葉	Abad_030_020_01_00	四葉	/sound/voice/Abad_030_020_01_00_00.ogg	unique_exact_anchor	exact	selected	1	same
abad.fsb.txt	294	91	紫	Abad_030_020_02_00	紫	/sound/voice/Abad_030_020_02_00_00.ogg	unique_exact_anchor	exact	selected	1	same
abad.fsb.txt	296	92	淳平	Abad_030_020_03_00	淳平	/sound/voice/Abad_030_020_03_00_00.ogg	unique_exact_anchor	exact	selected	1	same
abad.fsb.txt	322	96	一宮	Abad_030_040_03_00	一宮	/sound/voice/Abad_030_040_03_00_00.ogg	unique_exact_anchor	exact	selected	1	same
abad.fsb.txt	331	97	八代	Abad_030_050_01_00	八代	/sound/voice/Abad_030_050_01_00_00.ogg	unique_exact_anchor	exact	selected	1	same
abad.fsb.txt	333	98	八代	Abad_030_050_02_00	八代	/sound/voice/Abad_030_050_02_00_00.ogg	unique_exact_anchor	exact	selected	1	same
abad.fsb.txt	336	99	一宮	Abad_030_060_01_00	一宮	/sound/voice/Abad_030_060_01_00_00.ogg	unique_exact_anchor	exact	selected	1	same
abad.fsb.txt	338	100	一宮	Abad_030_060_02_00	一宮	/sound/voice/Abad_030_060_02_00_00.ogg	unique_exact_anchor	exact	selected	1	same
abad.fsb.txt	341	101	八代	Abad_030_060_03_00	八代	/sound/voice/Abad_030_060_03_00_00.ogg	unique_exact_anchor	exact	selected	1	same
abad.fsb.txt	346	103	八代	Abad_030_070_01_00	八代	/sound/voice/Abad_030_070_01_00_00.ogg	unique_exact_anchor	exact	selected	1	same
abad.fsb.txt	348	104	一宮	Abad_030_070_02_00	一宮	/sound/voice/Abad_030_070_02_00_00.ogg	unique_exact_anchor	exact	selected	1	same
abad.fsb.txt	350	105	淳平	Abad_030_070_03_00	淳平	/sound/voice/Abad_030_070_03_00_00.ogg	unique_exact_anchor	exact	selected	1	same
abad.fsb.txt	352	106	一宮	Abad_030_070_04_00	一宮	/sound/voice/Abad_030_070_04_00_00.ogg	unique_exact_anchor	exact	selected	1	same
abad.fsb.txt	354	107	一宮	Abad_030_070_05_00	一宮	/sound/voice/Abad_030_070_05_00_00.ogg	unique_exact_anchor	exact	selected	1	same
abad.fsb.txt	357	108	淳平	Abad_030_080_01_00	淳平	/sound/voice/Abad_030_080_01_00_00.ogg	unique_exact_anchor	exact	selected	1	same
abad.fsb.txt	360	109	一宮	Abad_030_080_02_00	一宮	/sound/voice/Abad_030_080_02_00_00.ogg	unique_exact_anchor	exact	selected	1	same
abad.fsb.txt	367	111	淳平	Abad_030_090_01_00	淳平	/sound/voice/Abad_030_090_01_00_00.ogg	unique_exact_anchor	exact	selected	1	same
abad.fsb.txt	369	112	一宮	Abad_030_090_02_00	一宮	/sound/voice/Abad_030_090_02_00_00.ogg	extended_same_speaker	medium	selected	1	same
abad.fsb.txt	372	113	一宮	Abad_030_090_03_00	一宮	/sound/voice/Abad_030_090_03_00_00.ogg	unique_exact_anchor	exact	selected	1	same
abad.fsb.txt	375	114	八代	Abad_030_090_04_00	八代	/sound/voice/Abad_030_090_04_00_00.ogg	unique_exact_anchor	exact	selected	1	same
abad.fsb.txt	378	115	八代	Abad_030_100_01_00	八代	/sound/voice/Abad_030_100_01_00_00.ogg	unique_exact_anchor	exact	selected	1	same
abad.fsb.txt	380	116	八代	Abad_030_100_02_00	八代	/sound/voice/Abad_030_100_02_00_00.ogg	unique_exact_anchor	exact	selected	1	same
abad.fsb.txt	382	117	一宮	Abad_030_100_03_00	一宮	/sound/voice/Abad_030_100_03_00_00.ogg	monotonic_tfidf	exact	selected	1	same
abad.fsb.txt	384	118	一宮	Abad_030_100_04_00	一宮	/sound/voice/Abad_030_100_04_00_00.ogg	unique_exact_anchor	exact	selected	1	same
abad.fsb.txt	441	128	淳平	Abad_040_030_01_00	淳平	/sound/voice/Abad_040_030_01_00_00.ogg	unique_exact_anchor	exact	selected	1	same
abad.fsb.txt	449	131	四葉	Abad_040_040_01_00	四葉	/sound/voice/Abad_040_040_01_00_00.ogg	unique_exact_anchor	exact	selected	1	same
abad.fsb.txt	457	134	四葉	Abad_040_050_01_00	四葉	/sound/voice/Abad_040_050_01_00_00.ogg	unique_exact_anchor	exact	selected	1	same
abad.fsb.txt	462	136	淳平	Abad_040_050_03_00	淳平	/sound/voice/Abad_040_050_03_00_00.ogg	monotonic_tfidf	medium	selected	1	same
abad.fsb.txt	468	138	淳平	Abad_040_060_02_00	淳平	/sound/voice/Abad_040_060_02_00_00.ogg	monotonic_tfidf	medium	selected	1	same
abad.fsb.txt	470	139	淳平	Abad_040_060_03_00	淳平	/sound/voice/Abad_040_060_03_00_00.ogg	unique_exact_anchor	exact	selected	1	same
abad.fsb.txt	472	140	四葉	Abad_040_060_04_00	四葉	/sound/voice/Abad_040_060_04_00_00.ogg	unique_exact_anchor	exact	selected	1	same
abad.fsb.txt	479	142	淳平	Abad_040_080_01_00	淳平	/sound/voice/Abad_040_080_01_00_00.ogg	unique_exact_anchor	exact	selected	1	same
abad.fsb.txt	481	143	四葉	Abad_040_080_02_00	四葉	/sound/voice/Abad_040_080_02_00_00.ogg	unique_exact_anchor	exact	selected	1	same
abad.fsb.txt	483	144	四葉	Abad_040_080_03_00	四葉	/sound/voice/Abad_040_080_03_00_00.ogg	unique_exact_anchor	exact	selected	1	same
abad.fsb.txt	511	148	淳平	Abad_040_100_01_00	淳平	/sound/voice/Abad_040_100_01_00_00.ogg	unique_exact_anchor	exact	selected	1	same
abad.fsb.txt	519	150	淳平	Abad_040_110_01_00	淳平	/sound/voice/Abad_040_110_01_00_00.ogg	monotonic_tfidf	high	selected	1	same
abad.fsb.txt	521	151	淳平	Abad_040_110_02_00	淳平	/sound/voice/Abad_040_110_02_00_00.ogg	unique_exact_anchor	exact	selected	1	same
abad.fsb.txt	570	166	淳平	Abad_040_140_05_00	淳平	/sound/voice/Abad_040_140_05_00_00.ogg	unique_exact_anchor	exact	selected	1	same
abad.fsb.txt	578	169	四葉	Abad_040_150_03_00	四葉	/sound/voice/Abad_040_150_03_00_00.ogg	unique_exact_anchor	exact	selected	1	same
abad.fsb.txt	580	170	四葉	Abad_040_150_04_00	四葉	/sound/voice/Abad_040_150_04_00_00.ogg	monotonic_tfidf	high	selected	1	same
abad.fsb.txt	583	171	四葉	Abad_040_160_01_00	四葉	/sound/voice/Abad_040_160_01_00_00.ogg	unique_exact_anchor	exact	selected	1	same
abad.fsb.txt	585	172	四葉	Abad_040_160_02_00	四葉	/sound/voice/Abad_040_160_02_00_00.ogg	unique_exact_anchor	exact	selected	1	same
abad.fsb.txt	587	173	四葉	Abad_040_160_03_00	四葉	/sound/voice/Abad_040_160_03_00_00.ogg	unique_exact_anchor	exact	selected	1	same
abad.fsb.txt	589	174	四葉	Abad_040_160_04_00	四葉	/sound/voice/Abad_040_160_04_00_00.ogg	unique_exact_anchor	exact	selected	1	same
abad.fsb.txt	595	176	淳平	Abad_040_170_01_00	淳平	/sound/voice/Abad_040_170_01_00_00.ogg	unique_exact_anchor	exact	selected	1	same
abad.fsb.txt	597	177	淳平	Abad_040_170_02_00	淳平	/sound/voice/Abad_040_170_02_00_00.ogg	unique_exact_anchor	exact	selected	1	same
abad.fsb.txt	599	178	四葉	Abad_040_170_03_00	四葉	/sound/voice/Abad_040_170_03_00_00.ogg	unique_exact_anchor	exact	selected	1	same
abad.fsb.txt	601	179	四葉	Abad_040_170_04_00	四葉	/sound/voice/Abad_040_170_04_00_00.ogg	unique_exact_anchor	exact	selected	1	same
abad.fsb.txt	603	180	淳平	Abad_040_170_05_00	淳平	/sound/voice/Abad_040_170_05_00_00.ogg	unique_exact_anchor	exact	selected	1	same
abad.fsb.txt	615	183	四葉	Abad_040_180_03_00	四葉	/sound/voice/Abad_040_180_03_00_00.ogg	unique_exact_anchor	exact	selected	1	same
abad.fsb.txt	639	189	四葉	Abad_040_200_01_00	四葉	/sound/voice/Abad_040_200_01_00_00.ogg	unique_exact_anchor	exact	selected	1	same
abad.fsb.txt	644	191	四葉	Abad_040_200_03_00	四葉	/sound/voice/Abad_040_200_03_00_00.ogg	unique_exact_anchor	exact	selected	1	same
abad.fsb.txt	646	192	淳平	Abad_040_200_04_00	淳平	/sound/voice/Abad_040_200_04_00_00.ogg	unique_exact_anchor	exact	selected	1	same
abad.fsb.txt	649	193	淳平	Abad_040_210_01_00	淳平	/sound/voice/Abad_040_210_01_00_00.ogg	unique_exact_anchor	exact	selected	1	same
abad.fsb.txt	651	194	四葉	Abad_040_210_02_00	四葉	/sound/voice/Abad_040_210_02_00_00.ogg	unique_exact_anchor	exact	selected	1	same
abad.fsb.txt	653	195	四葉	Abad_040_210_03_00	四葉	/sound/voice/Abad_040_210_03_00_00.ogg	unique_exact_anchor	exact	selected	1	same
abad.fsb.txt	707	205	四葉	Abad_040_240_01_00	四葉	/sound/voice/Abad_040_240_01_00_00.ogg | /sound/voice/Abad_040_240_01_00_01.ogg	monotonic_tfidf	high	selected	1	same
abad.fsb.txt	709	206	四葉	Abad_040_240_02_00	四葉	/sound/voice/Abad_040_240_02_00_00.ogg	monotonic_tfidf	high	selected	1	same
abad.fsb.txt	715	208	四葉	Abad_040_250_01_00	四葉	/sound/voice/Abad_040_250_01_00_00.ogg	unique_exact_anchor	exact	selected	1	same
abad.fsb.txt	719	210	四葉	Abad_040_250_03_00	四葉	/sound/voice/Abad_040_250_03_00_00.ogg	unique_exact_anchor	exact	selected	1	same
abad.fsb.txt	733	215	四葉	Abad_040_270_01_00	四葉	/sound/voice/Abad_040_270_01_00_00.ogg	monotonic_tfidf	exact	selected	1	same
abad.fsb.txt	745	220	四葉	Abad_040_280_01_00	四葉	/sound/voice/Abad_040_280_01_00_00.ogg	monotonic_tfidf	exact	selected	1	same
abad.fsb.txt	766	223	淳平	Abad_040_290_02_00	淳平	/sound/voice/Abad_040_290_02_00_00.ogg	unique_exact_anchor	exact	selected	1	same
abad.fsb.txt	812	237	四葉	Abad_040_340_01_00	四葉	/sound/voice/Abad_040_340_01_00_00.ogg	unique_exact_anchor	exact	selected	1	same
abad.fsb.txt	814	238	四葉	Abad_040_340_02_00	四葉	/sound/voice/Abad_040_340_02_00_00.ogg	unique_exact_anchor	exact	selected	1	same
aed1.fsb.txt	92	14	淳平	Aed1_010_080_01_00	淳平	/sound/voice/Aed1_010_080_01_00_00.ogg	monotonic_tfidf	high	selected	1	same
aed1.fsb.txt	95	15	セブン	Aed1_010_080_02_00	セブン	/sound/voice/Aed1_010_080_02_00_00.ogg	unique_exact_anchor	exact	selected	1	same
aed1.fsb.txt	98	16	ニルス２	Aed1_010_080_03_00	ニルス２	/sound/voice/Aed1_010_080_03_00_00.ogg	unique_exact_anchor	exact	selected	1	same
aed1.fsb.txt	100	17	淳平	Aed1_010_080_04_00	淳平	/sound/voice/Aed1_010_080_04_00_00.ogg	unique_exact_anchor	exact	selected	1	same
aed1.fsb.txt	110	19	ニルス２	Aed1_010_090_01_00	ニルス２	/sound/voice/Aed1_010_090_01_00_00.ogg	unique_exact_anchor	exact	selected	1	same
aed1.fsb.txt	112	20	淳平	Aed1_010_090_02_00	淳平	/sound/voice/Aed1_010_090_02_00_00.ogg	unique_exact_anchor	exact	selected	1	same
aed1.fsb.txt	180	33	淳平	Aed1_020_050_02_00	淳平	/sound/voice/Aed1_020_050_02_00_00.ogg	unique_exact_anchor	exact	selected	1	same
aed1.fsb.txt	191	36	紫	Aed1_020_070_01_00	紫	/sound/voice/Aed1_020_070_01_00_00.ogg	unique_exact_anchor	exact	selected	1	same
aed1.fsb.txt	193	37	淳平	Aed1_020_070_02_00	淳平	/sound/voice/Aed1_020_070_02_00_00.ogg	unique_exact_anchor	exact	selected	1	same
aed1.fsb.txt	195	38	紫	Aed1_020_070_03_00	紫	/sound/voice/Aed1_020_070_03_00_00.ogg	unique_exact_anchor	exact	selected	1	same
aed1.fsb.txt	201	40	淳平	Aed1_020_080_01_00	淳平	/sound/voice/Aed1_020_080_01_00_00.ogg	unique_exact_anchor	exact	selected	1	same
aed1.fsb.txt	203	41	紫	Aed1_020_080_02_00	紫	/sound/voice/Aed1_020_080_02_00_00.ogg	unique_exact_anchor	exact	selected	1	same
aed1.fsb.txt	205	42	紫	Aed1_020_080_03_00	紫	/sound/voice/Aed1_020_080_03_00_00.ogg	unique_exact_anchor	exact	selected	1	same
aed1.fsb.txt	207	43	紫	Aed1_020_080_04_00	紫	/sound/voice/Aed1_020_080_04_00_00.ogg	unique_exact_anchor	exact	selected	1	same
aed1.fsb.txt	210	44	淳平	Aed1_020_090_01_00	淳平	/sound/voice/Aed1_020_090_01_00_00.ogg	unique_exact_anchor	exact	selected	1	same
aed1.fsb.txt	212	45	紫	Aed1_020_090_02_00	紫	/sound/voice/Aed1_020_090_02_00_00.ogg	unique_exact_anchor	exact	selected	1	same
aed1.fsb.txt	214	46	紫	Aed1_020_090_03_00	紫	/sound/voice/Aed1_020_090_03_00_00.ogg	unique_exact_anchor	exact	selected	1	same
aed1.fsb.txt	230	50	セブン	Aed1_020_100_03_00	セブン	/sound/voice/Aed1_020_100_03_00_00.ogg	unique_exact_anchor	exact	selected	1	same
aed1.fsb.txt	233	51	サンタ	Aed1_020_110_01_00	サンタ	/sound/voice/Aed1_020_110_01_00_00.ogg	unique_exact_anchor	exact	selected	1	same
aed1.fsb.txt	238	53	サンタ	Aed1_020_110_03_00	サンタ	/sound/voice/Aed1_020_110_03_00_00.ogg	unique_exact_anchor	exact	selected	1	same
aed1.fsb.txt	240	54	サンタ	Aed1_020_110_04_00	サンタ	/sound/voice/Aed1_020_110_04_00_00.ogg	unique_exact_anchor	exact	selected	1	same
aed1.fsb.txt	243	55	セブン	Aed1_020_120_01_00	セブン	/sound/voice/Aed1_020_120_01_00_00.ogg	unique_exact_anchor	exact	selected	1	same
aed1.fsb.txt	245	56	サンタ	Aed1_020_120_02_00	サンタ	/sound/voice/Aed1_020_120_02_00_00.ogg	unique_exact_anchor	exact	selected	1	same
aed1.fsb.txt	253	57	一宮	Aed1_020_130_01_00	一宮	/sound/voice/Aed1_020_130_01_00_00.ogg	unique_exact_anchor	exact	selected	1	same
aed1.fsb.txt	261	58	淳平	Aed1_020_130_02_00	淳平	/sound/voice/Aed1_020_130_02_00_00.ogg	unique_exact_anchor	exact	selected	1	same
aed1.fsb.txt	281	65	セブン	Aed1_020_160_03_00	セブン	/sound/voice/Aed1_020_160_03_00_00.ogg	unique_exact_anchor	exact	selected	1	same
aed1.fsb.txt	283	66	セブン	Aed1_020_160_04_00	セブン	/sound/voice/Aed1_020_160_04_00_00.ogg	monotonic_tfidf	high	selected	1	same
aed1.fsb.txt	291	69	一宮	Aed1_020_170_03_00	一宮	/sound/voice/Aed1_020_170_03_00_00.ogg	unique_exact_anchor	exact	selected	1	same
aed1.fsb.txt	293	70	一宮	Aed1_020_170_04_00	一宮	/sound/voice/Aed1_020_170_04_00_00.ogg	unique_exact_anchor	exact	selected	1	same
aed1.fsb.txt	296	71	一宮	Aed1_020_180_01_00	一宮	/sound/voice/Aed1_020_180_01_00_00.ogg	unique_exact_anchor	exact	selected	1	same
aed1.fsb.txt	299	72	淳平	Aed1_020_180_02_00	淳平	/sound/voice/Aed1_020_180_02_00_00.ogg	unique_exact_anchor	exact	selected	1	same
aed1.fsb.txt	305	74	一宮	Aed1_020_190_01_00	一宮	/sound/voice/Aed1_020_190_01_00_00.ogg	unique_exact_anchor	exact	selected	1	same
aed1.fsb.txt	307	75	一宮	Aed1_020_190_02_00	一宮	/sound/voice/Aed1_020_190_02_00_00.ogg	unique_exact_anchor	exact	selected	1	same
aed1.fsb.txt	313	77	一宮	Aed1_020_200_01_00	一宮	/sound/voice/Aed1_020_200_01_00_00.ogg	unique_exact_anchor	exact	selected	1	same
aed1.fsb.txt	315	78	一宮	Aed1_020_200_02_00	一宮	/sound/voice/Aed1_020_200_02_00_00.ogg	unique_exact_anchor	exact	selected	1	same
aed1.fsb.txt	370	88	一宮	Aed1_020_260_03_00	一宮	/sound/voice/Aed1_020_260_03_00_00.ogg	unique_exact_anchor	exact	selected	1	same
aed1.fsb.txt	383	90	一宮	Aed1_020_270_02_00	一宮	/sound/voice/Aed1_020_270_02_00_00.ogg	unique_exact_anchor	exact	selected	1	same
aed1.fsb.txt	406	97	一宮	Aed1_020_290_01_00	一宮	/sound/voice/Aed1_020_290_01_00_00.ogg	unique_exact_anchor	exact	selected	1	same
aed1.fsb.txt	408	98	一宮	Aed1_020_290_02_00	一宮	/sound/voice/Aed1_020_290_02_00_00.ogg	unique_exact_anchor	exact	selected	1	same
aed1.fsb.txt	410	99	一宮	Aed1_020_290_03_00	一宮	/sound/voice/Aed1_020_290_03_00_00.ogg | /sound/voice/Aed1_020_290_03_00_01.ogg	monotonic_tfidf	high	selected	1	same
aed1.fsb.txt	416	100	セブン	Aed1_020_300_01_00	セブン	/sound/voice/Aed1_020_300_01_00_00.ogg	unique_exact_anchor	exact	selected	1	same
aed1.fsb.txt	437	105	一宮	Aed1_020_310_03_00	一宮	/sound/voice/Aed1_020_310_03_00_00.ogg	unique_exact_anchor	exact	selected	1	same
aed1.fsb.txt	465	110	一宮	Aed1_020_320_05_00	一宮	/sound/voice/Aed1_020_320_05_00_00.ogg	unique_exact_anchor	exact	selected	1	same
aed1.fsb.txt	467	111	一宮	Aed1_020_320_06_00	一宮	/sound/voice/Aed1_020_320_06_00_00.ogg	unique_exact_anchor	exact	selected	1	same
aed1.fsb.txt	469	112	一宮	Aed1_020_320_07_00	一宮	/sound/voice/Aed1_020_320_07_00_00.ogg	unique_exact_anchor	exact	selected	1	same
aed1.fsb.txt	495	117	セブン	Aed1_020_340_02_00	セブン	/sound/voice/Aed1_020_340_02_00_00.ogg	unique_exact_anchor	exact	selected	1	same
aed1.fsb.txt	536	123	一宮	Aed1_030_020_02_00	一宮	/sound/voice/Aed1_030_020_02_00_00.ogg	unique_exact_anchor	exact	selected	1	same
aed1.fsb.txt	547	126	八代	Aed1_030_030_01_00	八代	/sound/voice/Aed1_030_030_01_00_00.ogg	unique_exact_anchor	exact	selected	1	same
aed1.fsb.txt	550	127	セブン	Aed1_030_030_02_00	セブン	/sound/voice/Aed1_030_030_02_00_00.ogg	unique_exact_anchor	exact	selected	1	same
aed1.fsb.txt	557	129	セブン	Aed1_030_040_01_00	セブン	/sound/voice/Aed1_030_040_01_00_00.ogg	unique_exact_anchor	exact	selected	1	same
aed1.fsb.txt	559	130	セブン	Aed1_030_040_02_00	セブン	/sound/voice/Aed1_030_040_02_00_00.ogg	unique_exact_anchor	exact	selected	1	same
aed1.fsb.txt	561	131	セブン	Aed1_030_040_03_00	セブン	/sound/voice/Aed1_030_040_03_00_00.ogg	unique_exact_anchor	exact	selected	1	same
aed1.fsb.txt	564	132	セブン	Aed1_030_050_01_00	セブン	/sound/voice/Aed1_030_050_01_00_00.ogg	unique_exact_anchor	exact	selected	1	same
aed1.fsb.txt	567	133	一宮	Aed1_030_050_02_00	一宮	/sound/voice/Aed1_030_050_02_00_00.ogg	unique_exact_anchor	exact	selected	1	same
aed1.fsb.txt	569	134	セブン	Aed1_030_050_03_00	セブン	/sound/voice/Aed1_030_050_03_00_00.ogg	monotonic_tfidf	high	selected	1	same
aed1.fsb.txt	583	138	淳平	Aed1_030_070_01_00	淳平	/sound/voice/Aed1_030_070_01_00_00.ogg	monotonic_tfidf	exact	selected	1	same
aed1.fsb.txt	585	139	淳平	Aed1_030_070_02_00	淳平	/sound/voice/Aed1_030_070_02_00_00.ogg	unique_exact_anchor	exact	selected	1	same
aed1.fsb.txt	587	140	一宮	Aed1_030_070_03_00	一宮	/sound/voice/Aed1_030_070_03_00_00.ogg	unique_exact_anchor	exact	selected	1	same
aed1.fsb.txt	593	142	淳平	Aed1_030_080_02_00	淳平	/sound/voice/Aed1_030_080_02_00_00.ogg	unique_exact_anchor	exact	selected	1	same
aed1.fsb.txt	595	143	淳平	Aed1_030_080_03_00	淳平	/sound/voice/Aed1_030_080_03_00_00.ogg	unique_exact_anchor	exact	selected	1	same
aed1.fsb.txt	597	144	淳平	Aed1_030_080_04_00	淳平	/sound/voice/Aed1_030_080_04_00_00.ogg	unique_exact_anchor	exact	selected	1	same
aed1.fsb.txt	608	145	淳平	Aed1_030_090_01_00	淳平	/sound/voice/Aed1_030_090_01_00_00.ogg	monotonic_tfidf	high	selected	1	same
aed1.fsb.txt	610	146	淳平	Aed1_030_090_02_00	淳平	/sound/voice/Aed1_030_090_02_00_00.ogg	unique_exact_anchor	exact	selected	1	same
aed1.fsb.txt	620	147	淳平	Aed1_030_100_01_00	淳平	/sound/voice/Aed1_030_100_01_00_00.ogg	unique_exact_anchor	exact	selected	1	same
aed1.fsb.txt	683	166	淳平	Aed1_030_160_01_00	淳平	/sound/voice/Aed1_030_160_01_00_00.ogg	unique_exact_anchor	exact	selected	1	same
aed1.fsb.txt	685	167	淳平	Aed1_030_160_02_00	淳平	/sound/voice/Aed1_030_160_02_00_00.ogg	unique_exact_anchor	exact	selected	1	same
aed1.fsb.txt	687	168	淳平	Aed1_030_160_03_00	淳平	/sound/voice/Aed1_030_160_03_00_00.ogg	monotonic_tfidf	high	selected	1	same
aed1.fsb.txt	689	169	淳平	Aed1_030_160_04_00	淳平	/sound/voice/Aed1_030_160_04_00_00.ogg	unique_exact_anchor	exact	selected	1	same
aed1.fsb.txt	703	170	淳平	Aed1_030_170_01_00	淳平	/sound/voice/Aed1_030_170_01_00_00.ogg	unique_exact_anchor	exact	selected	1	same
aed1.fsb.txt	705	171	淳平	Aed1_030_170_02_00	淳平	/sound/voice/Aed1_030_170_02_00_00.ogg	unique_exact_anchor	exact	selected	1	same
aed1.fsb.txt	707	172	淳平	Aed1_030_170_03_00	淳平	/sound/voice/Aed1_030_170_03_00_00.ogg	unique_exact_anchor	exact	selected	1	same
aed1.fsb.txt	711	173	一宮	Aed1_030_180_01_00	一宮	/sound/voice/Aed1_030_180_01_00_00.ogg	unique_exact_anchor	exact	selected	1	same
aed1.fsb.txt	713	174	一宮	Aed1_030_180_02_00	一宮	/sound/voice/Aed1_030_180_02_00_00.ogg	unique_exact_anchor	exact	selected	1	same
aed1.fsb.txt	715	175	淳平	Aed1_030_180_03_00	淳平	/sound/voice/Aed1_030_180_03_00_00.ogg	unique_exact_anchor	exact	selected	1	same
aed1.fsb.txt	717	176	淳平	Aed1_030_180_04_00	淳平	/sound/voice/Aed1_030_180_04_00_00.ogg	unique_exact_anchor	exact	selected	1	same
aed1.fsb.txt	727	177	淳平	Aed1_030_190_01_00	淳平	/sound/voice/Aed1_030_190_01_00_00.ogg	unique_exact_anchor	exact	selected	1	same
aed1.fsb.txt	729	178	淳平	Aed1_030_190_02_00	淳平	/sound/voice/Aed1_030_190_02_00_00.ogg	unique_exact_anchor	exact	selected	1	same
aed1.fsb.txt	731	179	淳平	Aed1_030_190_03_00	淳平	/sound/voice/Aed1_030_190_03_00_00.ogg	unique_exact_anchor	exact	selected	1	same
aed1.fsb.txt	756	186	淳平	Aed1_030_220_01_00	淳平	/sound/voice/Aed1_030_220_01_00_00.ogg	unique_exact_anchor	exact	selected	1	same
aed1.fsb.txt	758	187	淳平	Aed1_030_220_02_00	淳平	/sound/voice/Aed1_030_220_02_00_00.ogg	unique_exact_anchor	exact	selected	1	same
aed1.fsb.txt	760	188	淳平	Aed1_030_220_03_00	淳平	/sound/voice/Aed1_030_220_03_00_00.ogg	unique_exact_anchor	exact	selected	1	same
aed1.fsb.txt	767	189	淳平	Aed1_030_220_05_10	淳平	/sound/voice/Aed1_030_220_05_10_00.ogg	unique_exact_anchor	exact	selected	1	same
aed1.fsb.txt	774	190	淳平	Aed1_030_230_01_00	淳平	/sound/voice/Aed1_030_230_01_00_00.ogg	monotonic_tfidf	high	selected	1	same
aed1.fsb.txt	776	191	淳平	Aed1_030_230_02_00	淳平	/sound/voice/Aed1_030_230_02_00_00.ogg	unique_exact_anchor	exact	selected	1	same
aed1.fsb.txt	781	192	淳平	Aed1_030_230_03_00	淳平	/sound/voice/Aed1_030_230_03_00_00.ogg	unique_exact_anchor	exact	selected	1	same
aed1.fsb.txt	786	193	淳平	Aed1_030_240_01_00	淳平	/sound/voice/Aed1_030_240_01_00_00.ogg	unique_exact_anchor	exact	selected	1	same
aed1.fsb.txt	802	196	一宮	Aed1_030_250_01_00	一宮	/sound/voice/Aed1_030_250_01_00_00.ogg	unique_exact_anchor	exact	selected	1	same
aed1.fsb.txt	805	197	ニルス２	Aed1_030_250_02_00	ニルス２	/sound/voice/Aed1_030_250_02_00_00.ogg	monotonic_tfidf	high	selected	1	same
aed1.fsb.txt	809	199	ニルス２	Aed1_030_250_04_00	ニルス２	/sound/voice/Aed1_030_250_04_00_00.ogg	unique_exact_anchor	exact	selected	1	same
aed1.fsb.txt	816	202	一宮	Aed1_030_260_03_00	一宮	/sound/voice/Aed1_030_260_03_00_00.ogg	unique_exact_anchor	exact	selected	1	same
aed1.fsb.txt	826	205	淳平	Aed1_030_270_02_00	淳平	/sound/voice/Aed1_030_270_02_00_00.ogg	unique_exact_anchor	exact	selected	1	same
aed1.fsb.txt	828	206	淳平	Aed1_030_270_03_00	淳平	/sound/voice/Aed1_030_270_03_00_00.ogg	unique_exact_anchor	exact	selected	1	same
aed1.fsb.txt	830	207	淳平	Aed1_030_270_04_00	淳平	/sound/voice/Aed1_030_270_04_00_00.ogg	unique_exact_anchor	exact	selected	1	same
aed1.fsb.txt	845	209	淳平	Aed1_030_280_02_00	淳平	/sound/voice/Aed1_030_280_02_00_00.ogg	monotonic_tfidf	medium	selected	1	same
aed1.fsb.txt	950	229	淳平	Aed1_030_370_02_00	淳平	/sound/voice/Aed1_030_370_02_00_00.ogg	unique_exact_anchor	exact	selected	1	same
aed1.fsb.txt	952	230	一宮	Aed1_030_370_03_00	一宮	/sound/voice/Aed1_030_370_03_00_00.ogg	unique_exact_anchor	exact	selected	1	same
aed1.fsb.txt	1009	247	一宮	Aed1_030_430_02_00	一宮	/sound/voice/Aed1_030_430_02_00_00.ogg	monotonic_tfidf	review	selected	1	same
aed1.fsb.txt	1014	249	一宮	Aed1_030_440_01_00	一宮	/sound/voice/Aed1_030_440_01_00_00.ogg	monotonic_tfidf	high	selected	1	same
aed1.fsb.txt	1016	250	一宮	Aed1_030_440_02_00	一宮	/sound/voice/Aed1_030_440_02_00_00.ogg	unique_exact_anchor	exact	selected	1	same
aed1.fsb.txt	1018	251	一宮	Aed1_030_440_03_00	一宮	/sound/voice/Aed1_030_440_03_00_00.ogg	unique_exact_anchor	exact	selected	1	same
aed1.fsb.txt	1021	252	一宮	Aed1_030_450_01_00	一宮	/sound/voice/Aed1_030_450_01_00_00.ogg	unique_exact_anchor	exact	selected	1	same
aed1.fsb.txt	1023	253	一宮	Aed1_030_450_02_00	一宮	/sound/voice/Aed1_030_450_02_00_00.ogg | /sound/voice/Aed1_030_450_02_00_01.ogg	monotonic_tfidf	high	selected	1	same
aed1.fsb.txt	1025	254	一宮	Aed1_030_450_03_00	一宮	/sound/voice/Aed1_030_450_03_00_00.ogg	unique_exact_anchor	exact	selected	1	same
aed1.fsb.txt	1027	255	一宮	Aed1_030_450_04_00	一宮	/sound/voice/Aed1_030_450_04_00_00.ogg	unique_exact_anchor	exact	selected	1	same
aed1.fsb.txt	1030	256	淳平	Aed1_030_460_01_00	淳平	/sound/voice/Aed1_030_460_01_00_00.ogg	unique_exact_anchor	exact	selected	1	same
aed1.fsb.txt	1032	257	一宮	Aed1_030_460_02_00	一宮	/sound/voice/Aed1_030_460_02_00_00.ogg	unique_exact_anchor	exact	selected	1	same
aed1.fsb.txt	1034	258	一宮	Aed1_030_460_03_00	一宮	/sound/voice/Aed1_030_460_03_00_00.ogg	unique_exact_anchor	exact	selected	1	same
aed1.fsb.txt	1037	259	一宮	Aed1_030_470_01_00	一宮	/sound/voice/Aed1_030_470_01_00_00.ogg	unique_exact_anchor	exact	selected	1	same
aed1.fsb.txt	1039	260	一宮	Aed1_030_470_02_00	一宮	/sound/voice/Aed1_030_470_02_00_00.ogg	unique_exact_anchor	exact	selected	1	same
aed1.fsb.txt	1044	262	一宮	Aed1_030_480_01_00	一宮	/sound/voice/Aed1_030_480_01_00_00.ogg	unique_exact_anchor	exact	selected	1	same
aed1.fsb.txt	1046	263	一宮	Aed1_030_480_02_00	一宮	/sound/voice/Aed1_030_480_02_00_00.ogg	monotonic_tfidf	high	selected	1	same
aed1.fsb.txt	1065	270	淳平	Aed1_030_500_01_00	淳平	/sound/voice/Aed1_030_500_01_00_00.ogg	unique_exact_anchor	exact	selected	1	same
aed1.fsb.txt	1067	271	淳平	Aed1_030_500_02_00	淳平	/sound/voice/Aed1_030_500_02_00_00.ogg	unique_exact_anchor	exact	selected	1	same
aed1.fsb.txt	1069	272	一宮	Aed1_030_500_03_00	一宮	/sound/voice/Aed1_030_500_03_00_00.ogg	unique_exact_anchor	exact	selected	1	same
aed1.fsb.txt	1071	273	一宮	Aed1_030_500_04_00	一宮	/sound/voice/Aed1_030_500_04_00_00.ogg	unique_exact_anchor	exact	selected	1	same
aed1.fsb.txt	1073	274	一宮	Aed1_030_500_05_00	一宮	/sound/voice/Aed1_030_500_05_00_00.ogg	unique_exact_anchor	exact	selected	1	same
aed1.fsb.txt	1083	275	一宮	Aed1_030_510_01_00	一宮	/sound/voice/Aed1_030_510_01_00_00.ogg	unique_exact_anchor	exact	selected	1	same
aed1.fsb.txt	1100	278	一宮	Aed1_030_520_02_10	一宮	/sound/voice/Aed1_030_520_02_10_00.ogg	monotonic_tfidf	high	selected	1	same
aed1.fsb.txt	1104	280	一宮	Aed1_030_520_03_00	一宮	/sound/voice/Aed1_030_520_03_00_00.ogg	unique_exact_anchor	exact	selected	1	same
aed1.fsb.txt	1106	281	一宮	Aed1_030_520_04_00	一宮	/sound/voice/Aed1_030_520_04_00_00.ogg	unique_exact_anchor	exact	selected	1	same
aed1.fsb.txt	1109	282	淳平	Aed1_030_530_01_00	淳平	/sound/voice/Aed1_030_530_01_00_00.ogg	unique_exact_anchor	exact	selected	1	same
aed1.fsb.txt	1111	283	淳平	Aed1_030_530_03_10	淳平	/sound/voice/Aed1_030_530_03_10_00.ogg	monotonic_tfidf	high	selected	1	same
aed1.fsb.txt	1114	284	淳平	Aed1_030_540_01_00	淳平	/sound/voice/Aed1_030_540_01_00_00.ogg	unique_exact_anchor	exact	selected	1	same
aed1.fsb.txt	1116	285	淳平	Aed1_030_540_02_00	淳平	/sound/voice/Aed1_030_540_02_00_00.ogg	unique_exact_anchor	exact	selected	1	same
aed1.fsb.txt	1120	286	淳平	Aed1_030_540_03_00	淳平	/sound/voice/Aed1_030_540_03_00_00.ogg | /sound/voice/Aed1_030_540_03_00_01.ogg	monotonic_tfidf	high	selected	1	same
aed1.fsb.txt	1138	289	サンタ	Aed1_040_010_03_00	サンタ	/sound/voice/Aed1_040_010_03_00_00.ogg	unique_exact_anchor	exact	selected	1	same
aed1.fsb.txt	1140	290	セブン	Aed1_040_010_04_00	セブン	/sound/voice/Aed1_040_010_04_00_00.ogg | /sound/voice/Aed1_040_010_04_00_01.ogg	monotonic_tfidf	high	selected	1	same
aed1.fsb.txt	1146	292	セブン	Aed1_040_020_02_00	セブン	/sound/voice/Aed1_040_020_02_00_00.ogg	monotonic_tfidf	high	selected	1	same
aed1.fsb.txt	1148	293	セブン	Aed1_040_020_03_00	セブン	/sound/voice/Aed1_040_020_03_00_00.ogg	unique_exact_anchor	exact	selected	1	same
aed1.fsb.txt	1153	295	セブン	Aed1_040_030_01_00	セブン	/sound/voice/Aed1_040_030_01_00_00.ogg	unique_exact_anchor	exact	selected	1	same
aed1.fsb.txt	1155	296	セブン	Aed1_040_030_02_00	セブン	/sound/voice/Aed1_040_030_02_00_00.ogg	unique_exact_anchor	exact	selected	1	same
aed1.fsb.txt	1157	297	セブン	Aed1_040_030_03_00	セブン	/sound/voice/Aed1_040_030_03_00_00.ogg	unique_exact_anchor	exact	selected	1	same
aed1.fsb.txt	1160	298	サンタ	Aed1_040_030_04_00	サンタ	/sound/voice/Aed1_040_030_04_00_00.ogg	unique_exact_anchor	exact	selected	1	same
aed1.fsb.txt	1166	300	サンタ	Aed1_040_040_01_00	サンタ	/sound/voice/Aed1_040_040_01_00_00.ogg	unique_exact_anchor	exact	selected	1	same
aed1.fsb.txt	1168	301	サンタ	Aed1_040_040_02_00	サンタ	/sound/voice/Aed1_040_040_02_00_00.ogg | /sound/voice/Aed1_040_040_02_00_01.ogg	monotonic_tfidf	high	selected	1	same
aed1.fsb.txt	1170	302	サンタ	Aed1_040_040_03_00	サンタ	/sound/voice/Aed1_040_040_03_00_00.ogg	unique_exact_anchor	exact	selected	1	same
aed1.fsb.txt	1173	303	サンタ	Aed1_040_050_01_00	サンタ	/sound/voice/Aed1_040_050_01_00_00.ogg	unique_exact_anchor	exact	selected	1	same
aed1.fsb.txt	1175	304	サンタ	Aed1_040_050_02_00	サンタ	/sound/voice/Aed1_040_050_02_00_00.ogg | /sound/voice/Aed1_040_050_02_00_01.ogg	monotonic_tfidf	high	selected	1	same
aed1.fsb.txt	1180	305	セブン	Aed1_040_050_03_00	セブン	/sound/voice/Aed1_040_050_03_00_00.ogg	unique_exact_anchor	exact	selected	1	same
aed1.fsb.txt	1182	306	淳平	Aed1_040_050_04_00	淳平	/sound/voice/Aed1_040_050_04_00_00.ogg	unique_exact_anchor	exact	selected	1	same
aed1.fsb.txt	1185	307	サンタ	Aed1_040_060_01_00	サンタ	/sound/voice/Aed1_040_060_01_00_00.ogg	unique_exact_anchor	exact	selected	1	same
aed1.fsb.txt	1187	308	サンタ	Aed1_040_060_02_00	サンタ	/sound/voice/Aed1_040_060_02_00_00.ogg	unique_exact_anchor	exact	selected	1	same
aed1.fsb.txt	1189	309	サンタ	Aed1_040_060_03_00	サンタ	/sound/voice/Aed1_040_060_03_00_00.ogg	unique_exact_anchor	exact	selected	1	same
aed1.fsb.txt	1191	310	サンタ	Aed1_040_060_04_00	サンタ	/sound/voice/Aed1_040_060_04_00_00.ogg	unique_exact_anchor	exact	selected	1	same
aed1.fsb.txt	1194	311	淳平	Aed1_040_070_01_00	淳平	/sound/voice/Aed1_040_070_01_00_00.ogg	unique_exact_anchor	exact	selected	1	same
aed1.fsb.txt	1197	312	サンタ	Aed1_040_070_02_00	サンタ	/sound/voice/Aed1_040_070_02_00_00.ogg	unique_exact_anchor	exact	selected	1	same
aed1.fsb.txt	1199	313	サンタ	Aed1_040_070_03_00	サンタ	/sound/voice/Aed1_040_070_03_00_00.ogg	unique_exact_anchor	exact	selected	1	same
aed1.fsb.txt	1201	314	サンタ	Aed1_040_070_04_00	サンタ	/sound/voice/Aed1_040_070_04_00_00.ogg	unique_exact_anchor	exact	selected	1	same
aed1.fsb.txt	1210	317	サンタ	Aed1_040_080_03_00	サンタ	/sound/voice/Aed1_040_080_03_00_00.ogg	unique_exact_anchor	exact	selected	1	same
aed1.fsb.txt	1212	318	サンタ	Aed1_040_080_04_00	サンタ	/sound/voice/Aed1_040_080_04_00_00.ogg	unique_exact_anchor	exact	selected	1	same
aed1.fsb.txt	1215	319	淳平	Aed1_040_090_01_00	淳平	/sound/voice/Aed1_040_090_01_00_00.ogg	unique_exact_anchor	exact	selected	1	same
aed1.fsb.txt	1217	320	サンタ	Aed1_040_090_02_00	サンタ	/sound/voice/Aed1_040_090_02_00_00.ogg	unique_exact_anchor	exact	selected	1	same
aed1.fsb.txt	1219	321	淳平	Aed1_040_090_03_00	淳平	/sound/voice/Aed1_040_090_03_00_00.ogg	unique_exact_anchor	exact	selected	1	same
aed1.fsb.txt	1221	322	サンタ	Aed1_040_090_04_00	サンタ	/sound/voice/Aed1_040_090_04_00_00.ogg	unique_exact_anchor	exact	selected	1	same
aed1.fsb.txt	1223	323	サンタ	Aed1_040_090_05_00	サンタ	/sound/voice/Aed1_040_090_05_00_00.ogg | /sound/voice/Aed1_040_090_05_00_01.ogg	monotonic_tfidf	high	selected	1	same
aed1.fsb.txt	1226	324	セブン	Aed1_040_100_01_00	セブン	/sound/voice/Aed1_040_100_01_00_00.ogg	unique_exact_anchor	exact	selected	1	same
aed1.fsb.txt	1228	325	セブン	Aed1_040_100_02_00	セブン	/sound/voice/Aed1_040_100_02_00_00.ogg	unique_exact_anchor	exact	selected	1	same
aed1.fsb.txt	1254	330	セブン	Aed1_040_120_02_00	セブン	/sound/voice/Aed1_040_120_02_00_00.ogg	unique_exact_anchor	exact	selected	1	same
aed1.fsb.txt	1264	334	セブン	Aed1_040_130_02_00	セブン	/sound/voice/Aed1_040_130_02_00_00.ogg	unique_exact_anchor	exact	selected	1	same
aed1.fsb.txt	1273	336	八代	Aed1_040_140_01_00	八代	/sound/voice/Aed1_040_140_01_00_00.ogg	unique_exact_anchor	exact	selected	1	same
aed1.fsb.txt	1275	337	セブン	Aed1_040_140_02_00	セブン	/sound/voice/Aed1_040_140_02_00_00.ogg	unique_exact_anchor	exact	selected	1	same
aed1.fsb.txt	1295	341	サンタ	Aed1_050_010_02_00	サンタ	/sound/voice/Aed1_050_010_02_00_00.ogg	unique_exact_anchor	exact	selected	1	same
aed1.fsb.txt	1297	342	サンタ	Aed1_050_010_03_00	サンタ	/sound/voice/Aed1_050_010_03_00_00.ogg	unique_exact_anchor	exact	selected	1	same
aed1.fsb.txt	1299	343	サンタ	Aed1_050_010_04_00	サンタ	/sound/voice/Aed1_050_010_04_00_00.ogg	unique_exact_anchor	exact	selected	1	same
aed1.fsb.txt	1302	344	サンタ	Aed1_050_020_01_00	サンタ	/sound/voice/Aed1_050_020_01_00_00.ogg	monotonic_tfidf	medium	selected	1	same
aed1.fsb.txt	1304	345	サンタ	Aed1_050_020_02_00	サンタ	/sound/voice/Aed1_050_020_02_00_00.ogg	unique_exact_anchor	exact	selected	1	same
aed1.fsb.txt	1306	346	サンタ	Aed1_050_020_03_00	サンタ	/sound/voice/Aed1_050_020_03_00_00.ogg	unique_exact_anchor	exact	selected	1	same
aed1.fsb.txt	1309	347	サンタ	Aed1_050_030_02_10	サンタ	/sound/voice/Aed1_050_030_02_10_00.ogg	unique_exact_anchor	exact	selected	1	same
aed1.fsb.txt	1311	348	サンタ	Aed1_050_030_03_00	サンタ	/sound/voice/Aed1_050_030_03_00_00.ogg	unique_exact_anchor	exact	selected	1	same
aed1.fsb.txt	1316	350	サンタ	Aed1_050_040_01_00	サンタ	/sound/voice/Aed1_050_040_01_00_00.ogg	unique_exact_anchor	exact	selected	1	same
aed1.fsb.txt	1321	352	サンタ	Aed1_050_041_02_10	サンタ	/sound/voice/Aed1_050_041_02_10_00.ogg	unique_exact_anchor	exact	selected	1	same
aed1.fsb.txt	1323	353	サンタ	Aed1_050_041_04_10	サンタ	/sound/voice/Aed1_050_041_04_10_00.ogg	unique_exact_anchor	exact	selected	1	same
aed1.fsb.txt	1328	355	サンタ	Aed1_050_050_02_20	サンタ	/sound/voice/Aed1_050_050_02_20_00.ogg	monotonic_tfidf	high	selected	1	same
aed1.fsb.txt	1330	356	サンタ	Aed1_050_050_03_00	サンタ	/sound/voice/Aed1_050_050_03_00_00.ogg	unique_exact_anchor	exact	selected	1	same
aed1.fsb.txt	1333	357	サンタ	Aed1_050_060_01_00	サンタ	/sound/voice/Aed1_050_060_01_00_00.ogg | /sound/voice/Aed1_050_060_01_00_01.ogg	monotonic_tfidf	high	selected	1	same
aed1.fsb.txt	1335	358	サンタ	Aed1_050_060_02_00	サンタ	/sound/voice/Aed1_050_060_02_00_00.ogg	unique_exact_anchor	exact	selected	1	same
aed1.fsb.txt	1337	359	サンタ	Aed1_050_060_03_00	サンタ	/sound/voice/Aed1_050_060_03_00_00.ogg	unique_exact_anchor	exact	selected	1	same
aed1.fsb.txt	1339	360	サンタ	Aed1_050_060_04_00	サンタ	/sound/voice/Aed1_050_060_04_00_00.ogg	unique_exact_anchor	exact	selected	1	same
aed1.fsb.txt	1344	362	サンタ	Aed1_050_070_01_00	サンタ	/sound/voice/Aed1_050_070_01_00_00.ogg	unique_exact_anchor	exact	selected	1	same
aed1.fsb.txt	1346	363	サンタ	Aed1_050_070_02_00	サンタ	/sound/voice/Aed1_050_070_02_00_00.ogg	unique_exact_anchor	exact	selected	1	same
aed1.fsb.txt	1349	364	淳平	Aed1_050_070_03_00	淳平	/sound/voice/Aed1_050_070_03_00_00.ogg	unique_exact_anchor	exact	selected	1	same
aed1.fsb.txt	1351	365	サンタ	Aed1_050_070_04_00	サンタ	/sound/voice/Aed1_050_070_04_00_00.ogg	unique_exact_anchor	exact	selected	1	same
aed1.fsb.txt	1353	366	サンタ	Aed1_050_070_05_00	サンタ	/sound/voice/Aed1_050_070_05_00_00.ogg	unique_exact_anchor	exact	selected	1	same
aed1.fsb.txt	1356	367	サンタ	Aed1_050_080_01_00	サンタ	/sound/voice/Aed1_050_080_01_00_00.ogg	unique_exact_anchor	exact	selected	1	same
aed1.fsb.txt	1358	368	サンタ	Aed1_050_080_02_00	サンタ	/sound/voice/Aed1_050_080_02_00_00.ogg	unique_exact_anchor	exact	selected	1	same
aed1.fsb.txt	1360	369	サンタ	Aed1_050_080_03_00	サンタ	/sound/voice/Aed1_050_080_03_00_00.ogg	unique_exact_anchor	exact	selected	1	same
aed1.fsb.txt	1363	370	サンタ	Aed1_050_090_01_00	サンタ	/sound/voice/Aed1_050_090_01_00_00.ogg	unique_exact_anchor	exact	selected	1	same
aed1.fsb.txt	1365	371	サンタ	Aed1_050_090_02_00	サンタ	/sound/voice/Aed1_050_090_02_00_00.ogg	unique_exact_anchor	exact	selected	1	same
aed1.fsb.txt	1367	372	淳平	Aed1_050_090_03_00	淳平	/sound/voice/Aed1_050_090_03_00_00.ogg	unique_exact_anchor	exact	selected	1	same
aed1.fsb.txt	1369	373	淳平	Aed1_050_090_04_00	淳平	/sound/voice/Aed1_050_090_04_00_00.ogg	unique_exact_anchor	exact	selected	1	same
aed2.fsb.txt	38	3	四葉	Aed2_010_020_04_00	四葉	/sound/voice/Aed2_010_020_04_00_00.ogg	unique_exact_anchor	exact	selected	1	same
aed2.fsb.txt	49	6	サンタ	Aed2_010_030_03_00	サンタ	/sound/voice/Aed2_010_030_03_00_00.ogg	unique_exact_anchor	exact	selected	1	same
aed2.fsb.txt	62	10	サンタ	Aed2_010_040_04_00	サンタ	/sound/voice/Aed2_010_040_04_00_00.ogg	unique_exact_anchor	exact	selected	1	same
aed2.fsb.txt	83	15	淳平	Aed2_010_060_01_00	淳平	/sound/voice/Aed2_010_060_01_00_00.ogg	monotonic_tfidf	high	selected	1	same
aed2.fsb.txt	87	17	サンタ	Aed2_010_060_04_00	サンタ	/sound/voice/Aed2_010_060_04_00_00.ogg	unique_exact_anchor	exact	selected	1	same
aed2.fsb.txt	89	18	サンタ	Aed2_010_060_05_00	サンタ	/sound/voice/Aed2_010_060_05_00_00.ogg	unique_exact_anchor	exact	selected	1	same
aed2.fsb.txt	124	27	淳平	Aed2_010_090_02_00	淳平	/sound/voice/Aed2_010_090_02_00_00.ogg	unique_exact_anchor	exact	selected	1	same
aed2.fsb.txt	133	28	八代	Aed2_010_100_01_00	八代	/sound/voice/Aed2_010_100_01_00_00.ogg	unique_exact_anchor	exact	selected	1	same
aed2.fsb.txt	141	29	ニルス２	Aed2_010_100_02_00	ニルス２	/sound/voice/Aed2_010_100_02_00_00.ogg	unique_exact_anchor	exact	selected	1	same
aed2.fsb.txt	145	30	セブン	Aed2_010_100_03_00	セブン	/sound/voice/Aed2_010_100_03_00_00.ogg	unique_exact_anchor	exact	selected	1	same
aed2.fsb.txt	150	31	四葉	Aed2_010_110_01_00	四葉	/sound/voice/Aed2_010_110_01_00_00.ogg	unique_exact_anchor	exact	selected	1	same
aed2.fsb.txt	152	32	セブン	Aed2_010_110_02_00	セブン	/sound/voice/Aed2_010_110_02_00_00.ogg	unique_exact_anchor	exact	selected	1	same
aed2.fsb.txt	156	33	ニルス２	Aed2_010_110_03_00	ニルス２	/sound/voice/Aed2_010_110_03_00_00.ogg	unique_exact_anchor	exact	selected	1	same
aed2.fsb.txt	160	34	八代	Aed2_010_110_04_00	八代	/sound/voice/Aed2_010_110_04_00_00.ogg	unique_exact_anchor	exact	selected	1	same
aed2.fsb.txt	190	42	四葉	Aed2_010_140_03_00	四葉	/sound/voice/Aed2_010_140_03_00_00.ogg	unique_exact_anchor	exact	selected	1	same
aed2.fsb.txt	211	47	セブン	Aed2_010_160_02_00	セブン	/sound/voice/Aed2_010_160_02_00_00.ogg	unique_exact_anchor	exact	selected	1	same
aed2.fsb.txt	237	53	セブン	Aed2_010_180_04_00	セブン	/sound/voice/Aed2_010_180_04_00_00.ogg	unique_exact_anchor	exact	selected	1	same
aed2.fsb.txt	250	56	八代	Aed2_010_190_02_00	八代	/sound/voice/Aed2_010_190_02_00_00.ogg	unique_exact_anchor	exact	selected	1	same
aed2.fsb.txt	252	57	淳平	Aed2_010_190_03_00	淳平	/sound/voice/Aed2_010_190_03_00_00.ogg	unique_exact_anchor	exact	selected	1	same
aed2.fsb.txt	254	58	セブン	Aed2_010_190_04_00	セブン	/sound/voice/Aed2_010_190_04_00_00.ogg	unique_exact_anchor	exact	selected	1	same
aed2.fsb.txt	258	59	八代	Aed2_010_200_01_00	八代	/sound/voice/Aed2_010_200_01_00_00.ogg	unique_exact_anchor	exact	selected	1	same
aed2.fsb.txt	266	60	セブン	Aed2_010_200_02_00	セブン	/sound/voice/Aed2_010_200_02_00_00.ogg	unique_exact_anchor	exact	selected	1	same
aed2.fsb.txt	274	63	セブン	Aed2_010_210_01_00	セブン	/sound/voice/Aed2_010_210_01_00_00.ogg | /sound/voice/Aed2_010_210_01_00_01.ogg	monotonic_tfidf	high	selected	1	same
aed2.fsb.txt	277	64	セブン	Aed2_010_210_02_00	セブン	/sound/voice/Aed2_010_210_02_00_00.ogg	unique_exact_anchor	exact	selected	1	same
aed2.fsb.txt	281	66	八代	Aed2_010_210_04_00	八代	/sound/voice/Aed2_010_210_04_00_00.ogg	unique_exact_anchor	exact	selected	1	same
aed2.fsb.txt	283	67	セブン	Aed2_010_210_05_00	セブン	/sound/voice/Aed2_010_210_05_00_00.ogg	unique_exact_anchor	exact	selected	1	same
aed2.fsb.txt	285	68	セブン	Aed2_010_210_06_00	セブン	/sound/voice/Aed2_010_210_06_00_00.ogg	unique_exact_anchor	exact	selected	1	same
aed2.fsb.txt	288	69	八代	Aed2_010_220_01_00	八代	/sound/voice/Aed2_010_220_01_00_00.ogg	unique_exact_anchor	exact	selected	1	same
aed2.fsb.txt	291	70	セブン	Aed2_010_220_02_00	セブン	/sound/voice/Aed2_010_220_02_00_00.ogg	unique_exact_anchor	exact	selected	1	same
aed2.fsb.txt	293	71	八代	Aed2_010_220_03_00	八代	/sound/voice/Aed2_010_220_03_00_00.ogg	unique_exact_anchor	exact	selected	1	same
aed2.fsb.txt	296	72	淳平	Aed2_010_230_01_00	淳平	/sound/voice/Aed2_010_230_01_00_00.ogg	unique_exact_anchor	exact	selected	1	same
aed2.fsb.txt	298	73	四葉	Aed2_010_230_02_00	四葉	/sound/voice/Aed2_010_230_02_00_00.ogg	unique_exact_anchor	exact	selected	1	same
aed2.fsb.txt	300	74	ニルス２	Aed2_010_230_03_00	ニルス２	/sound/voice/Aed2_010_230_03_00_00.ogg	monotonic_tfidf	high	selected	1	same
aed2.fsb.txt	303	75	八代	Aed2_010_230_04_00	八代	/sound/voice/Aed2_010_230_04_00_00.ogg	unique_exact_anchor	exact	selected	1	same
aed2.fsb.txt	309	77	ニルス２	Aed2_010_230_06_00	ニルス２	/sound/voice/Aed2_010_230_06_00_00.ogg	unique_exact_anchor	exact	selected	1	same
aed2.fsb.txt	312	78	淳平	Aed2_010_240_01_00	淳平	/sound/voice/Aed2_010_240_01_00_00.ogg	unique_exact_anchor	exact	selected	1	same
aed2.fsb.txt	314	79	ニルス２	Aed2_010_240_02_00	ニルス２	/sound/voice/Aed2_010_240_02_00_00.ogg	unique_exact_anchor	exact	selected	1	same
aed2.fsb.txt	322	80	四葉	Aed2_010_240_03_00	四葉	/sound/voice/Aed2_010_240_03_00_00.ogg	unique_exact_anchor	exact	selected	1	same
aed2.fsb.txt	325	81	ニルス２	Aed2_010_250_01_00	ニルス２	/sound/voice/Aed2_010_250_01_00_00.ogg	unique_exact_anchor	exact	selected	1	same
aed2.fsb.txt	327	82	ニルス２	Aed2_010_250_02_00	ニルス２	/sound/voice/Aed2_010_250_02_00_00.ogg	unique_exact_anchor	exact	selected	1	same
aed2.fsb.txt	329	83	ニルス２	Aed2_010_250_03_00	ニルス２	/sound/voice/Aed2_010_250_03_00_00.ogg	unique_exact_anchor	exact	selected	1	same
aed2.fsb.txt	331	84	淳平	Aed2_010_250_04_00	淳平	/sound/voice/Aed2_010_250_04_00_00.ogg	unique_exact_anchor	exact	selected	1	same
aed2.fsb.txt	350	85	一宮	Aed2_010_260_01_00	一宮	/sound/voice/Aed2_010_260_01_00_00.ogg	unique_exact_anchor	exact	selected	1	same
aed2.fsb.txt	352	86	一宮	Aed2_010_260_02_00	一宮	/sound/voice/Aed2_010_260_02_00_00.ogg	unique_exact_anchor	exact	selected	1	same
aed2.fsb.txt	354	87	一宮	Aed2_010_260_03_00	一宮	/sound/voice/Aed2_010_260_03_00_00.ogg	unique_exact_anchor	exact	selected	1	same
aed2.fsb.txt	361	88	ニルス２	Aed2_010_270_01_00	ニルス２	/sound/voice/Aed2_010_270_01_00_00.ogg	unique_exact_anchor	exact	selected	1	same
aed2.fsb.txt	369	89	セブン	Aed2_010_270_02_00	セブン	/sound/voice/Aed2_010_270_02_00_00.ogg	unique_exact_anchor	exact	selected	1	same
aed2.fsb.txt	371	90	ニルス２	Aed2_010_270_03_00	ニルス２	/sound/voice/Aed2_010_270_03_00_00.ogg	unique_exact_anchor	exact	selected	1	same
aed2.fsb.txt	408	95	四葉	Aed2_010_270_08_00	四葉	/sound/voice/Aed2_010_270_08_00_00.ogg	unique_exact_anchor	exact	selected	1	same
aed2.fsb.txt	411	96	セブン	Aed2_010_270_09_00	セブン	/sound/voice/Aed2_010_270_09_00_00.ogg	unique_exact_anchor	exact	selected	1	same
aed2.fsb.txt	420	97	ニルス２	Aed2_010_280_01_00	ニルス２	/sound/voice/Aed2_010_280_01_00_00.ogg	unique_exact_anchor	exact	selected	1	same
aed2.fsb.txt	422	98	淳平	Aed2_010_280_02_00	淳平	/sound/voice/Aed2_010_280_02_00_00.ogg	unique_exact_anchor	exact	selected	1	same
aed2.fsb.txt	424	99	ニルス２	Aed2_010_280_03_00	ニルス２	/sound/voice/Aed2_010_280_03_00_00.ogg	unique_exact_anchor	exact	selected	1	same
aed2.fsb.txt	1178	293	放送	Aed2_015_720_02_00	放送	/sound/voice/Aed2_015_720_02_00_00.ogg	monotonic_tfidf	high	selected	1	same
aed2.fsb.txt	1180	294	放送	Aed2_015_720_03_00	放送	/sound/voice/Aed2_015_720_03_00_00.ogg	unique_exact_anchor	exact	selected	1	same
aed2.fsb.txt	1183	295	放送	Aed2_015_720_04_00	放送	/sound/voice/Aed2_015_720_04_00_00.ogg	unique_exact_anchor	exact	selected	1	same
aed2.fsb.txt	1191	297	四葉	Aed2_020_010_02_00	四葉	/sound/voice/Aed2_020_010_02_00_00.ogg	unique_exact_anchor	exact	selected	1	same
aed2.fsb.txt	1193	298	淳平	Aed2_020_010_03_00	淳平	/sound/voice/Aed2_020_010_03_00_00.ogg	unique_exact_anchor	exact	selected	1	same
aed2.fsb.txt	1202	299	ニルス２	Aed2_020_020_01_00	ニルス２	/sound/voice/Aed2_020_020_01_00_00.ogg	unique_exact_anchor	exact	selected	1	same
aed2.fsb.txt	1206	300	セブン	Aed2_020_020_02_00	セブン	/sound/voice/Aed2_020_020_02_00_00.ogg	unique_exact_anchor	exact	selected	1	same
aed2.fsb.txt	1210	301	八代	Aed2_020_020_03_00	八代	/sound/voice/Aed2_020_020_03_00_00.ogg	monotonic_tfidf	high	selected	1	same
aed2.fsb.txt	1213	302	八代	Aed2_020_030_01_00	八代	/sound/voice/Aed2_020_030_01_00_00.ogg	monotonic_tfidf	high	selected	1	same
aed2.fsb.txt	1224	307	淳平	Aed2_020_040_01_00	淳平	/sound/voice/Aed2_020_040_01_00_00.ogg	monotonic_tfidf	high	selected	1	same
aed2.fsb.txt	1226	308	淳平	Aed2_020_040_02_00	淳平	/sound/voice/Aed2_020_040_02_00_00.ogg	unique_exact_anchor	exact	selected	1	same
aed2.fsb.txt	1228	309	八代	Aed2_020_040_03_00	八代	/sound/voice/Aed2_020_040_03_00_00.ogg	unique_exact_anchor	exact	selected	1	same
aed2.fsb.txt	1238	310	放送	Aed2_020_050_02_00	放送	/sound/voice/Aed2_020_050_02_00_00.ogg	monotonic_tfidf	review	selected	1	same
aed2.fsb.txt	1240	311	放送	Aed2_020_050_03_00	放送	/sound/voice/Aed2_020_050_03_00_00.ogg	unique_exact_anchor	exact	selected	1	same
aed2.fsb.txt	1249	312	四葉	Aed2_020_060_01_00	四葉	/sound/voice/Aed2_020_060_01_00_00.ogg	unique_exact_anchor	exact	selected	1	same
aed2.fsb.txt	1252	313	八代	Aed2_020_060_02_00	八代	/sound/voice/Aed2_020_060_02_00_00.ogg	unique_exact_anchor	exact	selected	1	same
aed2.fsb.txt	1254	314	四葉	Aed2_020_060_03_00	四葉	/sound/voice/Aed2_020_060_03_00_00.ogg	unique_exact_anchor	exact	selected	1	same
aed2.fsb.txt	1257	315	八代	Aed2_020_070_01_00	八代	/sound/voice/Aed2_020_070_01_00_00.ogg	unique_exact_anchor	exact	selected	1	same
aed2.fsb.txt	1259	316	八代	Aed2_020_070_02_00	八代	/sound/voice/Aed2_020_070_02_00_00.ogg	unique_exact_anchor	exact	selected	1	same
aed2.fsb.txt	1261	317	八代	Aed2_020_070_03_00	八代	/sound/voice/Aed2_020_070_03_00_00.ogg	unique_exact_anchor	exact	selected	1	same
aed2.fsb.txt	1265	318	セブン	Aed2_020_070_04_00	セブン	/sound/voice/Aed2_020_070_04_00_00.ogg	unique_exact_anchor	exact	selected	1	same
aed2.fsb.txt	1268	319	八代	Aed2_020_080_01_00	八代	/sound/voice/Aed2_020_080_01_00_00.ogg	unique_exact_anchor	exact	selected	1	same
aed2.fsb.txt	1270	320	セブン	Aed2_020_080_02_00	セブン	/sound/voice/Aed2_020_080_02_00_00.ogg	unique_exact_anchor	exact	selected	1	same
aed2.fsb.txt	1272	321	八代	Aed2_020_080_03_00	八代	/sound/voice/Aed2_020_080_03_00_00.ogg	unique_exact_anchor	exact	selected	1	same
aed2.fsb.txt	1277	322	ニルス２	Aed2_020_090_01_00	ニルス２	/sound/voice/Aed2_020_090_01_00_00.ogg	unique_exact_anchor	exact	selected	1	same
aed2.fsb.txt	1279	323	八代	Aed2_020_090_02_00	八代	/sound/voice/Aed2_020_090_02_00_00.ogg	unique_exact_anchor	exact	selected	1	same
aed2.fsb.txt	1281	324	ニルス２	Aed2_020_090_03_00	ニルス２	/sound/voice/Aed2_020_090_03_00_00.ogg	unique_exact_anchor	exact	selected	1	same
aed2.fsb.txt	1300	329	淳平	Aed2_020_110_02_00	淳平	/sound/voice/Aed2_020_110_02_00_00.ogg	unique_exact_anchor	exact	selected	1	same
aed2.fsb.txt	1390	348	放送	Aed2_030_020_04_00	放送	/sound/voice/Aed2_030_020_04_00_00.ogg	monotonic_tfidf	review	selected	1	same
aed2.fsb.txt	1392	349	放送	Aed2_030_020_05_00	放送	/sound/voice/Aed2_030_020_05_00_00.ogg	unique_exact_anchor	exact	selected	1	same
aed2.fsb.txt	1404	354	八代	Aed2_030_040_01_00	八代	/sound/voice/Aed2_030_040_01_00_00.ogg	unique_exact_anchor	exact	selected	1	same
aed2.fsb.txt	1416	356	八代	Aed2_030_050_02_00	八代	/sound/voice/Aed2_030_050_02_00_00.ogg	unique_exact_anchor	exact	selected	1	same
aed2.fsb.txt	1418	357	八代	Aed2_030_050_03_00	八代	/sound/voice/Aed2_030_050_03_00_00.ogg	unique_exact_anchor	exact	selected	1	same
aed2.fsb.txt	1441	361	四葉	Aed2_030_080_01_00	四葉	/sound/voice/Aed2_030_080_01_00_00.ogg	unique_exact_anchor	exact	selected	1	same
aed2.fsb.txt	1445	363	八代	Aed2_030_080_03_00	八代	/sound/voice/Aed2_030_080_03_00_00.ogg	unique_exact_anchor	exact	selected	1	same
aed2.fsb.txt	1453	366	四葉	Aed2_030_090_03_00	四葉	/sound/voice/Aed2_030_090_03_00_00.ogg	unique_exact_anchor	exact	selected	1	same
aed2.fsb.txt	1457	367	八代	Aed2_030_100_01_00	八代	/sound/voice/Aed2_030_100_01_00_00.ogg	unique_exact_anchor	exact	selected	1	same
aed2.fsb.txt	1473	370	放送	Aed2_030_110_01_00	放送	/sound/voice/Aed2_030_110_01_00_00.ogg	monotonic_tfidf	review	selected	1	same
aed2.fsb.txt	1475	371	放送	Aed2_030_110_02_00	放送	/sound/voice/Aed2_030_110_02_00_00.ogg	unique_exact_anchor	exact	selected	1	same
aed2.fsb.txt	1835	452	淳平	Aed2_040_010_01_00	淳平	/sound/voice/Aed2_040_010_01_00_00.ogg	monotonic_tfidf	exact	selected	1	same
aed2.fsb.txt	1837	453	セブン	Aed2_040_010_03_00	セブン	/sound/voice/Aed2_040_010_03_00_00.ogg	unique_exact_anchor	exact	selected	1	same
aed2.fsb.txt	1839	454	八代	Aed2_040_010_04_00	八代	/sound/voice/Aed2_040_010_04_00_00.ogg	unique_exact_anchor	exact	selected	1	same
aed2.fsb.txt	1841	455	淳平	Aed2_040_010_05_00	淳平	/sound/voice/Aed2_040_010_05_00_00.ogg	unique_exact_anchor	exact	selected	1	same
aed2.fsb.txt	1867	462	淳平	Aed2_040_040_01_00	淳平	/sound/voice/Aed2_040_040_01_00_00.ogg	unique_exact_anchor	exact	selected	1	same
aed2.fsb.txt	1878	467	淳平	Aed2_040_050_03_00	淳平	/sound/voice/Aed2_040_050_03_00_00.ogg	monotonic_tfidf	high	selected	1	same
aed2.fsb.txt	1906	477	淳平	Aed2_040_080_04_00	淳平	/sound/voice/Aed2_040_080_04_00_00.ogg	monotonic_tfidf	exact	selected	1	same
aed2.fsb.txt	1917	481	淳平	Aed2_040_090_03_30	淳平	/sound/voice/Aed2_040_090_03_30_00.ogg	unique_exact_anchor	exact	selected	1	same
aed2.fsb.txt	1939	487	放送	Aed2_040_110_01_00	放送	/sound/voice/Aed2_040_110_01_00_00.ogg	monotonic_tfidf	review	selected	1	same
aed2.fsb.txt	1960	491	淳平	Aed2_040_130_02_00	淳平	/sound/voice/Aed2_040_130_02_00_00.ogg	unique_exact_anchor	exact	selected	1	same
aed2.fsb.txt	2051	513	放送	Aed2_040_210_01_00	放送	/sound/voice/Aed2_040_210_01_00_00.ogg	monotonic_tfidf	review	selected	1	same
aed2.fsb.txt	2060	516	淳平	Aed2_040_220_01_00	淳平	/sound/voice/Aed2_040_220_01_00_00.ogg	unique_exact_anchor	exact	selected	1	same
aed2.fsb.txt	2062	517	淳平	Aed2_040_220_02_00	淳平	/sound/voice/Aed2_040_220_02_00_00.ogg	unique_exact_anchor	exact	selected	1	same
aed2.fsb.txt	2064	518	淳平	Aed2_040_220_03_00	淳平	/sound/voice/Aed2_040_220_03_00_00.ogg	unique_exact_anchor	exact	selected	1	same
aed2.fsb.txt	2109	529	八代	Aed2_040_260_01_00	八代	/sound/voice/Aed2_040_260_01_00_00.ogg	unique_exact_anchor	exact	selected	1	same
aed2.fsb.txt	2111	530	淳平	Aed2_040_260_02_00	淳平	/sound/voice/Aed2_040_260_02_00_00.ogg	unique_exact_anchor	exact	selected	1	same
aed2.fsb.txt	2149	542	淳平	Aed2_040_310_10_00	淳平	/sound/voice/Aed2_040_310_10_00_00.ogg	unique_exact_anchor	exact	selected	1	same
aed2.fsb.txt	2184	543	淳平	Aed2_050_010_01_00	淳平	/sound/voice/Aed2_050_010_01_00_00.ogg	unique_exact_anchor	exact	selected	1	same
aed2.fsb.txt	2186	544	淳平	Aed2_050_010_02_00	淳平	/sound/voice/Aed2_050_010_02_00_00.ogg	unique_exact_anchor	exact	selected	1	same
aed2.fsb.txt	2195	546	淳平	Aed2_050_030_01_00	淳平	/sound/voice/Aed2_050_030_01_00_00.ogg	unique_exact_anchor	exact	selected	1	same
aed2.fsb.txt	2258	560	淳平	Aed2_050_080_02_00	淳平	/sound/voice/Aed2_050_080_02_00_00.ogg	monotonic_tfidf	exact	selected	1	same
aed2.fsb.txt	2278	566	淳平	Aed2_050_100_01_00	淳平	/sound/voice/Aed2_050_100_01_00_00.ogg	unique_exact_anchor	exact	selected	1	same
aed2.fsb.txt	2280	567	淳平	Aed2_050_100_02_00	淳平	/sound/voice/Aed2_050_100_02_00_00.ogg	unique_exact_anchor	exact	selected	1	same
aed2.fsb.txt	2304	573	淳平	Aed2_060_010_01_00	淳平	/sound/voice/Aed2_060_010_01_00_00.ogg	unique_exact_anchor	exact	selected	1	same
aed2.fsb.txt	2312	576	セブン	Aed2_060_020_02_00	セブン	/sound/voice/Aed2_060_020_02_00_00.ogg	unique_exact_anchor	exact	selected	1	same
aed2.fsb.txt	2315	577	八代	Aed2_060_020_03_00	八代	/sound/voice/Aed2_060_020_03_00_00.ogg	unique_exact_anchor	exact	selected	1	same
aed2.fsb.txt	2317	578	淳平	Aed2_060_020_04_00	淳平	/sound/voice/Aed2_060_020_04_00_00.ogg	unique_exact_anchor	exact	selected	1	same
aed2.fsb.txt	2341	584	放送	Aed2_060_050_01_00	放送	/sound/voice/Aed2_060_050_01_00_00.ogg	monotonic_tfidf	review	selected	1	same
aed2.fsb.txt	2343	585	放送	Aed2_060_050_02_00	放送	/sound/voice/Aed2_060_050_02_00_00.ogg	unique_exact_anchor	exact	selected	1	same
aed2.fsb.txt	2355	588	四葉	Aed2_060_060_03_00	四葉	/sound/voice/Aed2_060_060_03_00_00.ogg	unique_exact_anchor	exact	selected	1	same
aed2.fsb.txt	2359	589	ニルス２	Aed2_060_060_04_00	ニルス２	/sound/voice/Aed2_060_060_04_00_00.ogg	unique_exact_anchor	exact	selected	1	same
aed2.fsb.txt	2361	590	淳平	Aed2_060_060_05_00	淳平	/sound/voice/Aed2_060_060_05_00_00.ogg	unique_exact_anchor	exact	selected	1	same
aed2.fsb.txt	2393	596	放送	Aed2_060_080_02_00	放送	/sound/voice/Aed2_060_080_02_00_00.ogg	monotonic_tfidf	review	selected	1	same
aed2.fsb.txt	2395	597	放送	Aed2_060_080_03_00	放送	/sound/voice/Aed2_060_080_03_00_00.ogg	unique_exact_anchor	exact	selected	1	same
aed2.fsb.txt	2454	609	放送	Aed2_060_140_01_00	放送	/sound/voice/Aed2_060_140_01_00_00.ogg	monotonic_tfidf	review	selected	1	same
aed2.fsb.txt	2456	610	放送	Aed2_060_140_02_00	放送	/sound/voice/Aed2_060_140_02_00_00.ogg	unique_exact_anchor	exact	selected	1	same
aed2.fsb.txt	2458	611	淳平	Aed2_060_140_03_00	淳平	/sound/voice/Aed2_060_140_03_00_00.ogg	unique_exact_anchor	exact	selected	1	same
aed2.fsb.txt	2472	615	淳平	Aed2_060_150_02_00	淳平	/sound/voice/Aed2_060_150_02_00_00.ogg	unique_exact_anchor	exact	selected	1	same
aed2.fsb.txt	2475	616	ニルス２	Aed2_060_150_03_00	ニルス２	/sound/voice/Aed2_060_150_03_00_00.ogg	unique_exact_anchor	exact	selected	1	same
aed2.fsb.txt	2479	617	セブン	Aed2_060_160_01_00	セブン	/sound/voice/Aed2_060_160_01_00_00.ogg	unique_exact_anchor	exact	selected	1	same
aed2.fsb.txt	2483	618	四葉	Aed2_060_160_02_00	四葉	/sound/voice/Aed2_060_160_02_00_00.ogg	unique_exact_anchor	exact	selected	1	same
aed2.fsb.txt	2485	619	淳平	Aed2_060_160_03_00	淳平	/sound/voice/Aed2_060_160_03_00_00.ogg	unique_exact_anchor	exact	selected	1	same
aed2.fsb.txt	2490	620	八代	Aed2_060_170_01_00	八代	/sound/voice/Aed2_060_170_01_00_00.ogg	unique_exact_anchor	exact	selected	1	same
aed2.fsb.txt	2492	621	淳平	Aed2_060_170_02_00	淳平	/sound/voice/Aed2_060_170_02_00_00.ogg	unique_exact_anchor	exact	selected	1	same
aed2.fsb.txt	2504	623	放送	Aed2_060_180_01_00	放送	/sound/voice/Aed2_060_180_01_00_00.ogg	monotonic_tfidf	review	selected	1	same
aed2.fsb.txt	2506	624	放送	Aed2_060_180_02_00	放送	/sound/voice/Aed2_060_180_02_00_00.ogg	unique_exact_anchor	exact	selected	1	same
aed2.fsb.txt	2508	625	放送	Aed2_060_180_03_00	放送	/sound/voice/Aed2_060_180_03_00_00.ogg	unique_exact_anchor	exact	selected	1	same
aed2.fsb.txt	2517	626	放送	Aed2_060_180_04_00	放送	/sound/voice/Aed2_060_180_04_00_00.ogg	unique_exact_anchor	exact	selected	1	same
aed2.fsb.txt	2523	627	放送	Aed2_060_180_05_00	放送	/sound/voice/Aed2_060_180_05_00_00.ogg	unique_exact_anchor	exact	selected	1	same
aed2.fsb.txt	2529	628	放送	Aed2_060_180_06_00	放送	/sound/voice/Aed2_060_180_06_00_00.ogg	unique_exact_anchor	exact	selected	1	same
aed2.fsb.txt	2535	629	放送	Aed2_060_180_07_00	放送	/sound/voice/Aed2_060_180_07_00_00.ogg	monotonic_tfidf	review	selected	1	same
aed2.fsb.txt	2541	630	放送	Aed2_060_180_08_00	放送	/sound/voice/Aed2_060_180_08_00_00.ogg	monotonic_tfidf	review	selected	1	same
aed2.fsb.txt	2551	631	放送	Aed2_060_190_01_00	放送	/sound/voice/Aed2_060_190_01_00_00.ogg	unique_exact_anchor	exact	selected	1	same
aed2.fsb.txt	2553	632	放送	Aed2_060_190_02_00	放送	/sound/voice/Aed2_060_190_02_00_00.ogg	unique_exact_anchor	exact	selected	1	same
aed2.fsb.txt	2563	635	淳平	Aed2_060_200_01_00	淳平	/sound/voice/Aed2_060_200_01_00_00.ogg	unique_exact_anchor	exact	selected	1	same
aed2.fsb.txt	2629	642	四葉	Aed2_060_230_01_00	四葉	/sound/voice/Aed2_060_230_01_00_00.ogg	monotonic_tfidf	exact	selected	1	same
aed2.fsb.txt	2631	643	八代	Aed2_060_230_02_00	八代	/sound/voice/Aed2_060_230_02_00_00.ogg	unique_exact_anchor	exact	selected	1	same
aed2.fsb.txt	2633	644	ニルス２	Aed2_060_230_03_00	ニルス２	/sound/voice/Aed2_060_230_03_00_00.ogg	unique_exact_anchor	exact	selected	1	same
aed2.fsb.txt	2640	645	セブン	Aed2_060_240_01_00	セブン	/sound/voice/Aed2_060_240_01_00_00.ogg	unique_exact_anchor	exact	selected	1	same
aed2.fsb.txt	2642	646	セブン	Aed2_060_240_02_00	セブン	/sound/voice/Aed2_060_240_02_00_00.ogg	unique_exact_anchor	exact	selected	1	same
aed2.fsb.txt	2644	647	セブン	Aed2_060_240_03_00	セブン	/sound/voice/Aed2_060_240_03_00_00.ogg	unique_exact_anchor	exact	selected	1	same
aed2.fsb.txt	2660	652	淳平	Aed2_060_260_01_00	淳平	/sound/voice/Aed2_060_260_01_00_00.ogg	monotonic_tfidf	high	selected	1	same
aed2.fsb.txt	2844	688	セブン	Aed2_070_020_01_00	セブン	/sound/voice/Aed2_070_020_01_00_00.ogg	unique_exact_anchor	exact	selected	1	same
aed2.fsb.txt	2846	689	淳平	Aed2_070_020_02_00	淳平	/sound/voice/Aed2_070_020_02_00_00.ogg	unique_exact_anchor	exact	selected	1	same
aed2.fsb.txt	2848	690	セブン	Aed2_070_020_03_00	セブン	/sound/voice/Aed2_070_020_03_00_00.ogg	monotonic_tfidf	high	selected	1	same
aed2.fsb.txt	2851	691	八代	Aed2_070_030_01_00	八代	/sound/voice/Aed2_070_030_01_00_00.ogg	unique_exact_anchor	exact	selected	1	same
aed2.fsb.txt	2853	692	八代	Aed2_070_030_02_00	八代	/sound/voice/Aed2_070_030_02_00_00.ogg	unique_exact_anchor	exact	selected	1	same
aed2.fsb.txt	2855	693	八代	Aed2_070_030_03_00	八代	/sound/voice/Aed2_070_030_03_00_00.ogg	unique_exact_anchor	exact	selected	1	same
aed2.fsb.txt	2858	694	淳平	Aed2_070_040_01_00	淳平	/sound/voice/Aed2_070_040_01_00_00.ogg	unique_exact_anchor	exact	selected	1	same
aed2.fsb.txt	2860	695	八代	Aed2_070_040_02_00	八代	/sound/voice/Aed2_070_040_02_00_00.ogg	unique_exact_anchor	exact	selected	1	same
aed2.fsb.txt	2862	696	淳平	Aed2_070_040_03_00	淳平	/sound/voice/Aed2_070_040_03_00_00.ogg	monotonic_tfidf	high	selected	1	same
aed2.fsb.txt	2864	697	セブン	Aed2_070_040_04_00	セブン	/sound/voice/Aed2_070_040_04_00_00.ogg	unique_exact_anchor	exact	selected	1	same
aed2.fsb.txt	2867	698	淳平	Aed2_070_050_01_00	淳平	/sound/voice/Aed2_070_050_01_00_00.ogg	unique_exact_anchor	exact	selected	1	same
aed2.fsb.txt	2869	699	八代	Aed2_070_050_02_00	八代	/sound/voice/Aed2_070_050_02_00_00.ogg	unique_exact_anchor	exact	selected	1	same
aed2.fsb.txt	2871	700	淳平	Aed2_070_050_03_00	淳平	/sound/voice/Aed2_070_050_03_00_00.ogg	unique_exact_anchor	exact	selected	1	same
aed2.fsb.txt	2873	701	セブン	Aed2_070_050_04_00	セブン	/sound/voice/Aed2_070_050_04_00_00.ogg	unique_exact_anchor	exact	selected	1	same
aed2.fsb.txt	2875	702	淳平	Aed2_070_050_05_00	淳平	/sound/voice/Aed2_070_050_05_00_00.ogg	unique_exact_anchor	exact	selected	1	same
aed2.fsb.txt	2877	703	八代	Aed2_070_050_06_00	八代	/sound/voice/Aed2_070_050_06_00_00.ogg	unique_exact_anchor	exact	selected	1	same
aed2.fsb.txt	2880	704	八代	Aed2_070_060_01_00	八代	/sound/voice/Aed2_070_060_01_00_00.ogg	unique_exact_anchor	exact	selected	1	same
aed2.fsb.txt	2882	705	淳平	Aed2_070_060_02_00	淳平	/sound/voice/Aed2_070_060_02_00_00.ogg	unique_exact_anchor	exact	selected	1	same
aed2.fsb.txt	2884	706	淳平	Aed2_070_060_03_00	淳平	/sound/voice/Aed2_070_060_03_00_00.ogg	unique_exact_anchor	exact	selected	1	same
aed2.fsb.txt	2887	707	淳平	Aed2_070_070_01_00	淳平	/sound/voice/Aed2_070_070_01_00_00.ogg	unique_exact_anchor	exact	selected	1	same
aed2.fsb.txt	2889	708	セブン	Aed2_070_070_02_00	セブン	/sound/voice/Aed2_070_070_02_00_00.ogg	unique_exact_anchor	exact	selected	1	same
aed2.fsb.txt	2891	709	淳平	Aed2_070_070_03_00	淳平	/sound/voice/Aed2_070_070_03_00_00.ogg | /sound/voice/Aed2_070_070_03_00_01.ogg	monotonic_tfidf	high	selected	1	same
aed2.fsb.txt	2894	710	淳平	Aed2_070_080_01_00	淳平	/sound/voice/Aed2_070_080_01_00_00.ogg	monotonic_tfidf	high	selected	1	same
aed2.fsb.txt	2896	711	八代	Aed2_070_080_02_00	八代	/sound/voice/Aed2_070_080_02_00_00.ogg	unique_exact_anchor	exact	selected	1	same
aed2.fsb.txt	2898	712	淳平	Aed2_070_080_03_00	淳平	/sound/voice/Aed2_070_080_03_00_00.ogg	unique_exact_anchor	exact	selected	1	same
aed2.fsb.txt	2900	713	八代	Aed2_070_080_04_00	八代	/sound/voice/Aed2_070_080_04_00_00.ogg	unique_exact_anchor	exact	selected	1	same
aed2.fsb.txt	2902	714	八代	Aed2_070_080_05_00	八代	/sound/voice/Aed2_070_080_05_00_00.ogg	unique_exact_anchor	exact	selected	1	same
aed2.fsb.txt	2905	715	八代	Aed2_070_090_01_00	八代	/sound/voice/Aed2_070_090_01_00_00.ogg	unique_exact_anchor	exact	selected	1	same
aed2.fsb.txt	2907	716	セブン	Aed2_070_090_02_00	セブン	/sound/voice/Aed2_070_090_02_00_00.ogg	unique_exact_anchor	exact	selected	1	same
aed2.fsb.txt	2909	717	八代	Aed2_070_090_03_00	八代	/sound/voice/Aed2_070_090_03_00_00.ogg	unique_exact_anchor	exact	selected	1	same
aed2.fsb.txt	2911	718	セブン	Aed2_070_090_04_00	セブン	/sound/voice/Aed2_070_090_04_00_00.ogg	unique_exact_anchor	exact	selected	1	same
aed2.fsb.txt	2914	719	淳平	Aed2_070_100_01_00	淳平	/sound/voice/Aed2_070_100_01_00_00.ogg	unique_exact_anchor	exact	selected	1	same
aed2.fsb.txt	2924	724	八代	Aed2_070_100_06_00	八代	/sound/voice/Aed2_070_100_06_00_00.ogg	unique_exact_anchor	exact	selected	1	same
aed2.fsb.txt	2926	725	セブン	Aed2_070_100_07_00	セブン	/sound/voice/Aed2_070_100_07_00_00.ogg	unique_exact_anchor	exact	selected	1	same
aed2.fsb.txt	2929	726	淳平	Aed2_070_110_01_00	淳平	/sound/voice/Aed2_070_110_01_00_00.ogg	unique_exact_anchor	exact	selected	1	same
aed2.fsb.txt	2941	727	八代	Aed2_070_120_01_00	八代	/sound/voice/Aed2_070_120_01_00_00.ogg	monotonic_tfidf	high	selected	1	same
aed2.fsb.txt	2943	728	セブン	Aed2_070_120_02_00	セブン	/sound/voice/Aed2_070_120_02_00_00.ogg	unique_exact_anchor	exact	selected	1	same
aed2.fsb.txt	2945	729	淳平	Aed2_070_120_03_00	淳平	/sound/voice/Aed2_070_120_03_00_00.ogg	unique_exact_anchor	exact	selected	1	same
aed2.fsb.txt	2947	730	淳平	Aed2_070_120_04_00	淳平	/sound/voice/Aed2_070_120_04_00_00.ogg	unique_exact_anchor	exact	selected	1	same
aed2.fsb.txt	2949	731	淳平	Aed2_070_120_05_00	淳平	/sound/voice/Aed2_070_120_05_00_00.ogg	monotonic_tfidf	high	selected	1	same
aed2.fsb.txt	2997	742	セブン	Aed2_070_170_01_00	セブン	/sound/voice/Aed2_070_170_01_00_00.ogg	unique_exact_anchor	exact	selected	1	same
aed2.fsb.txt	2999	743	八代	Aed2_070_170_02_00	八代	/sound/voice/Aed2_070_170_02_00_00.ogg	unique_exact_anchor	exact	selected	1	same
aed2.fsb.txt	3001	744	四葉	Aed2_070_170_03_00	四葉	/sound/voice/Aed2_070_170_03_00_00.ogg	monotonic_tfidf	exact	selected	1	same
aed2.fsb.txt	3003	745	ニルス２	Aed2_070_170_04_00	ニルス２	/sound/voice/Aed2_070_170_04_00_00.ogg	unique_exact_anchor	exact	selected	1	same
aed2.fsb.txt	3005	746	淳平	Aed2_070_170_05_00	淳平	/sound/voice/Aed2_070_170_05_00_00.ogg	monotonic_tfidf	exact	selected	1	same
aed2.fsb.txt	3018	750	淳平	Aed2_070_190_01_00	淳平	/sound/voice/Aed2_070_190_01_00_00.ogg	unique_exact_anchor	exact	selected	1	same
aed2.fsb.txt	3020	751	セブン	Aed2_070_190_02_00	セブン	/sound/voice/Aed2_070_190_02_00_00.ogg	unique_exact_anchor	exact	selected	1	same
aed2.fsb.txt	3022	752	八代	Aed2_070_190_03_00	八代	/sound/voice/Aed2_070_190_03_00_00.ogg	unique_exact_anchor	exact	selected	1	same
aed2.fsb.txt	3024	753	四葉	Aed2_070_190_04_00	四葉	/sound/voice/Aed2_070_190_04_00_00.ogg	unique_exact_anchor	exact	selected	1	same
aed2.fsb.txt	3026	754	ニルス２	Aed2_070_190_05_00	ニルス２	/sound/voice/Aed2_070_190_05_00_00.ogg	unique_exact_anchor	exact	selected	1	same
aed2.fsb.txt	3142	782	淳平	Aed2_080_030_01_00	淳平	/sound/voice/Aed2_080_030_01_00_00.ogg	unique_exact_anchor	exact	selected	1	same
aed2.fsb.txt	3147	784	八代	Aed2_080_040_01_00	八代	/sound/voice/Aed2_080_040_01_00_00.ogg	unique_exact_anchor	exact	selected	1	same
aed2.fsb.txt	3149	785	セブン	Aed2_080_040_02_00	セブン	/sound/voice/Aed2_080_040_02_00_00.ogg	unique_exact_anchor	exact	selected	1	same
aed2.fsb.txt	3151	786	四葉	Aed2_080_040_03_00	四葉	/sound/voice/Aed2_080_040_03_00_00.ogg	unique_exact_anchor	exact	selected	1	same
aed2.fsb.txt	3161	787	セブン	Aed2_080_050_01_00	セブン	/sound/voice/Aed2_080_050_01_00_00.ogg	unique_exact_anchor	exact	selected	1	same
aed2.fsb.txt	3163	788	四葉	Aed2_080_050_02_00	四葉	/sound/voice/Aed2_080_050_02_00_00.ogg	unique_exact_anchor	exact	selected	1	same
aed2.fsb.txt	3165	789	淳平	Aed2_080_050_03_00	淳平	/sound/voice/Aed2_080_050_03_00_00.ogg	monotonic_tfidf	high	selected	1	same
aed2.fsb.txt	3214	803	淳平	Aed2_080_100_02_00	淳平	/sound/voice/Aed2_080_100_02_00_00.ogg	unique_exact_anchor	exact	selected	1	same
aed3.fsb.txt	104	23	四葉	Aed3_010_040_01_00	四葉	/sound/voice/Aed3_010_040_01_00_00.ogg	unique_exact_anchor	exact	selected	1	same
aed3.fsb.txt	106	24	四葉	Aed3_010_040_02_00	四葉	/sound/voice/Aed3_010_040_02_00_00.ogg	unique_exact_anchor	exact	selected	1	same
aed3.fsb.txt	108	25	淳平	Aed3_010_040_03_00	淳平	/sound/voice/Aed3_010_040_03_00_00.ogg	unique_exact_anchor	exact	selected	1	same
aed3.fsb.txt	110	26	淳平	Aed3_010_040_04_00	淳平	/sound/voice/Aed3_010_040_04_00_00.ogg	unique_exact_anchor	exact	selected	1	same
aed3.fsb.txt	114	27	セブン	Aed3_010_050_01_00	セブン	/sound/voice/Aed3_010_050_01_00_00.ogg	unique_exact_anchor	exact	selected	1	same
aed3.fsb.txt	118	28	ニルス２	Aed3_010_050_02_00	ニルス２	/sound/voice/Aed3_010_050_02_00_00.ogg	unique_exact_anchor	exact	selected	1	same
aed3.fsb.txt	121	29	セブン	Aed3_010_060_01_00	セブン	/sound/voice/Aed3_010_060_01_00_00.ogg	unique_exact_anchor	exact	selected	1	same
aed3.fsb.txt	125	30	四葉	Aed3_010_060_02_00	四葉	/sound/voice/Aed3_010_060_02_00_00.ogg	unique_exact_anchor	exact	selected	1	same
aed3.fsb.txt	127	31	淳平	Aed3_010_060_03_00	淳平	/sound/voice/Aed3_010_060_03_00_00.ogg	unique_exact_anchor	exact	selected	1	same
aed3.fsb.txt	131	32	八代	Aed3_010_060_04_00	八代	/sound/voice/Aed3_010_060_04_00_00.ogg	unique_exact_anchor	exact	selected	1	same
aed3.fsb.txt	136	34	八代	Aed3_010_070_01_00	八代	/sound/voice/Aed3_010_070_01_00_00.ogg	unique_exact_anchor	exact	selected	1	same
aed3.fsb.txt	138	35	八代	Aed3_010_070_02_00	八代	/sound/voice/Aed3_010_070_02_00_00.ogg	monotonic_tfidf	high	selected	1	same
aed3.fsb.txt	142	36	セブン	Aed3_010_070_03_00	セブン	/sound/voice/Aed3_010_070_03_00_00.ogg	unique_exact_anchor	exact	selected	1	same
aed3.fsb.txt	144	37	セブン	Aed3_010_070_04_00	セブン	/sound/voice/Aed3_010_070_04_00_00.ogg	unique_exact_anchor	exact	selected	1	same
aed3.fsb.txt	147	38	八代	Aed3_010_080_01_00	八代	/sound/voice/Aed3_010_080_01_00_00.ogg	unique_exact_anchor	exact	selected	1	same
aed3.fsb.txt	151	39	四葉	Aed3_010_080_02_00	四葉	/sound/voice/Aed3_010_080_02_00_00.ogg	unique_exact_anchor	exact	selected	1	same
aed3.fsb.txt	262	65	淳平	Aed3_020_010_01_00	淳平	/sound/voice/Aed3_020_010_01_00_00.ogg	unique_exact_anchor	exact	selected	1	same
aed3.fsb.txt	266	67	淳平	Aed3_020_010_03_00	淳平	/sound/voice/Aed3_020_010_03_00_00.ogg	unique_exact_anchor	exact	selected	1	same
aed3.fsb.txt	268	68	淳平	Aed3_020_010_04_00	淳平	/sound/voice/Aed3_020_010_04_00_00.ogg	unique_exact_anchor	exact	selected	1	same
aed3.fsb.txt	271	69	淳平	Aed3_020_020_01_00	淳平	/sound/voice/Aed3_020_020_01_00_00.ogg	unique_exact_anchor	exact	selected	1	same
aed3.fsb.txt	274	70	セブン	Aed3_020_020_02_00	セブン	/sound/voice/Aed3_020_020_02_00_00.ogg	unique_exact_anchor	exact	selected	1	same
aed3.fsb.txt	279	72	ニルス２	Aed3_020_020_04_00	ニルス２	/sound/voice/Aed3_020_020_04_00_00.ogg	unique_exact_anchor	exact	selected	1	same
aed3.fsb.txt	299	78	淳平	Aed3_020_050_01_00	淳平	/sound/voice/Aed3_020_050_01_00_00.ogg	unique_exact_anchor	exact	selected	1	same
aed3.fsb.txt	307	81	淳平	Aed3_020_050_04_00	淳平	/sound/voice/Aed3_020_050_04_00_00.ogg	unique_exact_anchor	exact	selected	1	same
aed3.fsb.txt	315	83	本郷	Aed3_020_060_03_00	本郷	/sound/voice/Aed3_020_060_03_00_00.ogg	unique_exact_anchor	exact	selected	1	same
aed3.fsb.txt	317	84	本郷	Aed3_020_060_04_00	本郷	/sound/voice/Aed3_020_060_04_00_00.ogg	monotonic_tfidf	high	selected	1	same
aed3.fsb.txt	320	85	本郷	Aed3_020_070_02_10	本郷	/sound/voice/Aed3_020_070_02_10_00.ogg	unique_exact_anchor	exact	selected	1	same
aed3.fsb.txt	322	86	淳平	Aed3_020_070_03_00	淳平	/sound/voice/Aed3_020_070_03_00_00.ogg	unique_exact_anchor	exact	selected	1	same
aed3.fsb.txt	324	87	本郷	Aed3_020_070_04_00	本郷	/sound/voice/Aed3_020_070_04_00_00.ogg	unique_exact_anchor	exact	selected	1	same
aed3.fsb.txt	327	88	本郷	Aed3_020_080_01_00	本郷	/sound/voice/Aed3_020_080_01_00_00.ogg	unique_exact_anchor	exact	selected	1	same
aed3.fsb.txt	329	89	本郷	Aed3_020_080_02_00	本郷	/sound/voice/Aed3_020_080_02_00_00.ogg	unique_exact_anchor	exact	selected	1	same
aed3.fsb.txt	343	91	四葉	Aed3_020_090_03_00	四葉	/sound/voice/Aed3_020_090_03_00_00.ogg	unique_exact_anchor	exact	selected	1	same
aed3.fsb.txt	346	92	八代	Aed3_020_090_04_00	八代	/sound/voice/Aed3_020_090_04_00_00.ogg	unique_exact_anchor	exact	selected	1	same
aed3.fsb.txt	352	94	淳平	Aed3_020_110_01_00	淳平	/sound/voice/Aed3_020_110_01_00_00.ogg	unique_exact_anchor	exact	selected	1	same
aed3.fsb.txt	354	95	淳平	Aed3_020_110_02_00	淳平	/sound/voice/Aed3_020_110_02_00_00.ogg	unique_exact_anchor	exact	selected	1	same
aed3.fsb.txt	356	96	淳平	Aed3_020_110_03_00	淳平	/sound/voice/Aed3_020_110_03_00_00.ogg	unique_exact_anchor	exact	selected	1	same
aed3.fsb.txt	360	97	セブン	Aed3_020_110_04_00	セブン	/sound/voice/Aed3_020_110_04_00_00.ogg	unique_exact_anchor	exact	selected	1	same
aed3.fsb.txt	363	98	セブン	Aed3_020_120_01_00	セブン	/sound/voice/Aed3_020_120_01_00_00.ogg	unique_exact_anchor	exact	selected	1	same
aed3.fsb.txt	365	99	セブン	Aed3_020_120_02_00	セブン	/sound/voice/Aed3_020_120_02_00_00.ogg	unique_exact_anchor	exact	selected	1	same
aed3.fsb.txt	367	100	セブン	Aed3_020_120_04_00	セブン	/sound/voice/Aed3_020_120_04_00_00.ogg	monotonic_tfidf	medium	selected	1	same
aed3.fsb.txt	369	101	セブン	Aed3_020_120_05_00	セブン	/sound/voice/Aed3_020_120_05_00_00.ogg	unique_exact_anchor	exact	selected	1	same
aed3.fsb.txt	372	102	淳平	Aed3_020_130_01_00	淳平	/sound/voice/Aed3_020_130_01_00_00.ogg	unique_exact_anchor	exact	selected	1	same
aed3.fsb.txt	374	103	淳平	Aed3_020_130_02_00	淳平	/sound/voice/Aed3_020_130_02_00_00.ogg	unique_exact_anchor	exact	selected	1	same
aed3.fsb.txt	383	104	本郷	Aed3_020_140_01_00	本郷	/sound/voice/Aed3_020_140_01_00_00.ogg	unique_exact_anchor	exact	selected	1	same
aed3.fsb.txt	391	107	淳平	Aed3_020_140_04_00	淳平	/sound/voice/Aed3_020_140_04_00_00.ogg	unique_exact_anchor	exact	selected	1	same
aed3.fsb.txt	398	108	本郷	Aed3_020_150_01_00	本郷	/sound/voice/Aed3_020_150_01_00_00.ogg	unique_exact_anchor	exact	selected	1	same
aed3.fsb.txt	400	109	本郷	Aed3_020_150_03_00	本郷	/sound/voice/Aed3_020_150_03_00_00.ogg	unique_exact_anchor	exact	selected	1	same
aed3.fsb.txt	402	110	本郷	Aed3_020_150_04_00	本郷	/sound/voice/Aed3_020_150_04_00_00.ogg	unique_exact_anchor	exact	selected	1	same
aed3.fsb.txt	409	111	本郷	Aed3_020_160_01_00	本郷	/sound/voice/Aed3_020_160_01_00_00.ogg	unique_exact_anchor	exact	selected	1	same
aed3.fsb.txt	411	112	本郷	Aed3_020_160_02_00	本郷	/sound/voice/Aed3_020_160_02_00_00.ogg	unique_exact_anchor	exact	selected	1	same
aed3.fsb.txt	417	113	本郷	Aed3_020_170_01_00	本郷	/sound/voice/Aed3_020_170_01_00_00.ogg	unique_exact_anchor	exact	selected	1	same
aed3.fsb.txt	419	114	本郷	Aed3_020_170_02_00	本郷	/sound/voice/Aed3_020_170_02_00_00.ogg	unique_exact_anchor	exact	selected	1	same
aed3.fsb.txt	645	177	四葉	Aed3_030_070_04_00	四葉	/sound/voice/Aed3_030_070_04_00_00.ogg	unique_exact_anchor	exact	selected	1	same
aed3.fsb.txt	648	178	八代	Aed3_030_080_01_00	八代	/sound/voice/Aed3_030_080_01_00_00.ogg	unique_exact_anchor	exact	selected	1	same
aed3.fsb.txt	650	179	セブン	Aed3_030_080_02_00	セブン	/sound/voice/Aed3_030_080_02_00_00.ogg	unique_exact_anchor	exact	selected	1	same
aed3.fsb.txt	652	180	ニルス２	Aed3_030_080_03_00	ニルス２	/sound/voice/Aed3_030_080_03_00_00.ogg	unique_exact_anchor	exact	selected	1	same
b11b.fsb.txt	14	0	淳平	B11b_010_010_01_00	淳平	/sound/voice/B11b_010_010_01_00_00.ogg	unique_exact_anchor	exact	selected	1	same
b11b.fsb.txt	21	3	淳平	B11b_010_010_05_00	淳平	/sound/voice/B11b_010_010_05_00_00.ogg	monotonic_tfidf	high	selected	1	same
b11b.fsb.txt	28	5	紫	B11b_010_020_02_00	紫	/sound/voice/B11b_010_020_02_00_00.ogg	unique_exact_anchor	exact	selected	1	same
b11b.fsb.txt	34	6	紫	B11b_010_020_03_00	紫	/sound/voice/B11b_010_020_03_00_00.ogg	unique_exact_anchor	exact	selected	1	same
b11b.fsb.txt	40	8	淳平	B11b_010_030_02_00	淳平	/sound/voice/B11b_010_030_02_00_00.ogg	unique_exact_anchor	exact	selected	1	same
b11b.fsb.txt	42	9	紫	B11b_010_030_03_00	紫	/sound/voice/B11b_010_030_03_00_00.ogg	unique_exact_anchor	exact	selected	1	same
b11b.fsb.txt	44	10	淳平	B11b_010_030_04_00	淳平	/sound/voice/B11b_010_030_04_00_00.ogg	unique_exact_anchor	exact	selected	1	same
b11b.fsb.txt	67	17	淳平	B11b_010_050_02_00	淳平	/sound/voice/B11b_010_050_02_00_00.ogg	monotonic_tfidf	high	selected	1	same
b11b.fsb.txt	74	19	セブン	B11b_010_060_01_00	セブン	/sound/voice/B11b_010_060_01_00_00.ogg	unique_exact_anchor	exact	selected	1	same
b11b.fsb.txt	82	20	ニルス	B11b_010_060_02_00	ニルス	/sound/voice/B11b_010_060_02_00_00.ogg	monotonic_tfidf	high	selected	1	same
b11b.fsb.txt	92	24	ニルス	B11b_010_070_02_00	ニルス	/sound/voice/B11b_010_070_02_00_00.ogg	unique_exact_anchor	exact	selected	1	same
b11b.fsb.txt	96	25	一宮	B11b_010_070_03_00	一宮	/sound/voice/B11b_010_070_03_00_00.ogg	unique_exact_anchor	exact	selected	1	same
b11b.fsb.txt	103	27	四葉	B11b_010_070_05_00	四葉	/sound/voice/B11b_010_070_05_00_00.ogg	unique_exact_anchor	exact	selected	1	same
b11b.fsb.txt	106	28	ニルス	B11b_010_080_01_00	ニルス	/sound/voice/B11b_010_080_01_00_00.ogg	unique_exact_anchor	exact	selected	1	same
b11b.fsb.txt	108	29	ニルス	B11b_010_080_02_00	ニルス	/sound/voice/B11b_010_080_02_00_00.ogg	monotonic_tfidf	high	selected	1	same
b11b.fsb.txt	111	30	四葉	B11b_010_080_03_00	四葉	/sound/voice/B11b_010_080_03_00_00.ogg	unique_exact_anchor	exact	selected	1	same
b11b.fsb.txt	113	31	ニルス	B11b_010_080_04_00	ニルス	/sound/voice/B11b_010_080_04_00_00.ogg	unique_exact_anchor	exact	selected	1	same
b11b.fsb.txt	133	36	ニルス	B11b_010_100_03_00	ニルス	/sound/voice/B11b_010_100_03_00_00.ogg	unique_exact_anchor	exact	selected	1	same
b11b.fsb.txt	150	40	四葉	B11b_010_120_01_00	四葉	/sound/voice/B11b_010_120_01_00_00.ogg	unique_exact_anchor	exact	selected	1	same
b11b.fsb.txt	222	52	淳平	B11b_020_030_02_10	淳平	/sound/voice/B11b_020_030_02_10_00.ogg	unique_exact_anchor	exact	selected	1	same
b11b.fsb.txt	228	54	紫	B11b_020_030_04_00	紫	/sound/voice/B11b_020_030_04_00_00.ogg	unique_exact_anchor	exact	selected	1	same
b11b.fsb.txt	266	63	ニルス	B11b_020_060_02_00	ニルス	/sound/voice/B11b_020_060_02_00_00.ogg	unique_exact_anchor	exact	selected	1	same
b11b.fsb.txt	312	73	セブン	B11b_020_100_01_00	セブン	/sound/voice/B11b_020_100_01_00_00.ogg	monotonic_tfidf	medium	selected	1	same
b11b.fsb.txt	325	77	淳平	B11b_020_110_02_00	淳平	/sound/voice/B11b_020_110_02_00_00.ogg	unique_exact_anchor	exact	selected	1	same
b11b.fsb.txt	382	84	淳平	B11b_020_120_04_00	淳平	/sound/voice/B11b_020_120_04_00_00.ogg	unique_exact_anchor	exact	selected	1	same
b11b.fsb.txt	388	86	セブン	B11b_030_010_02_00	セブン	/sound/voice/B11b_030_010_02_00_00.ogg	unique_exact_anchor	exact	selected	1	same
b11b.fsb.txt	397	88	紫	B11b_030_020_01_00	紫	/sound/voice/B11b_030_020_01_00_00.ogg	unique_exact_anchor	exact	selected	1	same
b11b.fsb.txt	399	89	四葉	B11b_030_020_02_00	四葉	/sound/voice/B11b_030_020_02_00_00.ogg	unique_exact_anchor	exact	selected	1	same
b11b.fsb.txt	404	91	淳平	B11b_030_020_04_00	淳平	/sound/voice/B11b_030_020_04_00_00.ogg	unique_exact_anchor	exact	selected	1	same
b11b.fsb.txt	407	92	ニルス	B11b_030_020_05_00	ニルス	/sound/voice/B11b_030_020_05_00_00.ogg	unique_exact_anchor	exact	selected	1	same
b11b.fsb.txt	414	94	セブン	B11b_030_030_02_00	セブン	/sound/voice/B11b_030_030_02_00_00.ogg	unique_exact_anchor	exact	selected	1	same
b11b.fsb.txt	416	95	八代	B11b_030_030_03_00	八代	/sound/voice/B11b_030_030_03_00_00.ogg	unique_exact_anchor	exact	selected	1	same
b11b.fsb.txt	418	96	サンタ	B11b_030_030_04_00	サンタ	/sound/voice/B11b_030_030_04_00_00.ogg	unique_exact_anchor	exact	selected	1	same
b11b.fsb.txt	448	104	セブン	B11b_030_070_02_00	セブン	/sound/voice/B11b_030_070_02_00_00.ogg	unique_exact_anchor	exact	selected	1	same
b11b.fsb.txt	450	105	淳平	B11b_030_070_03_00	淳平	/sound/voice/B11b_030_070_03_00_00.ogg	unique_exact_anchor	exact	selected	1	same
b11b.fsb.txt	453	106	ニルス	B11b_030_070_04_00	ニルス	/sound/voice/B11b_030_070_04_00_00.ogg	unique_exact_anchor	exact	selected	1	same
b11b.fsb.txt	527	122	淳平	B11b_030_140_01_00	淳平	/sound/voice/B11b_030_140_01_00_00.ogg	unique_exact_anchor	exact	selected	1	same
b11b.fsb.txt	583	133	淳平	B11b_040_050_01_00	淳平	/sound/voice/B11b_040_050_01_00_00.ogg	unique_exact_anchor	exact	selected	1	same
b11b.fsb.txt	586	134	セブン	B11b_040_050_02_00	セブン	/sound/voice/B11b_040_050_02_00_00.ogg	unique_exact_anchor	exact	selected	1	same
b11b.fsb.txt	588	135	淳平	B11b_040_050_03_00	淳平	/sound/voice/B11b_040_050_03_00_00.ogg	unique_exact_anchor	exact	selected	1	same
b11b.fsb.txt	591	136	ニルス	B11b_040_050_04_00	ニルス	/sound/voice/B11b_040_050_04_00_00.ogg	unique_exact_anchor	exact	selected	1	same
b11b.fsb.txt	594	137	淳平	B11b_040_060_01_00	淳平	/sound/voice/B11b_040_060_01_00_00.ogg	unique_exact_anchor	exact	selected	1	same
b11b.fsb.txt	596	138	セブン	B11b_040_060_02_00	セブン	/sound/voice/B11b_040_060_02_00_00.ogg	unique_exact_anchor	exact	selected	1	same
b11b.fsb.txt	598	139	淳平	B11b_040_060_03_00	淳平	/sound/voice/B11b_040_060_03_00_00.ogg	unique_exact_anchor	exact	selected	1	same
b11b.fsb.txt	600	140	ニルス	B11b_040_060_04_00	ニルス	/sound/voice/B11b_040_060_04_00_00.ogg	unique_exact_anchor	exact	selected	1	same
b11b.fsb.txt	616	144	セブン	B11b_040_070_03_00	セブン	/sound/voice/B11b_040_070_03_00_00.ogg	unique_exact_anchor	exact	selected	1	same
b11b.fsb.txt	618	145	セブン	B11b_040_070_04_00	セブン	/sound/voice/B11b_040_070_04_00_00.ogg	unique_exact_anchor	exact	selected	1	same
b11d.fsb.txt	44	9	ニルス	B11d_010_040_02_00	ニルス	/sound/voice/B11d_010_040_02_00_00.ogg	unique_exact_anchor	exact	selected	1	same
b11d.fsb.txt	46	10	淳平	B11d_010_040_03_00	淳平	/sound/voice/B11d_010_040_03_00_00.ogg	unique_exact_anchor	exact	selected	1	same
b11d.fsb.txt	48	11	ニルス	B11d_010_040_04_00	ニルス	/sound/voice/B11d_010_040_04_00_00.ogg	monotonic_tfidf	high	selected	1	same
b11d.fsb.txt	51	12	ニルス	B11d_010_050_01_00	ニルス	/sound/voice/B11d_010_050_01_00_00.ogg	unique_exact_anchor	exact	selected	1	same
b11d.fsb.txt	53	13	ニルス	B11d_010_050_02_00	ニルス	/sound/voice/B11d_010_050_02_00_00.ogg	unique_exact_anchor	exact	selected	1	same
b11d.fsb.txt	55	14	淳平	B11d_010_050_03_00	淳平	/sound/voice/B11d_010_050_03_00_00.ogg	unique_exact_anchor	exact	selected	1	same
b11d.fsb.txt	58	15	ニルス	B11d_010_050_04_00	ニルス	/sound/voice/B11d_010_050_04_00_00.ogg	unique_exact_anchor	exact	selected	1	same
b11d.fsb.txt	68	19	淳平	B11d_010_060_04_10	淳平	/sound/voice/B11d_010_060_04_10_00.ogg	monotonic_tfidf	high	selected	1	same
b11d.fsb.txt	71	20	淳平	B11d_010_070_01_00	淳平	/sound/voice/B11d_010_070_01_00_00.ogg	unique_exact_anchor	exact	selected	1	same
b11d.fsb.txt	73	21	ニルス	B11d_010_070_02_00	ニルス	/sound/voice/B11d_010_070_02_00_00.ogg	unique_exact_anchor	exact	selected	1	same
b11d.fsb.txt	75	22	ニルス	B11d_010_070_03_00	ニルス	/sound/voice/B11d_010_070_03_00_00.ogg	unique_exact_anchor	exact	selected	1	same
b11d.fsb.txt	77	23	ニルス	B11d_010_070_04_00	ニルス	/sound/voice/B11d_010_070_04_00_00.ogg	unique_exact_anchor	exact	selected	1	same
b11d.fsb.txt	85	25	ニルス	B11d_010_080_02_00	ニルス	/sound/voice/B11d_010_080_02_00_00.ogg	monotonic_tfidf	high	selected	1	same
b11d.fsb.txt	87	26	ニルス	B11d_010_080_03_00	ニルス	/sound/voice/B11d_010_080_03_00_00.ogg	unique_exact_anchor	exact	selected	1	same
b11d.fsb.txt	92	28	ニルス	B11d_010_090_02_00	ニルス	/sound/voice/B11d_010_090_02_00_00.ogg	unique_exact_anchor	exact	selected	1	same
b11d.fsb.txt	119	33	淳平	B11d_020_010_04_00	淳平	/sound/voice/B11d_020_010_04_00_00.ogg	unique_exact_anchor	exact	selected	1	same
b11d.fsb.txt	125	34	セブン	B11d_020_020_01_00	セブン	/sound/voice/B11d_020_020_01_00_00.ogg	unique_exact_anchor	exact	selected	1	same
b11d.fsb.txt	131	36	セブン	B11d_020_020_03_00	セブン	/sound/voice/B11d_020_020_03_00_00.ogg	unique_exact_anchor	exact	selected	1	same
b11d.fsb.txt	134	37	セブン	B11d_020_030_01_00	セブン	/sound/voice/B11d_020_030_01_00_00.ogg	unique_exact_anchor	exact	selected	1	same
b11d.fsb.txt	140	40	淳平	B11d_020_030_04_00	淳平	/sound/voice/B11d_020_030_04_00_00.ogg	unique_exact_anchor	exact	selected	1	same
b11d.fsb.txt	151	44	セブン	B11d_020_040_04_00	セブン	/sound/voice/B11d_020_040_04_00_00.ogg	monotonic_tfidf	review	selected	1	same
b11d.fsb.txt	154	45	セブン	B11d_020_050_01_00	セブン	/sound/voice/B11d_020_050_01_00_00.ogg	monotonic_tfidf	review	selected	1	same
b11d.fsb.txt	156	46	セブン	B11d_020_050_02_00	セブン	/sound/voice/B11d_020_050_02_00_00.ogg	unique_exact_anchor	exact	selected	1	same
b11d.fsb.txt	158	47	淳平	B11d_020_050_03_00	淳平	/sound/voice/B11d_020_050_03_00_00.ogg	unique_exact_anchor	exact	selected	1	same
b11d.fsb.txt	160	48	淳平	B11d_020_050_04_00	淳平	/sound/voice/B11d_020_050_04_00_00.ogg	unique_exact_anchor	exact	selected	1	same
b11d.fsb.txt	163	49	セブン	B11d_020_060_01_00	セブン	/sound/voice/B11d_020_060_01_00_00.ogg	unique_exact_anchor	exact	selected	1	same
b11d.fsb.txt	165	50	淳平	B11d_020_060_02_00	淳平	/sound/voice/B11d_020_060_02_00_00.ogg	unique_exact_anchor	exact	selected	1	same
b11d.fsb.txt	167	51	セブン	B11d_020_060_03_00	セブン	/sound/voice/B11d_020_060_03_00_00.ogg	unique_exact_anchor	exact	selected	1	same
b11d.fsb.txt	169	52	淳平	B11d_020_060_04_00	淳平	/sound/voice/B11d_020_060_04_00_00.ogg	unique_exact_anchor	exact	selected	1	same
b11d.fsb.txt	177	54	淳平	B11d_020_070_02_00	淳平	/sound/voice/B11d_020_070_02_00_00.ogg	unique_exact_anchor	exact	selected	1	same
b11d.fsb.txt	179	55	セブン	B11d_020_070_03_00	セブン	/sound/voice/B11d_020_070_03_00_00.ogg	unique_exact_anchor	exact	selected	1	same
b11d.fsb.txt	181	56	淳平	B11d_020_070_04_00	淳平	/sound/voice/B11d_020_070_04_00_00.ogg	unique_exact_anchor	exact	selected	1	same
b11d.fsb.txt	183	57	淳平	B11d_020_070_05_00	淳平	/sound/voice/B11d_020_070_05_00_00.ogg	unique_exact_anchor	exact	selected	1	same
b11d.fsb.txt	186	58	セブン	B11d_020_080_01_00	セブン	/sound/voice/B11d_020_080_01_00_00.ogg	unique_exact_anchor	exact	selected	1	same
b11d.fsb.txt	188	59	セブン	B11d_020_080_02_00	セブン	/sound/voice/B11d_020_080_02_00_00.ogg	unique_exact_anchor	exact	selected	1	same
b11d.fsb.txt	190	60	セブン	B11d_020_080_03_00	セブン	/sound/voice/B11d_020_080_03_00_00.ogg	unique_exact_anchor	exact	selected	1	same
b11d.fsb.txt	192	61	セブン	B11d_020_080_04_00	セブン	/sound/voice/B11d_020_080_04_00_00.ogg	unique_exact_anchor	exact	selected	1	same
b11d.fsb.txt	195	62	セブン	B11d_020_090_01_00	セブン	/sound/voice/B11d_020_090_01_00_00.ogg	unique_exact_anchor	exact	selected	1	same
b11d.fsb.txt	197	63	セブン	B11d_020_090_02_00	セブン	/sound/voice/B11d_020_090_02_00_00.ogg	unique_exact_anchor	exact	selected	1	same
b11d.fsb.txt	199	64	淳平	B11d_020_090_03_00	淳平	/sound/voice/B11d_020_090_03_00_00.ogg	unique_exact_anchor	exact	selected	1	same
b11d.fsb.txt	201	65	セブン	B11d_020_090_04_00	セブン	/sound/voice/B11d_020_090_04_00_00.ogg	unique_exact_anchor	exact	selected	1	same
b11d.fsb.txt	205	67	セブン	B11d_020_090_06_00	セブン	/sound/voice/B11d_020_090_06_00_00.ogg	unique_exact_anchor	exact	selected	1	same
b12b.fsb.txt	25	3	淳平	B12b_010_020_02_00	淳平	/sound/voice/B12b_010_020_02_00_00.ogg	unique_exact_anchor	exact	selected	1	same
b12b.fsb.txt	34	6	セブン	B12b_010_030_01_00	セブン	/sound/voice/B12b_010_030_01_00_00.ogg	unique_exact_anchor	exact	selected	1	same
b12b.fsb.txt	36	7	セブン	B12b_010_030_02_00	セブン	/sound/voice/B12b_010_030_02_00_00.ogg	unique_exact_anchor	exact	selected	1	same
b12b.fsb.txt	38	8	セブン	B12b_010_030_03_00	セブン	/sound/voice/B12b_010_030_03_00_00.ogg	unique_exact_anchor	exact	selected	1	same
b12b.fsb.txt	46	9	ニルス	B12b_010_030_04_00	ニルス	/sound/voice/B12b_010_030_04_00_00.ogg	unique_exact_anchor	exact	selected	1	same
b12b.fsb.txt	52	11	セブン	B12b_010_040_02_00	セブン	/sound/voice/B12b_010_040_02_00_00.ogg	unique_exact_anchor	exact	selected	1	same
b12b.fsb.txt	54	12	淳平	B12b_010_040_03_00	淳平	/sound/voice/B12b_010_040_03_00_00.ogg	unique_exact_anchor	exact	selected	1	same
b12b.fsb.txt	56	13	セブン	B12b_010_040_04_00	セブン	/sound/voice/B12b_010_040_04_00_00.ogg	unique_exact_anchor	exact	selected	1	same
b12b.fsb.txt	135	35	淳平	B12b_020_030_01_10	淳平	/sound/voice/B12b_020_030_01_10_00.ogg	monotonic_tfidf	review	selected	1	same
b12b.fsb.txt	144	38	ニルス	B12b_020_040_01_00	ニルス	/sound/voice/B12b_020_040_01_00_00.ogg	unique_exact_anchor	exact	selected	1	same
b12b.fsb.txt	146	39	ニルス	B12b_020_040_02_00	ニルス	/sound/voice/B12b_020_040_02_00_00.ogg	unique_exact_anchor	exact	selected	1	same
b12b.fsb.txt	148	40	ニルス	B12b_020_040_03_00	ニルス	/sound/voice/B12b_020_040_03_00_00.ogg	unique_exact_anchor	exact	selected	1	same
b12b.fsb.txt	177	44	ニルス	B12b_020_060_01_00	ニルス	/sound/voice/B12b_020_060_01_00_00.ogg	unique_exact_anchor	exact	selected	1	same
b12b.fsb.txt	179	45	淳平	B12b_020_060_02_00	淳平	/sound/voice/B12b_020_060_02_00_00.ogg	monotonic_tfidf	high	selected	1	same
b12b.fsb.txt	181	46	ニルス	B12b_020_060_03_00	ニルス	/sound/voice/B12b_020_060_03_00_00.ogg	unique_exact_anchor	exact	selected	1	same
b12b.fsb.txt	236	58	淳平	B12b_030_010_02_00	淳平	/sound/voice/B12b_030_010_02_00_00.ogg	unique_exact_anchor	exact	selected	1	same
b12b.fsb.txt	238	59	セブン	B12b_030_010_03_00	セブン	/sound/voice/B12b_030_010_03_00_00.ogg	unique_exact_anchor	exact	selected	1	same
b12b.fsb.txt	275	67	セブン	B12b_030_040_04_00	セブン	/sound/voice/B12b_030_040_04_00_00.ogg	unique_exact_anchor	exact	selected	1	same
b12b.fsb.txt	277	68	セブン	B12b_030_040_05_00	セブン	/sound/voice/B12b_030_040_05_00_00.ogg	unique_exact_anchor	exact	selected	1	same
b12d.fsb.txt	23	1	セブン	B12d_010_020_01_00	セブン	/sound/voice/B12d_010_020_01_00_00.ogg	unique_exact_anchor	exact	selected	1	same
b12d.fsb.txt	25	2	セブン	B12d_010_020_02_00	セブン	/sound/voice/B12d_010_020_02_00_00.ogg	unique_exact_anchor	exact	selected	1	same
b12d.fsb.txt	32	4	セブン	B12d_010_030_02_00	セブン	/sound/voice/B12d_010_030_02_00_00.ogg	unique_exact_anchor	exact	selected	1	same
b12d.fsb.txt	34	5	セブン	B12d_010_030_03_00	セブン	/sound/voice/B12d_010_030_03_00_00.ogg	unique_exact_anchor	exact	selected	1	same
b12d.fsb.txt	37	6	セブン	B12d_010_040_01_00	セブン	/sound/voice/B12d_010_040_01_00_00.ogg	unique_exact_anchor	exact	selected	1	same
b12d.fsb.txt	39	7	セブン	B12d_010_040_03_00	セブン	/sound/voice/B12d_010_040_03_00_00.ogg	monotonic_tfidf	review	selected	1	same
b12d.fsb.txt	42	8	セブン	B12d_010_050_01_00	セブン	/sound/voice/B12d_010_050_01_00_00.ogg	unique_exact_anchor	exact	selected	1	same
b12d.fsb.txt	44	9	セブン	B12d_010_050_02_00	セブン	/sound/voice/B12d_010_050_02_00_00.ogg	unique_exact_anchor	exact	selected	1	same
b12d.fsb.txt	46	10	セブン	B12d_010_050_03_00	セブン	/sound/voice/B12d_010_050_03_00_00.ogg	unique_exact_anchor	exact	selected	1	same
b12d.fsb.txt	48	11	セブン	B12d_010_050_04_00	セブン	/sound/voice/B12d_010_050_04_00_00.ogg	unique_exact_anchor	exact	selected	1	same
b12d.fsb.txt	51	12	セブン	B12d_010_060_01_00	セブン	/sound/voice/B12d_010_060_01_00_00.ogg	unique_exact_anchor	exact	selected	1	same
b12d.fsb.txt	53	13	セブン	B12d_010_060_02_00	セブン	/sound/voice/B12d_010_060_02_00_00.ogg	monotonic_tfidf	high	selected	1	same
b12d.fsb.txt	56	14	セブン	B12d_010_070_01_00	セブン	/sound/voice/B12d_010_070_01_00_00.ogg	unique_exact_anchor	exact	selected	1	same
b12d.fsb.txt	58	15	セブン	B12d_010_070_02_00	セブン	/sound/voice/B12d_010_070_02_00_00.ogg	unique_exact_anchor	exact	selected	1	same
b12d.fsb.txt	60	16	セブン	B12d_010_070_03_00	セブン	/sound/voice/B12d_010_070_03_00_00.ogg	unique_exact_anchor	exact	selected	1	same
b12d.fsb.txt	62	17	セブン	B12d_010_070_04_00	セブン	/sound/voice/B12d_010_070_04_00_00.ogg	unique_exact_anchor	exact	selected	1	same
b12d.fsb.txt	64	18	セブン	B12d_010_070_05_00	セブン	/sound/voice/B12d_010_070_05_00_00.ogg	unique_exact_anchor	exact	selected	1	same
b12e.fsb.txt	54	9	淳平	B12e_010_040_01_00	淳平	/sound/voice/B12e_010_040_01_00_00.ogg	unique_exact_anchor	exact	selected	1	same
b12e.fsb.txt	56	10	セブン	B12e_010_040_02_00	セブン	/sound/voice/B12e_010_040_02_00_00.ogg	unique_exact_anchor	exact	selected	1	same
b12e.fsb.txt	70	12	ニルス	B12e_010_050_02_00	ニルス	/sound/voice/B12e_010_050_02_00_00.ogg	unique_exact_anchor	exact	selected	1	same
b12e.fsb.txt	73	13	ニルス	B12e_010_060_01_00	ニルス	/sound/voice/B12e_010_060_01_00_00.ogg	unique_exact_anchor	exact	selected	1	same
b12e.fsb.txt	75	14	淳平	B12e_010_060_02_00	淳平	/sound/voice/B12e_010_060_02_00_00.ogg	unique_exact_anchor	exact	selected	1	same
b12e.fsb.txt	77	15	ニルス	B12e_010_060_03_00	ニルス	/sound/voice/B12e_010_060_03_00_00.ogg	unique_exact_anchor	exact	selected	1	same
b12e.fsb.txt	85	16	セブン	B12e_010_060_04_00	セブン	/sound/voice/B12e_010_060_04_00_00.ogg	unique_exact_anchor	exact	selected	1	same
b12e.fsb.txt	112	21	淳平	B12e_020_020_01_00	淳平	/sound/voice/B12e_020_020_01_00_00.ogg	unique_exact_anchor	exact	selected	1	same
b12e.fsb.txt	115	22	セブン	B12e_020_020_02_00	セブン	/sound/voice/B12e_020_020_02_00_00.ogg	unique_exact_anchor	exact	selected	1	same
b12e.fsb.txt	149	30	淳平	B12e_020_070_01_00	淳平	/sound/voice/B12e_020_070_01_00_00.ogg	unique_exact_anchor	exact	selected	1	same
b12e.fsb.txt	152	31	セブン	B12e_020_070_02_00	セブン	/sound/voice/B12e_020_070_02_00_00.ogg	unique_exact_anchor	exact	selected	1	same
b12e.fsb.txt	154	32	淳平	B12e_020_070_03_00	淳平	/sound/voice/B12e_020_070_03_00_00.ogg	monotonic_tfidf	high	selected	1	same
b12e.fsb.txt	157	33	セブン	B12e_020_070_04_00	セブン	/sound/voice/B12e_020_070_04_00_00.ogg	unique_exact_anchor	exact	selected	1	same
b12e.fsb.txt	160	34	セブン	B12e_020_071_01_00	セブン	/sound/voice/B12e_020_071_01_00_00.ogg	unique_exact_anchor	exact	selected	1	same
b12e.fsb.txt	173	37	ニルス	B12e_020_080_02_00	ニルス	/sound/voice/B12e_020_080_02_00_00.ogg	monotonic_tfidf	high	selected	1	same
b12e.fsb.txt	175	38	ニルス	B12e_020_080_03_00	ニルス	/sound/voice/B12e_020_080_03_00_00.ogg	unique_exact_anchor	exact	selected	1	same
b12e.fsb.txt	178	39	淳平	B12e_020_090_01_00	淳平	/sound/voice/B12e_020_090_01_00_00.ogg | /sound/voice/B12e_020_090_01_00_01.ogg | /sound/voice/B12e_020_090_01_00_02.ogg	monotonic_tfidf	high	selected	1	same
b12e.fsb.txt	180	40	淳平	B12e_020_090_02_10	淳平	/sound/voice/B12e_020_090_02_10_00.ogg	unique_exact_anchor	exact	selected	1	same
b12e.fsb.txt	185	41	セブン	B12e_020_090_03_00	セブン	/sound/voice/B12e_020_090_03_00_00.ogg	unique_exact_anchor	exact	selected	1	same
b12e.fsb.txt	194	44	ニルス	B12e_020_100_01_00	ニルス	/sound/voice/B12e_020_100_01_00_00.ogg	unique_exact_anchor	exact	selected	1	same
b12e.fsb.txt	197	45	セブン	B12e_020_100_02_00	セブン	/sound/voice/B12e_020_100_02_00_00.ogg	unique_exact_anchor	exact	selected	1	same
b12e.fsb.txt	199	46	ニルス	B12e_020_100_03_00	ニルス	/sound/voice/B12e_020_100_03_00_00.ogg	unique_exact_anchor	exact	selected	1	same
b12e.fsb.txt	221	51	セブン	B12e_020_120_03_00	セブン	/sound/voice/B12e_020_120_03_00_00.ogg	unique_exact_anchor	exact	selected	1	same
b12e.fsb.txt	223	52	淳平	B12e_020_120_04_00	淳平	/sound/voice/B12e_020_120_04_00_00.ogg	monotonic_tfidf	high	selected	1	same
b12e.fsb.txt	287	66	セブン	B12e_030_010_04_00	セブン	/sound/voice/B12e_030_010_04_00_00.ogg	unique_exact_anchor	exact	selected	1	same
b12e.fsb.txt	368	84	セブン	B12e_030_090_02_00	セブン	/sound/voice/B12e_030_090_02_00_00.ogg	unique_exact_anchor	exact	selected	1	same
b12e.fsb.txt	410	87	淳平	B12e_030_110_01_00	淳平	/sound/voice/B12e_030_110_01_00_00.ogg	unique_exact_anchor	exact	selected	1	same
b12e.fsb.txt	413	88	ニルス	B12e_030_110_02_00	ニルス	/sound/voice/B12e_030_110_02_00_00.ogg	unique_exact_anchor	exact	selected	1	same
b12e.fsb.txt	415	89	ニルス	B12e_030_110_03_00	ニルス	/sound/voice/B12e_030_110_03_00_00.ogg	unique_exact_anchor	exact	selected	1	same
b12e.fsb.txt	417	90	ニルス	B12e_030_110_04_00	ニルス	/sound/voice/B12e_030_110_04_00_00.ogg	unique_exact_anchor	exact	selected	1	same
b12e.fsb.txt	425	91	セブン	B12e_030_110_05_00	セブン	/sound/voice/B12e_030_110_05_00_00.ogg	unique_exact_anchor	exact	selected	1	same
b12e.fsb.txt	431	93	セブン	B12e_030_120_02_00	セブン	/sound/voice/B12e_030_120_02_00_00.ogg	monotonic_tfidf	high	selected	1	same
b12e.fsb.txt	433	94	淳平	B12e_030_120_03_00	淳平	/sound/voice/B12e_030_120_03_00_00.ogg	unique_exact_anchor	exact	selected	1	same
b12e.fsb.txt	440	95	セブン	B12e_030_130_01_00	セブン	/sound/voice/B12e_030_130_01_00_00.ogg	unique_exact_anchor	exact	selected	1	same
b12e.fsb.txt	442	96	セブン	B12e_030_130_02_00	セブン	/sound/voice/B12e_030_130_02_00_00.ogg	unique_exact_anchor	exact	selected	1	same
b12e.fsb.txt	456	97	淳平	B12e_030_130_03_00	淳平	/sound/voice/B12e_030_130_03_00_00.ogg	unique_exact_anchor	exact	selected	1	same
b12e.fsb.txt	458	98	セブン	B12e_030_130_04_00	セブン	/sound/voice/B12e_030_130_04_00_00.ogg	unique_exact_anchor	exact	selected	1	same
b12e.fsb.txt	467	99	淳平	B12e_030_140_01_00	淳平	/sound/voice/B12e_030_140_01_00_00.ogg	unique_exact_anchor	exact	selected	1	same
b12e.fsb.txt	469	100	セブン	B12e_030_140_02_00	セブン	/sound/voice/B12e_030_140_02_00_00.ogg	unique_exact_anchor	exact	selected	1	same
b12e.fsb.txt	471	101	淳平	B12e_030_140_03_00	淳平	/sound/voice/B12e_030_140_03_00_00.ogg	unique_exact_anchor	exact	selected	1	same
b12e.fsb.txt	512	110	セブン	B12e_030_160_05_00	セブン	/sound/voice/B12e_030_160_05_00_00.ogg	unique_exact_anchor	exact	selected	1	same
b12e.fsb.txt	514	111	セブン	B12e_030_160_06_00	セブン	/sound/voice/B12e_030_160_06_00_00.ogg	unique_exact_anchor	exact	selected	1	same
b12e.fsb.txt	521	114	セブン	B12e_030_180_03_00	セブン	/sound/voice/B12e_030_180_03_00_00.ogg	unique_exact_anchor	exact	selected	1	same
b12e.fsb.txt	535	117	ニルス	B12e_030_190_03_00	ニルス	/sound/voice/B12e_030_190_03_00_00.ogg	unique_exact_anchor	exact	selected	1	same
b12e.fsb.txt	537	118	淳平	B12e_030_190_04_00	淳平	/sound/voice/B12e_030_190_04_00_00.ogg	unique_exact_anchor	exact	selected	1	same
b12e.fsb.txt	539	119	ニルス	B12e_030_190_05_00	ニルス	/sound/voice/B12e_030_190_05_00_00.ogg	unique_exact_anchor	exact	selected	1	same
b12e.fsb.txt	557	124	淳平	B12e_030_210_03_00	淳平	/sound/voice/B12e_030_210_03_00_00.ogg	unique_exact_anchor	exact	selected	1	same
b12e.fsb.txt	564	125	ニルス	B12e_030_220_01_00	ニルス	/sound/voice/B12e_030_220_01_00_00.ogg	unique_exact_anchor	exact	selected	1	same
b12e.fsb.txt	566	126	淳平	B12e_030_220_02_00	淳平	/sound/voice/B12e_030_220_02_00_00.ogg	unique_exact_anchor	exact	selected	1	same
b12e.fsb.txt	568	127	淳平	B12e_030_220_03_00	淳平	/sound/voice/B12e_030_220_03_00_00.ogg	monotonic_tfidf	high	selected	1	same
b12e.fsb.txt	572	128	ニルス	B12e_030_230_01_00	ニルス	/sound/voice/B12e_030_230_01_00_00.ogg	unique_exact_anchor	exact	selected	1	same
b12e.fsb.txt	596	133	淳平	B12e_030_240_04_00	淳平	/sound/voice/B12e_030_240_04_00_00.ogg	unique_exact_anchor	exact	selected	1	same
b12e.fsb.txt	617	137	淳平	B12e_030_260_02_00	淳平	/sound/voice/B12e_030_260_02_00_00.ogg	unique_exact_anchor	exact	selected	1	same
b12e.fsb.txt	619	138	セブン	B12e_030_260_03_00	セブン	/sound/voice/B12e_030_260_03_00_00.ogg	unique_exact_anchor	exact	selected	1	same
b12e.fsb.txt	680	153	紫	B12e_050_010_01_00	紫	/sound/voice/B12e_050_010_01_00_00.ogg	extended_same_speaker	medium	selected	1	same
b12e.fsb.txt	682	154	紫	B12e_050_010_02_00	紫	/sound/voice/B12e_050_010_02_00_00.ogg	monotonic_tfidf	review	selected	1	same
b12e.fsb.txt	684	155	淳平	B12e_050_010_03_00	淳平	/sound/voice/B12e_050_010_03_00_00.ogg	unique_exact_anchor	exact	selected	1	same
b12e.fsb.txt	686	156	淳平	B12e_050_010_04_00	淳平	/sound/voice/B12e_050_010_04_00_00.ogg	unique_exact_anchor	exact	selected	1	same
b12e.fsb.txt	694	157	一宮	B12e_050_010_05_00	一宮	/sound/voice/B12e_050_010_05_00_00.ogg	unique_exact_anchor	exact	selected	1	same
b12e.fsb.txt	701	159	セブン	B12e_050_020_02_00	セブン	/sound/voice/B12e_050_020_02_00_00.ogg	monotonic_tfidf	high	selected	1	same
b12e.fsb.txt	704	160	一宮	B12e_050_030_01_00	一宮	/sound/voice/B12e_050_030_01_00_00.ogg	monotonic_tfidf	medium	selected	1	same
b12e.fsb.txt	708	161	四葉	B12e_050_030_02_00	四葉	/sound/voice/B12e_050_030_02_00_00.ogg	monotonic_tfidf	medium	selected	1	same
b12e.fsb.txt	712	162	サンタ	B12e_050_030_03_00	サンタ	/sound/voice/B12e_050_030_03_00_00.ogg	unique_exact_anchor	exact	selected	1	same
b12e.fsb.txt	716	163	紫	B12e_050_030_04_00	紫	/sound/voice/B12e_050_030_04_00_00.ogg	monotonic_tfidf	high	selected	1	same
b12e.fsb.txt	720	164	ニルス	B12e_050_030_05_00	ニルス	/sound/voice/B12e_050_030_05_00_00.ogg	unique_exact_anchor	exact	selected	1	same
b12e.fsb.txt	724	165	八代	B12e_050_030_06_00	八代	/sound/voice/B12e_050_030_06_00_00.ogg	unique_exact_anchor	exact	selected	1	same
b12e.fsb.txt	730	167	淳平	B12e_050_040_02_00	淳平	/sound/voice/B12e_050_040_02_00_00.ogg	monotonic_tfidf	review	selected	1	same
b12e.fsb.txt	740	170	セブン	B12e_050_050_02_00	セブン	/sound/voice/B12e_050_050_02_00_00.ogg	monotonic_tfidf	review	selected	1	same
b12e.fsb.txt	742	171	セブン	B12e_050_050_03_00	セブン	/sound/voice/B12e_050_050_03_00_00.ogg	monotonic_tfidf	review	selected	1	same
b12e.fsb.txt	744	172	淳平	B12e_050_050_04_00	淳平	/sound/voice/B12e_050_050_04_00_00.ogg	monotonic_tfidf	medium	selected	1	same
b12e.fsb.txt	758	175	八代	B12e_050_060_03_00	八代	/sound/voice/B12e_050_060_03_00_00.ogg	monotonic_tfidf	review	selected	1	same
b12e.fsb.txt	764	177	セブン	B12e_050_070_02_00	セブン	/sound/voice/B12e_050_070_02_00_00.ogg	unique_exact_anchor	exact	selected	1	same
b12e.fsb.txt	810	189	淳平	B12e_050_130_04_00	淳平	/sound/voice/B12e_050_130_04_00_00.ogg	unique_exact_anchor	exact	selected	1	same
b12e.fsb.txt	816	190	セブン	B12e_050_140_01_00	セブン	/sound/voice/B12e_050_140_01_00_00.ogg	unique_exact_anchor	exact	selected	1	same
b12e.fsb.txt	818	191	サンタ	B12e_050_140_02_00	サンタ	/sound/voice/B12e_050_140_02_00_00.ogg	unique_exact_anchor	exact	selected	1	same
b12e.fsb.txt	826	192	八代	B12e_050_140_03_00	八代	/sound/voice/B12e_050_140_03_00_00.ogg	unique_exact_anchor	exact	selected	1	same
b12e.fsb.txt	829	193	八代	B12e_050_150_01_00	八代	/sound/voice/B12e_050_150_01_00_00.ogg	unique_exact_anchor	exact	selected	1	same
b12e.fsb.txt	831	194	セブン	B12e_050_150_02_00	セブン	/sound/voice/B12e_050_150_02_00_00.ogg	unique_exact_anchor	exact	selected	1	same
b12e.fsb.txt	833	195	八代	B12e_050_150_03_00	八代	/sound/voice/B12e_050_150_03_00_00.ogg	unique_exact_anchor	exact	selected	1	same
b12e.fsb.txt	835	196	セブン	B12e_050_150_04_00	セブン	/sound/voice/B12e_050_150_04_00_00.ogg	unique_exact_anchor	exact	selected	1	same
b12e.fsb.txt	838	197	セブン	B12e_050_160_01_00	セブン	/sound/voice/B12e_050_160_01_00_00.ogg	unique_exact_anchor	exact	selected	1	same
b12e.fsb.txt	840	198	八代	B12e_050_160_02_00	八代	/sound/voice/B12e_050_160_02_00_00.ogg	unique_exact_anchor	exact	selected	1	same
b12e.fsb.txt	842	199	セブン	B12e_050_160_03_00	セブン	/sound/voice/B12e_050_160_03_00_00.ogg	unique_exact_anchor	exact	selected	1	same
b12e.fsb.txt	844	200	八代	B12e_050_160_04_00	八代	/sound/voice/B12e_050_160_04_00_00.ogg	unique_exact_anchor	exact	selected	1	same
b12e.fsb.txt	847	201	セブン	B12e_050_160_05_00	セブン	/sound/voice/B12e_050_160_05_00_00.ogg	unique_exact_anchor	exact	selected	1	same
b12e.fsb.txt	859	205	セブン	B12e_050_170_06_00	セブン	/sound/voice/B12e_050_170_06_00_00.ogg	unique_exact_anchor	exact	selected	1	same
b12e.fsb.txt	866	207	八代	B12e_050_180_02_00	八代	/sound/voice/B12e_050_180_02_00_00.ogg	unique_exact_anchor	exact	selected	1	same
b12e.fsb.txt	901	214	紫	B12e_050_210_01_00	紫	/sound/voice/B12e_050_210_01_00_00.ogg	unique_exact_anchor	exact	selected	1	same
b12e.fsb.txt	903	215	四葉	B12e_050_210_02_00	四葉	/sound/voice/B12e_050_210_02_00_00.ogg	unique_exact_anchor	exact	selected	1	same
b12e.fsb.txt	907	216	セブン	B12e_050_210_03_00	セブン	/sound/voice/B12e_050_210_03_00_00.ogg	monotonic_tfidf	review	selected	1	same
b12e.fsb.txt	919	220	セブン	B12e_050_220_02_00	セブン	/sound/voice/B12e_050_220_02_00_00.ogg	unique_exact_anchor	exact	selected	1	same
b12e.fsb.txt	921	221	八代	B12e_050_220_03_00	八代	/sound/voice/B12e_050_220_03_00_00.ogg	unique_exact_anchor	exact	selected	1	same
b12e.fsb.txt	923	222	セブン	B12e_050_220_04_00	セブン	/sound/voice/B12e_050_220_04_00_00.ogg	extended_same_speaker	medium	selected	1	same
b12e.fsb.txt	926	223	八代	B12e_050_230_01_00	八代	/sound/voice/B12e_050_230_01_00_00.ogg	monotonic_tfidf	medium	selected	1	same
b12e.fsb.txt	928	224	セブン	B12e_050_230_02_00	セブン	/sound/voice/B12e_050_230_02_00_00.ogg	unique_exact_anchor	exact	selected	1	same
b12e.fsb.txt	930	225	淳平	B12e_050_230_03_00	淳平	/sound/voice/B12e_050_230_03_00_00.ogg	unique_exact_anchor	exact	selected	1	same
b12e.fsb.txt	943	226	八代	B12e_050_230_04_00	八代	/sound/voice/B12e_050_230_04_00_00.ogg	monotonic_tfidf	review	selected	1	same
b12e.fsb.txt	951	227	セブン	B12e_050_230_05_00	セブン	/sound/voice/B12e_050_230_05_00_00.ogg	unique_exact_anchor	exact	selected	1	same
b12e.fsb.txt	954	228	一宮	B12e_060_010_01_00	一宮	/sound/voice/B12e_060_010_01_00_00.ogg	unique_exact_anchor	exact	selected	1	same
b12e.fsb.txt	956	229	セブン	B12e_060_010_02_00	セブン	/sound/voice/B12e_060_010_02_00_00.ogg	unique_exact_anchor	exact	selected	1	same
b12e.fsb.txt	963	232	セブン	B12e_060_020_02_00	セブン	/sound/voice/B12e_060_020_02_00_00.ogg	unique_exact_anchor	exact	selected	1	same
b12e.fsb.txt	965	233	八代	B12e_060_020_03_00	八代	/sound/voice/B12e_060_020_03_00_00.ogg	unique_exact_anchor	exact	selected	1	same
b12e.fsb.txt	973	236	セブン	B12e_060_030_03_00	セブン	/sound/voice/B12e_060_030_03_00_00.ogg	unique_exact_anchor	exact	selected	1	same
b21b.fsb.txt	46	5	淳平	B21b_010_020_02_00	淳平	/sound/voice/B21b_010_020_02_00_00.ogg	monotonic_tfidf	high	selected	1	same
b21b.fsb.txt	48	6	サンタ	B21b_010_020_03_00	サンタ	/sound/voice/B21b_010_020_03_00_00.ogg	monotonic_tfidf	high	selected	1	same
b21b.fsb.txt	50	7	淳平	B21b_010_020_04_00	淳平	/sound/voice/B21b_010_020_04_00_00.ogg	monotonic_tfidf	exact	selected	1	same
b21b.fsb.txt	52	8	サンタ	B21b_010_020_05_00	サンタ	/sound/voice/B21b_010_020_05_00_00.ogg	monotonic_tfidf	high	selected	1	same
b21b.fsb.txt	54	9	紫	B21b_010_020_06_00	紫	/sound/voice/B21b_010_020_06_00_00.ogg	unique_exact_anchor	exact	selected	1	same
b21b.fsb.txt	62	12	サンタ	B21b_010_030_03_00	サンタ	/sound/voice/B21b_010_030_03_00_00.ogg	unique_exact_anchor	exact	selected	1	same
b21b.fsb.txt	81	16	紫	B21b_010_050_01_00	紫	/sound/voice/B21b_010_050_01_00_00.ogg	monotonic_tfidf	exact	selected	1	same
b21b.fsb.txt	83	17	紫	B21b_010_050_02_00	紫	/sound/voice/B21b_010_050_02_00_00.ogg	monotonic_tfidf	exact	selected	1	same
b21b.fsb.txt	89	18	淳平	B21b_010_060_01_00	淳平	/sound/voice/B21b_010_060_01_00_00.ogg	unique_exact_anchor	exact	selected	1	same
b21b.fsb.txt	91	19	淳平	B21b_010_060_02_00	淳平	/sound/voice/B21b_010_060_02_00_00.ogg	monotonic_tfidf	high	selected	1	same
b21b.fsb.txt	93	20	サンタ	B21b_010_060_03_00	サンタ	/sound/voice/B21b_010_060_03_00_00.ogg	monotonic_tfidf	high	selected	1	same
b21b.fsb.txt	95	21	淳平	B21b_010_060_04_00	淳平	/sound/voice/B21b_010_060_04_00_00.ogg	monotonic_tfidf	exact	selected	1	same
b21b.fsb.txt	97	22	サンタ	B21b_010_060_05_00	サンタ	/sound/voice/B21b_010_060_05_00_00.ogg	monotonic_tfidf	high	selected	1	same
b21b.fsb.txt	99	23	紫	B21b_010_060_06_00	紫	/sound/voice/B21b_010_060_06_00_00.ogg	unique_exact_anchor	exact	selected	1	same
b21b.fsb.txt	101	24	淳平	B21b_010_060_07_00	淳平	/sound/voice/B21b_010_060_07_00_00.ogg	unique_exact_anchor	exact	selected	1	same
b21b.fsb.txt	107	26	サンタ	B21b_010_070_02_00	サンタ	/sound/voice/B21b_010_070_02_00_00.ogg	unique_exact_anchor	exact	selected	1	same
b21b.fsb.txt	109	27	サンタ	B21b_010_070_03_00	サンタ	/sound/voice/B21b_010_070_03_00_00.ogg	unique_exact_anchor	exact	selected	1	same
b21b.fsb.txt	141	38	サンタ	B21b_010_090_02_00	サンタ	/sound/voice/B21b_010_090_02_00_00.ogg	unique_exact_anchor	exact	selected	1	same
b21b.fsb.txt	143	39	サンタ	B21b_010_090_03_00	サンタ	/sound/voice/B21b_010_090_03_00_00.ogg	unique_exact_anchor	exact	selected	1	same
b21b.fsb.txt	150	41	紫	B21b_010_090_05_00	紫	/sound/voice/B21b_010_090_05_00_00.ogg	monotonic_tfidf	exact	selected	1	same
b21b.fsb.txt	152	42	紫	B21b_010_090_06_00	紫	/sound/voice/B21b_010_090_06_00_00.ogg	monotonic_tfidf	exact	selected	1	same
b21b.fsb.txt	167	47	淳平	B21b_010_110_01_00	淳平	/sound/voice/B21b_010_110_01_00_00.ogg	unique_exact_anchor	exact	selected	1	same
b21b.fsb.txt	169	48	淳平	B21b_010_110_02_00	淳平	/sound/voice/B21b_010_110_02_00_00.ogg	unique_exact_anchor	exact	selected	1	same
b21b.fsb.txt	171	49	淳平	B21b_010_110_03_00	淳平	/sound/voice/B21b_010_110_03_00_00.ogg	monotonic_tfidf	high	selected	1	same
b21b.fsb.txt	173	50	淳平	B21b_010_110_04_00	淳平	/sound/voice/B21b_010_110_04_00_00.ogg	unique_exact_anchor	exact	selected	1	same
b21b.fsb.txt	175	51	淳平	B21b_010_110_05_00	淳平	/sound/voice/B21b_010_110_05_00_00.ogg	monotonic_tfidf	high	selected	1	same
b21b.fsb.txt	178	52	紫	B21b_010_120_01_00	紫	/sound/voice/B21b_010_120_01_00_00.ogg	unique_exact_anchor	exact	selected	1	same
b21b.fsb.txt	180	53	淳平	B21b_010_120_02_00	淳平	/sound/voice/B21b_010_120_02_00_00.ogg	unique_exact_anchor	exact	selected	1	same
b21b.fsb.txt	182	54	紫	B21b_010_120_03_00	紫	/sound/voice/B21b_010_120_03_00_00.ogg	unique_exact_anchor	exact	selected	1	same
b21b.fsb.txt	196	57	セブン	B21b_010_130_01_00	セブン	/sound/voice/B21b_010_130_01_00_00.ogg	unique_exact_anchor	exact	selected	1	same
b21b.fsb.txt	198	58	紫	B21b_010_130_02_00	紫	/sound/voice/B21b_010_130_02_00_00.ogg	unique_exact_anchor	exact	selected	1	same
b21b.fsb.txt	204	61	セブン	B21b_010_130_05_00	セブン	/sound/voice/B21b_010_130_05_00_00.ogg	unique_exact_anchor	exact	selected	1	same
b21b.fsb.txt	211	64	セブン	B21b_010_140_03_00	セブン	/sound/voice/B21b_010_140_03_00_00.ogg	unique_exact_anchor	exact	selected	1	same
b21b.fsb.txt	213	65	セブン	B21b_010_140_04_00	セブン	/sound/voice/B21b_010_140_04_00_00.ogg	monotonic_tfidf	high	selected	1	same
b21b.fsb.txt	226	69	淳平	B21b_010_150_04_00	淳平	/sound/voice/B21b_010_150_04_00_00.ogg	unique_exact_anchor	exact	selected	1	same
b21b.fsb.txt	232	71	紫	B21b_010_160_02_00	紫	/sound/voice/B21b_010_160_02_00_00.ogg	unique_exact_anchor	exact	selected	1	same
b21b.fsb.txt	247	74	サンタ	B21b_010_170_01_00	サンタ	/sound/voice/B21b_010_170_01_00_00.ogg	unique_exact_anchor	exact	selected	1	same
b21b.fsb.txt	252	76	サンタ	B21b_010_170_03_00	サンタ	/sound/voice/B21b_010_170_03_00_00.ogg	unique_exact_anchor	exact	selected	1	same
b21b.fsb.txt	254	77	サンタ	B21b_010_170_04_00	サンタ	/sound/voice/B21b_010_170_04_00_00.ogg	unique_exact_anchor	exact	selected	1	same
b21b.fsb.txt	256	78	サンタ	B21b_010_170_05_00	サンタ	/sound/voice/B21b_010_170_05_00_00.ogg	monotonic_tfidf	high	selected	1	same
b21b.fsb.txt	258	79	サンタ	B21b_010_170_06_00	サンタ	/sound/voice/B21b_010_170_06_00_00.ogg	unique_exact_anchor	exact	selected	1	same
b21b.fsb.txt	266	81	四葉	B21b_010_180_02_00	四葉	/sound/voice/B21b_010_180_02_00_00.ogg	unique_exact_anchor	exact	selected	1	same
b21b.fsb.txt	271	83	サンタ	B21b_010_180_04_00	サンタ	/sound/voice/B21b_010_180_04_00_00.ogg	unique_exact_anchor	exact	selected	1	same
b21b.fsb.txt	273	84	サンタ	B21b_010_180_05_00	サンタ	/sound/voice/B21b_010_180_05_00_00.ogg	unique_exact_anchor	exact	selected	1	same
b21b.fsb.txt	304	89	八代	B21b_010_210_01_00	八代	/sound/voice/B21b_010_210_01_00_00.ogg	unique_exact_anchor	exact	selected	1	same
b21b.fsb.txt	306	90	淳平	B21b_010_210_02_00	淳平	/sound/voice/B21b_010_210_02_00_00.ogg	unique_exact_anchor	exact	selected	1	same
b21b.fsb.txt	308	91	四葉	B21b_010_210_03_00	四葉	/sound/voice/B21b_010_210_03_00_00.ogg	extended_same_speaker	medium	selected	1	same
b21b.fsb.txt	310	92	八代	B21b_010_210_04_00	八代	/sound/voice/B21b_010_210_04_00_00.ogg	unique_exact_anchor	exact	selected	1	same
b21b.fsb.txt	421	107	八代	B21b_020_010_02_00	八代	/sound/voice/B21b_020_010_02_00_00.ogg	unique_exact_anchor	exact	selected	1	same
b21b.fsb.txt	468	110	八代	B21b_020_020_03_00	八代	/sound/voice/B21b_020_020_03_00_00.ogg	unique_exact_anchor	exact	selected	1	same
b21b.fsb.txt	482	113	四葉	B21b_020_030_03_00	四葉	/sound/voice/B21b_020_030_03_00_00.ogg	unique_exact_anchor	exact	selected	1	same
b21b.fsb.txt	494	116	八代	B21b_020_050_01_00	八代	/sound/voice/B21b_020_050_01_00_00.ogg	unique_exact_anchor	exact	selected	1	same
b21b.fsb.txt	496	117	八代	B21b_020_050_02_00	八代	/sound/voice/B21b_020_050_02_00_00.ogg	unique_exact_anchor	exact	selected	1	same
b21b.fsb.txt	530	124	淳平	B21b_030_020_02_10	淳平	/sound/voice/B21b_030_020_02_10_00.ogg	unique_exact_anchor	exact	selected	1	same
b21b.fsb.txt	533	125	八代	B21b_030_020_03_00	八代	/sound/voice/B21b_030_020_03_00_00.ogg	unique_exact_anchor	exact	selected	1	same
b21b.fsb.txt	536	126	淳平	B21b_030_030_01_00	淳平	/sound/voice/B21b_030_030_01_00_00.ogg	unique_exact_anchor	exact	selected	1	same
b21b.fsb.txt	538	127	八代	B21b_030_030_02_00	八代	/sound/voice/B21b_030_030_02_00_00.ogg	unique_exact_anchor	exact	selected	1	same
b21b.fsb.txt	540	128	淳平	B21b_030_030_03_00	淳平	/sound/voice/B21b_030_030_03_00_00.ogg	unique_exact_anchor	exact	selected	1	same
b21b.fsb.txt	542	129	八代	B21b_030_030_04_00	八代	/sound/voice/B21b_030_030_04_00_00.ogg	unique_exact_anchor	exact	selected	1	same
b21b.fsb.txt	591	138	淳平	B21b_040_020_01_00	淳平	/sound/voice/B21b_040_020_01_00_00.ogg	unique_exact_anchor	exact	selected	1	same
b21b.fsb.txt	604	141	八代	B21b_040_030_02_00	八代	/sound/voice/B21b_040_030_02_00_00.ogg	unique_exact_anchor	exact	selected	1	same
b21b.fsb.txt	611	143	八代	B21b_040_050_01_00	八代	/sound/voice/B21b_040_050_01_00_00.ogg	unique_exact_anchor	exact	selected	1	same
b21b.fsb.txt	613	144	淳平	B21b_040_050_02_00	淳平	/sound/voice/B21b_040_050_02_00_00.ogg	unique_exact_anchor	exact	selected	1	same
b21b.fsb.txt	615	145	淳平	B21b_040_050_03_00	淳平	/sound/voice/B21b_040_050_03_00_00.ogg	unique_exact_anchor	exact	selected	1	same
b21b.fsb.txt	617	146	淳平	B21b_040_050_04_00	淳平	/sound/voice/B21b_040_050_04_00_00.ogg	unique_exact_anchor	exact	selected	1	same
b21b.fsb.txt	619	147	八代	B21b_040_050_05_00	八代	/sound/voice/B21b_040_050_05_00_00.ogg	unique_exact_anchor	exact	selected	1	same
b21b.fsb.txt	650	154	淳平	B21b_040_070_02_00	淳平	/sound/voice/B21b_040_070_02_00_00.ogg	unique_exact_anchor	exact	selected	1	same
b21b.fsb.txt	656	156	四葉	B21b_040_080_01_00	四葉	/sound/voice/B21b_040_080_01_00_00.ogg	unique_exact_anchor	exact	selected	1	same
b21b.fsb.txt	658	157	淳平	B21b_040_080_02_00	淳平	/sound/voice/B21b_040_080_02_00_00.ogg	unique_exact_anchor	exact	selected	1	same
b21b.fsb.txt	660	158	淳平	B21b_040_080_03_00	淳平	/sound/voice/B21b_040_080_03_00_00.ogg	unique_exact_anchor	exact	selected	1	same
b21b.fsb.txt	662	159	四葉	B21b_040_080_04_00	四葉	/sound/voice/B21b_040_080_04_00_00.ogg	unique_exact_anchor	exact	selected	1	same
b21b.fsb.txt	664	160	淳平	B21b_040_080_05_00	淳平	/sound/voice/B21b_040_080_05_00_00.ogg	unique_exact_anchor	exact	selected	1	same
b21b.fsb.txt	667	161	四葉	B21b_040_090_01_00	四葉	/sound/voice/B21b_040_090_01_00_00.ogg	unique_exact_anchor	exact	selected	1	same
b21b.fsb.txt	669	162	淳平	B21b_040_090_02_00	淳平	/sound/voice/B21b_040_090_02_00_00.ogg	unique_exact_anchor	exact	selected	1	same
b21b.fsb.txt	671	163	淳平	B21b_040_090_03_00	淳平	/sound/voice/B21b_040_090_03_00_00.ogg	unique_exact_anchor	exact	selected	1	same
b21b.fsb.txt	677	165	四葉	B21b_040_090_05_00	四葉	/sound/voice/B21b_040_090_05_00_00.ogg	unique_exact_anchor	exact	selected	1	same
b21b.fsb.txt	683	167	四葉	B21b_040_100_02_00	四葉	/sound/voice/B21b_040_100_02_00_00.ogg	unique_exact_anchor	exact	selected	1	same
b21b.fsb.txt	686	168	四葉	B21b_040_100_03_00	四葉	/sound/voice/B21b_040_100_03_00_00.ogg	unique_exact_anchor	exact	selected	1	same
b21b.fsb.txt	688	169	四葉	B21b_040_100_04_00	四葉	/sound/voice/B21b_040_100_04_00_00.ogg	unique_exact_anchor	exact	selected	1	same
b21b.fsb.txt	702	172	八代	B21b_040_110_04_00	八代	/sound/voice/B21b_040_110_04_00_00.ogg	unique_exact_anchor	exact	selected	1	same
b21b.fsb.txt	708	174	四葉	B21b_040_120_02_00	四葉	/sound/voice/B21b_040_120_02_00_00.ogg	unique_exact_anchor	exact	selected	1	same
b21b.fsb.txt	718	177	淳平	B21b_040_130_01_10	淳平	/sound/voice/B21b_040_130_01_10_00.ogg	monotonic_tfidf	medium	selected	1	same
b21b.fsb.txt	746	182	四葉	B21b_040_150_02_00	四葉	/sound/voice/B21b_040_150_02_00_00.ogg	unique_exact_anchor	exact	selected	1	same
b21b.fsb.txt	753	184	淳平	B21b_040_150_04_00	淳平	/sound/voice/B21b_040_150_04_00_00.ogg	unique_exact_anchor	exact	selected	1	same
b21b.fsb.txt	765	187	四葉	B21b_040_160_04_00	四葉	/sound/voice/B21b_040_160_04_00_00.ogg	unique_exact_anchor	exact	selected	1	same
b21b.fsb.txt	767	188	八代	B21b_040_160_05_00	八代	/sound/voice/B21b_040_160_05_00_00.ogg	unique_exact_anchor	exact	selected	1	same
b21b.fsb.txt	769	189	淳平	B21b_040_160_06_00	淳平	/sound/voice/B21b_040_160_06_00_00.ogg	unique_exact_anchor	exact	selected	1	same
b21b.fsb.txt	778	191	淳平	B21b_040_170_01_00	淳平	/sound/voice/B21b_040_170_01_00_00.ogg	unique_exact_anchor	exact	selected	1	same
b21b.fsb.txt	781	192	四葉	B21b_040_170_02_00	四葉	/sound/voice/B21b_040_170_02_00_00.ogg	unique_exact_anchor	exact	selected	1	same
b21b.fsb.txt	783	193	淳平	B21b_040_170_03_00	淳平	/sound/voice/B21b_040_170_03_00_00.ogg	unique_exact_anchor	exact	selected	1	same
b21b.fsb.txt	786	194	八代	B21b_040_170_04_00	八代	/sound/voice/B21b_040_170_04_00_00.ogg	unique_exact_anchor	exact	selected	1	same
b21b.fsb.txt	792	196	淳平	B21b_040_180_02_00	淳平	/sound/voice/B21b_040_180_02_00_00.ogg	unique_exact_anchor	exact	selected	1	same
b21b.fsb.txt	794	197	淳平	B21b_040_180_03_00	淳平	/sound/voice/B21b_040_180_03_00_00.ogg	unique_exact_anchor	exact	selected	1	same
b21b.fsb.txt	796	198	四葉	B21b_040_180_04_00	四葉	/sound/voice/B21b_040_180_04_00_00.ogg	unique_exact_anchor	exact	selected	1	same
b21d.fsb.txt	31	4	淳平	B21d_010_020_03_10	淳平	/sound/voice/B21d_010_020_03_10_00.ogg	monotonic_tfidf	review	selected	1	same
b21d.fsb.txt	37	6	淳平	B21d_010_030_02_00	淳平	/sound/voice/B21d_010_030_02_00_00.ogg	unique_exact_anchor	exact	selected	1	same
b21d.fsb.txt	39	7	八代	B21d_010_030_03_00	八代	/sound/voice/B21d_010_030_03_00_00.ogg	unique_exact_anchor	exact	selected	1	same
b21d.fsb.txt	41	8	淳平	B21d_010_030_04_00	淳平	/sound/voice/B21d_010_030_04_00_00.ogg	unique_exact_anchor	exact	selected	1	same
b21d.fsb.txt	43	9	淳平	B21d_010_030_05_00	淳平	/sound/voice/B21d_010_030_05_00_00.ogg	unique_exact_anchor	exact	selected	1	same
b21d.fsb.txt	45	10	淳平	B21d_010_030_06_00	淳平	/sound/voice/B21d_010_030_06_00_00.ogg	unique_exact_anchor	exact	selected	1	same
b21d.fsb.txt	47	11	淳平	B21d_010_030_07_00	淳平	/sound/voice/B21d_010_030_07_00_00.ogg	unique_exact_anchor	exact	selected	1	same
b21d.fsb.txt	49	12	八代	B21d_010_030_08_00	八代	/sound/voice/B21d_010_030_08_00_00.ogg	unique_exact_anchor	exact	selected	1	same
b21d.fsb.txt	56	14	淳平	B21d_010_040_01_00	淳平	/sound/voice/B21d_010_040_01_00_00.ogg	unique_exact_anchor	exact	selected	1	same
b21d.fsb.txt	58	15	八代	B21d_010_040_02_00	八代	/sound/voice/B21d_010_040_02_00_00.ogg	unique_exact_anchor	exact	selected	1	same
b21d.fsb.txt	60	16	八代	B21d_010_040_03_00	八代	/sound/voice/B21d_010_040_03_00_00.ogg	unique_exact_anchor	exact	selected	1	same
b21d.fsb.txt	66	18	淳平	B21d_010_050_02_00	淳平	/sound/voice/B21d_010_050_02_00_00.ogg	unique_exact_anchor	exact	selected	1	same
b21d.fsb.txt	68	19	八代	B21d_010_050_03_00	八代	/sound/voice/B21d_010_050_03_00_00.ogg	unique_exact_anchor	exact	selected	1	same
b21d.fsb.txt	70	20	淳平	B21d_010_050_04_00	淳平	/sound/voice/B21d_010_050_04_00_00.ogg	monotonic_tfidf	exact	selected	1	same
b21d.fsb.txt	86	23	八代	B21d_010_070_01_00	八代	/sound/voice/B21d_010_070_01_00_00.ogg	unique_exact_anchor	exact	selected	1	same
b21d.fsb.txt	88	24	淳平	B21d_010_070_02_00	淳平	/sound/voice/B21d_010_070_02_00_00.ogg	monotonic_tfidf	high	selected	1	same
b21d.fsb.txt	90	25	八代	B21d_010_070_03_00	八代	/sound/voice/B21d_010_070_03_00_00.ogg	unique_exact_anchor	exact	selected	1	same
b21d.fsb.txt	92	26	淳平	B21d_010_070_04_00	淳平	/sound/voice/B21d_010_070_04_00_00.ogg	unique_exact_anchor	exact	selected	1	same
b21d.fsb.txt	94	27	淳平	B21d_010_070_05_00	淳平	/sound/voice/B21d_010_070_05_00_00.ogg	unique_exact_anchor	exact	selected	1	same
b21d.fsb.txt	96	28	八代	B21d_010_070_06_00	八代	/sound/voice/B21d_010_070_06_00_00.ogg	unique_exact_anchor	exact	selected	1	same
b21d.fsb.txt	98	29	淳平	B21d_010_070_07_00	淳平	/sound/voice/B21d_010_070_07_00_00.ogg	unique_exact_anchor	exact	selected	1	same
b21d.fsb.txt	100	30	八代	B21d_010_070_08_00	八代	/sound/voice/B21d_010_070_08_00_00.ogg	unique_exact_anchor	exact	selected	1	same
b21d.fsb.txt	122	34	八代	B21d_010_080_04_00	八代	/sound/voice/B21d_010_080_04_00_00.ogg	unique_exact_anchor	exact	selected	1	same
b21d.fsb.txt	134	37	淳平	B21d_010_090_02_00	淳平	/sound/voice/B21d_010_090_02_00_00.ogg | /sound/voice/B21d_010_090_02_00_01.ogg	monotonic_tfidf	high	selected	1	same
b21d.fsb.txt	139	39	八代	B21d_010_090_04_00	八代	/sound/voice/B21d_010_090_04_00_00.ogg	unique_exact_anchor	exact	selected	1	same
b21d.fsb.txt	141	40	淳平	B21d_010_090_05_00	淳平	/sound/voice/B21d_010_090_05_00_00.ogg	unique_exact_anchor	exact	selected	1	same
b21d.fsb.txt	174	45	淳平	B21d_010_100_01_10	淳平	/sound/voice/B21d_010_100_01_10_00.ogg	unique_exact_anchor	exact	selected	1	same
b21d.fsb.txt	176	46	八代	B21d_010_100_02_00	八代	/sound/voice/B21d_010_100_02_00_00.ogg	unique_exact_anchor	exact	selected	1	same
b21d.fsb.txt	178	47	八代	B21d_010_100_03_00	八代	/sound/voice/B21d_010_100_03_00_00.ogg	unique_exact_anchor	exact	selected	1	same
b21d.fsb.txt	180	48	淳平	B21d_010_100_04_00	淳平	/sound/voice/B21d_010_100_04_00_00.ogg	monotonic_tfidf	review	selected	1	same
b21d.fsb.txt	187	50	八代	B21d_010_110_01_00	八代	/sound/voice/B21d_010_110_01_00_00.ogg	unique_exact_anchor	exact	selected	1	same
b21d.fsb.txt	220	55	淳平	B21d_010_130_01_00	淳平	/sound/voice/B21d_010_130_01_00_00.ogg	unique_exact_anchor	exact	selected	1	same
b21d.fsb.txt	222	56	八代	B21d_010_130_02_00	八代	/sound/voice/B21d_010_130_02_00_00.ogg	unique_exact_anchor	exact	selected	1	same
b21d.fsb.txt	224	57	淳平	B21d_010_130_03_00	淳平	/sound/voice/B21d_010_130_03_00_00.ogg	unique_exact_anchor	exact	selected	1	same
b21d.fsb.txt	226	58	八代	B21d_010_130_04_00	八代	/sound/voice/B21d_010_130_04_00_00.ogg	unique_exact_anchor	exact	selected	1	same
b21d.fsb.txt	240	63	八代	B21d_010_150_01_00	八代	/sound/voice/B21d_010_150_01_00_00.ogg	unique_exact_anchor	exact	selected	1	same
b21d.fsb.txt	242	64	八代	B21d_010_150_02_00	八代	/sound/voice/B21d_010_150_02_00_00.ogg	unique_exact_anchor	exact	selected	1	same
b21d.fsb.txt	251	67	八代	B21d_010_160_01_00	八代	/sound/voice/B21d_010_160_01_00_00.ogg	unique_exact_anchor	exact	selected	1	same
b21d.fsb.txt	253	68	淳平	B21d_010_160_02_00	淳平	/sound/voice/B21d_010_160_02_00_00.ogg	unique_exact_anchor	exact	selected	1	same
b21d.fsb.txt	255	69	八代	B21d_010_160_03_00	八代	/sound/voice/B21d_010_160_03_00_00.ogg	unique_exact_anchor	exact	selected	1	same
b21d.fsb.txt	257	70	八代	B21d_010_160_04_00	八代	/sound/voice/B21d_010_160_04_00_00.ogg	unique_exact_anchor	exact	selected	1	same
b21d.fsb.txt	259	71	淳平	B21d_010_160_05_00	淳平	/sound/voice/B21d_010_160_05_00_00.ogg	monotonic_tfidf	exact	selected	1	same
b21d.fsb.txt	261	72	八代	B21d_010_160_06_00	八代	/sound/voice/B21d_010_160_06_00_00.ogg	unique_exact_anchor	exact	selected	1	same
b21d.fsb.txt	267	73	八代	B21d_010_160_07_00	八代	/sound/voice/B21d_010_160_07_00_00.ogg	unique_exact_anchor	exact	selected	1	same
b21d.fsb.txt	269	74	八代	B21d_010_160_08_00	八代	/sound/voice/B21d_010_160_08_00_00.ogg	unique_exact_anchor	exact	selected	1	same
b21d.fsb.txt	271	75	八代	B21d_010_160_09_00	八代	/sound/voice/B21d_010_160_09_00_00.ogg	unique_exact_anchor	exact	selected	1	same
b21d.fsb.txt	273	76	八代	B21d_010_160_10_00	八代	/sound/voice/B21d_010_160_10_00_00.ogg	unique_exact_anchor	exact	selected	1	same
b21d.fsb.txt	275	77	淳平	B21d_010_160_11_00	淳平	/sound/voice/B21d_010_160_11_00_00.ogg	unique_exact_anchor	exact	selected	1	same
b21d.fsb.txt	277	78	八代	B21d_010_160_12_00	八代	/sound/voice/B21d_010_160_12_00_00.ogg	unique_exact_anchor	exact	selected	1	same
b21d.fsb.txt	279	79	淳平	B21d_010_160_13_00	淳平	/sound/voice/B21d_010_160_13_00_00.ogg	monotonic_tfidf	exact	selected	1	same
b21d.fsb.txt	281	80	八代	B21d_010_160_14_00	八代	/sound/voice/B21d_010_160_14_00_00.ogg	unique_exact_anchor	exact	selected	1	same
b21d.fsb.txt	283	81	八代	B21d_010_160_15_00	八代	/sound/voice/B21d_010_160_15_00_00.ogg	unique_exact_anchor	exact	selected	1	same
b21d.fsb.txt	285	82	淳平	B21d_010_160_16_00	淳平	/sound/voice/B21d_010_160_16_00_00.ogg	unique_exact_anchor	exact	selected	1	same
b21d.fsb.txt	287	83	八代	B21d_010_160_17_00	八代	/sound/voice/B21d_010_160_17_00_00.ogg	unique_exact_anchor	exact	selected	1	same
b21d.fsb.txt	289	84	八代	B21d_010_160_18_00	八代	/sound/voice/B21d_010_160_18_00_00.ogg	unique_exact_anchor	exact	selected	1	same
b21d.fsb.txt	291	85	八代	B21d_010_160_19_00	八代	/sound/voice/B21d_010_160_19_00_00.ogg	unique_exact_anchor	exact	selected	1	same
b21d.fsb.txt	293	86	八代	B21d_010_160_20_00	八代	/sound/voice/B21d_010_160_20_00_00.ogg	unique_exact_anchor	exact	selected	1	same
b21d.fsb.txt	295	87	八代	B21d_010_160_21_00	八代	/sound/voice/B21d_010_160_21_00_00.ogg	monotonic_tfidf	high	selected	1	same
b21d.fsb.txt	297	88	八代	B21d_010_160_22_00	八代	/sound/voice/B21d_010_160_22_00_00.ogg	unique_exact_anchor	exact	selected	1	same
b21d.fsb.txt	299	89	八代	B21d_010_160_23_00	八代	/sound/voice/B21d_010_160_23_00_00.ogg	monotonic_tfidf	high	selected	1	same
b21d.fsb.txt	301	90	八代	B21d_010_160_24_00	八代	/sound/voice/B21d_010_160_24_00_00.ogg	unique_exact_anchor	exact	selected	1	same
b21d.fsb.txt	303	91	八代	B21d_010_160_25_00	八代	/sound/voice/B21d_010_160_25_00_00.ogg	monotonic_tfidf	high	selected	1	same
b21d.fsb.txt	305	92	八代	B21d_010_160_26_00	八代	/sound/voice/B21d_010_160_26_00_00.ogg	monotonic_tfidf	high	selected	1	same
b21d.fsb.txt	309	94	八代	B21d_010_160_28_00	八代	/sound/voice/B21d_010_160_28_00_00.ogg	unique_exact_anchor	exact	selected	1	same
b21d.fsb.txt	311	95	八代	B21d_010_160_29_00	八代	/sound/voice/B21d_010_160_29_00_00.ogg	unique_exact_anchor	exact	selected	1	same
b21d.fsb.txt	313	96	八代	B21d_010_160_30_00	八代	/sound/voice/B21d_010_160_30_00_00.ogg	unique_exact_anchor	exact	selected	1	same
b21d.fsb.txt	328	99	淳平	B21d_010_170_03_00	淳平	/sound/voice/B21d_010_170_03_00_00.ogg	unique_exact_anchor	exact	selected	1	same
b21d.fsb.txt	332	100	八代	B21d_010_180_01_00	八代	/sound/voice/B21d_010_180_01_00_00.ogg | /sound/voice/B21d_010_180_01_00_01.ogg	monotonic_tfidf	high	selected	1	same
b21d.fsb.txt	334	101	八代	B21d_010_180_02_00	八代	/sound/voice/B21d_010_180_02_00_00.ogg	unique_exact_anchor	exact	selected	1	same
b21d.fsb.txt	336	102	淳平	B21d_010_180_03_00	淳平	/sound/voice/B21d_010_180_03_00_00.ogg	unique_exact_anchor	exact	selected	1	same
b21d.fsb.txt	338	103	八代	B21d_010_180_04_00	八代	/sound/voice/B21d_010_180_04_00_00.ogg	unique_exact_anchor	exact	selected	1	same
b21d.fsb.txt	340	104	八代	B21d_010_180_05_00	八代	/sound/voice/B21d_010_180_05_00_00.ogg	unique_exact_anchor	exact	selected	1	same
b21d.fsb.txt	342	105	八代	B21d_010_180_06_00	八代	/sound/voice/B21d_010_180_06_00_00.ogg	monotonic_tfidf	high	selected	1	same
b21d.fsb.txt	344	106	八代	B21d_010_180_07_00	八代	/sound/voice/B21d_010_180_07_00_00.ogg	unique_exact_anchor	exact	selected	1	same
b21d.fsb.txt	346	107	八代	B21d_010_180_08_00	八代	/sound/voice/B21d_010_180_08_00_00.ogg	monotonic_tfidf	high	selected	1	same
b21d.fsb.txt	348	108	八代	B21d_010_180_09_00	八代	/sound/voice/B21d_010_180_09_00_00.ogg	monotonic_tfidf	high	selected	1	same
b21d.fsb.txt	350	109	八代	B21d_010_180_10_00	八代	/sound/voice/B21d_010_180_10_00_00.ogg	monotonic_tfidf	high	selected	1	same
b21d.fsb.txt	356	112	八代	B21d_010_180_13_00	八代	/sound/voice/B21d_010_180_13_00_00.ogg	unique_exact_anchor	exact	selected	1	same
b21d.fsb.txt	358	113	八代	B21d_010_180_14_00	八代	/sound/voice/B21d_010_180_14_00_00.ogg	unique_exact_anchor	exact	selected	1	same
b21d.fsb.txt	360	114	八代	B21d_010_180_15_00	八代	/sound/voice/B21d_010_180_15_00_00.ogg	unique_exact_anchor	exact	selected	1	same
b21d.fsb.txt	362	115	八代	B21d_010_180_16_00	八代	/sound/voice/B21d_010_180_16_00_00.ogg	unique_exact_anchor	exact	selected	1	same
b21d.fsb.txt	364	116	八代	B21d_010_180_17_00	八代	/sound/voice/B21d_010_180_17_00_00.ogg	unique_exact_anchor	exact	selected	1	same
b21d.fsb.txt	395	122	八代	B21d_010_210_01_00	八代	/sound/voice/B21d_010_210_01_00_00.ogg	unique_exact_anchor	exact	selected	1	same
b21d.fsb.txt	404	126	八代	B21d_010_210_05_00	八代	/sound/voice/B21d_010_210_05_00_00.ogg	unique_exact_anchor	exact	selected	1	same
b21d.fsb.txt	408	128	八代	B21d_010_210_07_00	八代	/sound/voice/B21d_010_210_07_00_00.ogg	monotonic_tfidf	high	selected	1	same
b21d.fsb.txt	410	129	八代	B21d_010_210_08_00	八代	/sound/voice/B21d_010_210_08_00_00.ogg	unique_exact_anchor	exact	selected	1	same
b21d.fsb.txt	412	130	八代	B21d_010_210_09_00	八代	/sound/voice/B21d_010_210_09_00_00.ogg	unique_exact_anchor	exact	selected	1	same
b21d.fsb.txt	414	131	八代	B21d_010_210_10_00	八代	/sound/voice/B21d_010_210_10_00_00.ogg	unique_exact_anchor	exact	selected	1	same
b21d.fsb.txt	416	132	淳平	B21d_010_210_11_00	淳平	/sound/voice/B21d_010_210_11_00_00.ogg	unique_exact_anchor	exact	selected	1	same
b21d.fsb.txt	418	133	淳平	B21d_010_210_12_00	淳平	/sound/voice/B21d_010_210_12_00_00.ogg	monotonic_tfidf	review	selected	1	same
b21d.fsb.txt	425	135	八代	B21d_010_220_01_00	八代	/sound/voice/B21d_010_220_01_00_00.ogg	unique_exact_anchor	exact	selected	1	same
b21d.fsb.txt	432	138	淳平	B21d_010_220_04_00	淳平	/sound/voice/B21d_010_220_04_00_00.ogg	monotonic_tfidf	review	selected	1	same
b21d.fsb.txt	434	139	八代	B21d_010_220_05_00	八代	/sound/voice/B21d_010_220_05_00_00.ogg	unique_exact_anchor	exact	selected	1	same
b21d.fsb.txt	436	140	八代	B21d_010_220_06_00	八代	/sound/voice/B21d_010_220_06_00_00.ogg	unique_exact_anchor	exact	selected	1	same
b21d.fsb.txt	438	141	八代	B21d_010_220_07_00	八代	/sound/voice/B21d_010_220_07_00_00.ogg	unique_exact_anchor	exact	selected	1	same
b21d.fsb.txt	440	142	八代	B21d_010_220_08_00	八代	/sound/voice/B21d_010_220_08_00_00.ogg	unique_exact_anchor	exact	selected	1	same
b21d.fsb.txt	442	143	八代	B21d_010_220_09_00	八代	/sound/voice/B21d_010_220_09_00_00.ogg	unique_exact_anchor	exact	selected	1	same
b21d.fsb.txt	444	144	淳平	B21d_010_220_10_00	淳平	/sound/voice/B21d_010_220_10_00_00.ogg	unique_exact_anchor	exact	selected	1	same
b21d.fsb.txt	448	145	八代	B21d_010_230_01_00	八代	/sound/voice/B21d_010_230_01_00_00.ogg	unique_exact_anchor	exact	selected	1	same
b21d.fsb.txt	450	146	八代	B21d_010_230_02_00	八代	/sound/voice/B21d_010_230_02_00_00.ogg	unique_exact_anchor	exact	selected	1	same
b21d.fsb.txt	452	147	八代	B21d_010_230_03_00	八代	/sound/voice/B21d_010_230_03_00_00.ogg	unique_exact_anchor	exact	selected	1	same
b21d.fsb.txt	456	149	八代	B21d_010_230_05_10	八代	/sound/voice/B21d_010_230_05_10_00.ogg	monotonic_tfidf	medium	selected	1	same
b21d.fsb.txt	458	150	八代	B21d_010_230_06_00	八代	/sound/voice/B21d_010_230_06_00_00.ogg	unique_exact_anchor	exact	selected	1	same
b21d.fsb.txt	460	151	八代	B21d_010_230_07_00	八代	/sound/voice/B21d_010_230_07_00_00.ogg	unique_exact_anchor	exact	selected	1	same
b21d.fsb.txt	462	152	淳平	B21d_010_230_08_00	淳平	/sound/voice/B21d_010_230_08_00_00.ogg	monotonic_tfidf	high	selected	1	same
b21d.fsb.txt	468	154	淳平	B21d_010_240_01_00	淳平	/sound/voice/B21d_010_240_01_00_00.ogg	unique_exact_anchor	exact	selected	1	same
b21d.fsb.txt	470	155	八代	B21d_010_240_02_00	八代	/sound/voice/B21d_010_240_02_00_00.ogg	unique_exact_anchor	exact	selected	1	same
b21d.fsb.txt	472	156	淳平	B21d_010_240_03_00	淳平	/sound/voice/B21d_010_240_03_00_00.ogg	unique_exact_anchor	exact	selected	1	same
b21d.fsb.txt	474	157	八代	B21d_010_240_04_00	八代	/sound/voice/B21d_010_240_04_00_00.ogg	unique_exact_anchor	exact	selected	1	same
b21d.fsb.txt	476	158	淳平	B21d_010_240_05_00	淳平	/sound/voice/B21d_010_240_05_00_00.ogg	unique_exact_anchor	exact	selected	1	same
b21d.fsb.txt	478	159	八代	B21d_010_240_06_00	八代	/sound/voice/B21d_010_240_06_00_00.ogg	unique_exact_anchor	exact	selected	1	same
b21d.fsb.txt	480	160	八代	B21d_010_240_07_00	八代	/sound/voice/B21d_010_240_07_00_00.ogg	unique_exact_anchor	exact	selected	1	same
b21d.fsb.txt	486	163	淳平	B21d_010_240_10_00	淳平	/sound/voice/B21d_010_240_10_00_00.ogg	unique_exact_anchor	exact	selected	1	same
b21d.fsb.txt	489	164	八代	B21d_010_240_11_00	八代	/sound/voice/B21d_010_240_11_00_00.ogg	unique_exact_anchor	exact	selected	1	same
b21d.fsb.txt	496	166	八代	B21d_010_250_01_00	八代	/sound/voice/B21d_010_250_01_00_00.ogg	unique_exact_anchor	exact	selected	1	same
b21d.fsb.txt	498	167	八代	B21d_010_250_02_00	八代	/sound/voice/B21d_010_250_02_00_00.ogg	unique_exact_anchor	exact	selected	1	same
b21d.fsb.txt	501	168	八代	B21d_010_250_03_00	八代	/sound/voice/B21d_010_250_03_00_00.ogg	unique_exact_anchor	exact	selected	1	same
b21d.fsb.txt	503	169	淳平	B21d_010_250_04_00	淳平	/sound/voice/B21d_010_250_04_00_00.ogg	monotonic_tfidf	exact	selected	1	same
b21d.fsb.txt	505	170	八代	B21d_010_250_05_00	八代	/sound/voice/B21d_010_250_05_00_00.ogg	unique_exact_anchor	exact	selected	1	same
b21d.fsb.txt	547	176	八代	B21d_010_270_01_00	八代	/sound/voice/B21d_010_270_01_00_00.ogg	unique_exact_anchor	exact	selected	1	same
b21d.fsb.txt	567	180	淳平	B21d_010_280_02_10	淳平	/sound/voice/B21d_010_280_02_10_00.ogg	monotonic_tfidf	review	selected	1	same
b21d.fsb.txt	569	181	八代	B21d_010_280_03_00	八代	/sound/voice/B21d_010_280_03_00_00.ogg	unique_exact_anchor	exact	selected	1	same
b21d.fsb.txt	581	184	淳平	B21d_010_300_02_00	淳平	/sound/voice/B21d_010_300_02_00_00.ogg	monotonic_tfidf	high	selected	1	same
b21d.fsb.txt	583	185	八代	B21d_010_300_03_00	八代	/sound/voice/B21d_010_300_03_00_00.ogg	unique_exact_anchor	exact	selected	1	same
b21d.fsb.txt	585	186	淳平	B21d_010_300_04_00	淳平	/sound/voice/B21d_010_300_04_00_00.ogg	unique_exact_anchor	exact	selected	1	same
b21d.fsb.txt	587	187	淳平	B21d_010_300_05_00	淳平	/sound/voice/B21d_010_300_05_00_00.ogg	unique_exact_anchor	exact	selected	1	same
b21d.fsb.txt	589	188	八代	B21d_010_300_06_00	八代	/sound/voice/B21d_010_300_06_00_00.ogg	unique_exact_anchor	exact	selected	1	same
b21d.fsb.txt	591	189	淳平	B21d_010_300_07_00	淳平	/sound/voice/B21d_010_300_07_00_00.ogg	unique_exact_anchor	exact	selected	1	same
b21d.fsb.txt	593	190	淳平	B21d_010_300_08_00	淳平	/sound/voice/B21d_010_300_08_00_00.ogg	unique_exact_anchor	exact	selected	1	same
b21d.fsb.txt	595	191	淳平	B21d_010_300_09_00	淳平	/sound/voice/B21d_010_300_09_00_00.ogg	unique_exact_anchor	exact	selected	1	same
b21d.fsb.txt	608	195	八代	B21d_010_301_04_00	八代	/sound/voice/B21d_010_301_04_00_00.ogg	unique_exact_anchor	exact	selected	1	same
b21d.fsb.txt	614	197	八代	B21d_010_310_01_00	八代	/sound/voice/B21d_010_310_01_00_00.ogg	unique_exact_anchor	exact	selected	1	same
b21d.fsb.txt	616	198	淳平	B21d_010_310_02_00	淳平	/sound/voice/B21d_010_310_02_00_00.ogg	unique_exact_anchor	exact	selected	1	same
b21d.fsb.txt	618	199	八代	B21d_010_310_03_00	八代	/sound/voice/B21d_010_310_03_00_00.ogg	unique_exact_anchor	exact	selected	1	same
b21d.fsb.txt	620	200	八代	B21d_010_310_04_00	八代	/sound/voice/B21d_010_310_04_00_00.ogg	unique_exact_anchor	exact	selected	1	same
b21d.fsb.txt	624	202	八代	B21d_010_310_06_00	八代	/sound/voice/B21d_010_310_06_00_00.ogg	unique_exact_anchor	exact	selected	1	same
b21d.fsb.txt	667	211	八代	B21d_010_330_01_00	八代	/sound/voice/B21d_010_330_01_00_00.ogg	unique_exact_anchor	exact	selected	1	same
b21d.fsb.txt	694	217	淳平	B21d_010_350_02_00	淳平	/sound/voice/B21d_010_350_02_00_00.ogg	unique_exact_anchor	exact	selected	1	same
b21d.fsb.txt	696	218	八代	B21d_010_350_03_00	八代	/sound/voice/B21d_010_350_03_00_00.ogg	unique_exact_anchor	exact	selected	1	same
b21d.fsb.txt	698	219	淳平	B21d_010_350_04_00	淳平	/sound/voice/B21d_010_350_04_00_00.ogg	unique_exact_anchor	exact	selected	1	same
b21d.fsb.txt	700	220	八代	B21d_010_350_05_00	八代	/sound/voice/B21d_010_350_05_00_00.ogg	unique_exact_anchor	exact	selected	1	same
b21d.fsb.txt	710	222	淳平	B21d_010_351_01_00	淳平	/sound/voice/B21d_010_351_01_00_00.ogg	unique_exact_anchor	exact	selected	1	same
b21d.fsb.txt	713	223	八代	B21d_010_351_02_00	八代	/sound/voice/B21d_010_351_02_00_00.ogg	unique_exact_anchor	exact	selected	1	same
b21d.fsb.txt	715	224	八代	B21d_010_351_03_00	八代	/sound/voice/B21d_010_351_03_00_00.ogg	unique_exact_anchor	exact	selected	1	same
b21d.fsb.txt	725	225	八代	B21d_010_351_04_00	八代	/sound/voice/B21d_010_351_04_00_00.ogg	unique_exact_anchor	exact	selected	1	same
b21d.fsb.txt	727	226	八代	B21d_010_351_05_00	八代	/sound/voice/B21d_010_351_05_00_00.ogg	unique_exact_anchor	exact	selected	1	same
b21d.fsb.txt	729	227	淳平	B21d_010_351_06_00	淳平	/sound/voice/B21d_010_351_06_00_00.ogg	unique_exact_anchor	exact	selected	1	same
b21d.fsb.txt	731	228	八代	B21d_010_351_07_00	八代	/sound/voice/B21d_010_351_07_00_00.ogg	unique_exact_anchor	exact	selected	1	same
b21d.fsb.txt	733	229	淳平	B21d_010_351_08_00	淳平	/sound/voice/B21d_010_351_08_00_00.ogg	monotonic_tfidf	exact	selected	1	same
b21d.fsb.txt	735	230	八代	B21d_010_351_09_00	八代	/sound/voice/B21d_010_351_09_00_00.ogg	unique_exact_anchor	exact	selected	1	same
b21d.fsb.txt	737	231	八代	B21d_010_351_10_00	八代	/sound/voice/B21d_010_351_10_00_00.ogg	unique_exact_anchor	exact	selected	1	same
b21d.fsb.txt	771	238	四葉	B21d_020_020_01_00	四葉	/sound/voice/B21d_020_020_01_00_00.ogg	unique_exact_anchor	exact	selected	1	same
b21d.fsb.txt	783	240	淳平	B21d_020_020_03_00	淳平	/sound/voice/B21d_020_020_03_00_00.ogg	unique_exact_anchor	exact	selected	1	same
b21d.fsb.txt	810	245	四葉	B21d_020_030_01_00	四葉	/sound/voice/B21d_020_030_01_00_00.ogg	unique_exact_anchor	exact	selected	1	same
b21d.fsb.txt	812	246	淳平	B21d_020_030_02_00	淳平	/sound/voice/B21d_020_030_02_00_00.ogg	unique_exact_anchor	exact	selected	1	same
b21d.fsb.txt	814	247	四葉	B21d_020_030_03_00	四葉	/sound/voice/B21d_020_030_03_00_00.ogg	monotonic_tfidf	high	selected	1	same
b21d.fsb.txt	816	248	四葉	B21d_020_030_04_00	四葉	/sound/voice/B21d_020_030_04_00_00.ogg	unique_exact_anchor	exact	selected	1	same
b21d.fsb.txt	849	255	淳平	B21d_020_060_01_00	淳平	/sound/voice/B21d_020_060_01_00_00.ogg	unique_exact_anchor	exact	selected	1	same
b21d.fsb.txt	851	256	淳平	B21d_020_060_02_00	淳平	/sound/voice/B21d_020_060_02_00_00.ogg	monotonic_tfidf	high	selected	1	same
b21d.fsb.txt	853	257	淳平	B21d_020_060_03_00	淳平	/sound/voice/B21d_020_060_03_00_00.ogg	unique_exact_anchor	exact	selected	1	same
b21d.fsb.txt	855	258	四葉	B21d_020_060_04_00	四葉	/sound/voice/B21d_020_060_04_00_00.ogg	unique_exact_anchor	exact	selected	1	same
b21d.fsb.txt	862	260	淳平	B21d_020_070_01_00	淳平	/sound/voice/B21d_020_070_01_00_00.ogg	unique_exact_anchor	exact	selected	1	same
b21d.fsb.txt	864	261	四葉	B21d_020_070_02_00	四葉	/sound/voice/B21d_020_070_02_00_00.ogg	unique_exact_anchor	exact	selected	1	same
b21d.fsb.txt	866	262	淳平	B21d_020_070_03_00	淳平	/sound/voice/B21d_020_070_03_00_00.ogg	unique_exact_anchor	exact	selected	1	same
b21d.fsb.txt	868	263	淳平	B21d_020_070_04_00	淳平	/sound/voice/B21d_020_070_04_00_00.ogg	unique_exact_anchor	exact	selected	1	same
b21d.fsb.txt	870	264	淳平	B21d_020_070_05_00	淳平	/sound/voice/B21d_020_070_05_00_00.ogg	unique_exact_anchor	exact	selected	1	same
b21d.fsb.txt	872	265	四葉	B21d_020_070_06_00	四葉	/sound/voice/B21d_020_070_06_00_00.ogg	unique_exact_anchor	exact	selected	1	same
b21d.fsb.txt	874	266	淳平	B21d_020_070_07_00	淳平	/sound/voice/B21d_020_070_07_00_00.ogg	unique_exact_anchor	exact	selected	1	same
b21d.fsb.txt	876	267	四葉	B21d_020_070_08_00	四葉	/sound/voice/B21d_020_070_08_00_00.ogg	unique_exact_anchor	exact	selected	1	same
b21d.fsb.txt	878	268	四葉	B21d_020_070_09_00	四葉	/sound/voice/B21d_020_070_09_00_00.ogg	unique_exact_anchor	exact	selected	1	same
b21d.fsb.txt	880	269	四葉	B21d_020_070_10_00	四葉	/sound/voice/B21d_020_070_10_00_00.ogg	unique_exact_anchor	exact	selected	1	same
b21d.fsb.txt	882	270	四葉	B21d_020_070_11_00	四葉	/sound/voice/B21d_020_070_11_00_00.ogg	unique_exact_anchor	exact	selected	1	same
b21d.fsb.txt	884	271	四葉	B21d_020_070_12_00	四葉	/sound/voice/B21d_020_070_12_00_00.ogg	unique_exact_anchor	exact	selected	1	same
b21d.fsb.txt	886	272	淳平	B21d_020_070_13_00	淳平	/sound/voice/B21d_020_070_13_00_00.ogg	unique_exact_anchor	exact	selected	1	same
b21d.fsb.txt	888	273	四葉	B21d_020_070_14_00	四葉	/sound/voice/B21d_020_070_14_00_00.ogg	unique_exact_anchor	exact	selected	1	same
b21d.fsb.txt	890	274	四葉	B21d_020_070_15_00	四葉	/sound/voice/B21d_020_070_15_00_00.ogg	unique_exact_anchor	exact	selected	1	same
b21d.fsb.txt	892	275	四葉	B21d_020_070_16_00	四葉	/sound/voice/B21d_020_070_16_00_00.ogg	unique_exact_anchor	exact	selected	1	same
b21d.fsb.txt	894	276	四葉	B21d_020_070_17_00	四葉	/sound/voice/B21d_020_070_17_00_00.ogg	unique_exact_anchor	exact	selected	1	same
b21d.fsb.txt	902	280	四葉	B21d_020_070_21_00	四葉	/sound/voice/B21d_020_070_21_00_00.ogg	unique_exact_anchor	exact	selected	1	same
b21d.fsb.txt	910	283	淳平	B21d_020_080_03_00	淳平	/sound/voice/B21d_020_080_03_00_00.ogg	unique_exact_anchor	exact	selected	1	same
b21d.fsb.txt	928	285	四葉	B21d_020_090_01_00	四葉	/sound/voice/B21d_020_090_01_00_00.ogg	unique_exact_anchor	exact	selected	1	same
b21d.fsb.txt	930	286	四葉	B21d_020_090_02_00	四葉	/sound/voice/B21d_020_090_02_00_00.ogg	unique_exact_anchor	exact	selected	1	same
b21d.fsb.txt	932	287	淳平	B21d_020_090_03_00	淳平	/sound/voice/B21d_020_090_03_00_00.ogg	unique_exact_anchor	exact	selected	1	same
b21d.fsb.txt	934	288	四葉	B21d_020_090_04_00	四葉	/sound/voice/B21d_020_090_04_00_00.ogg	unique_exact_anchor	exact	selected	1	same
b21d.fsb.txt	943	291	淳平	B21d_020_100_01_00	淳平	/sound/voice/B21d_020_100_01_00_00.ogg	unique_exact_anchor	exact	selected	1	same
b21e.fsb.txt	23	4	淳平	B21e_010_010_05_00	淳平	/sound/voice/B21e_010_010_05_00_00.ogg	unique_exact_anchor	exact	selected	1	same
b21e.fsb.txt	58	13	紫	B21e_010_030_06_00	紫	/sound/voice/B21e_010_030_06_00_00.ogg	unique_exact_anchor	exact	selected	1	same
b21e.fsb.txt	85	19	サンタ	B21e_010_050_02_00	サンタ	/sound/voice/B21e_010_050_02_00_00.ogg	unique_exact_anchor	exact	selected	1	same
b21e.fsb.txt	87	20	淳平	B21e_010_050_03_00	淳平	/sound/voice/B21e_010_050_03_00_00.ogg	unique_exact_anchor	exact	selected	1	same
b21e.fsb.txt	93	22	四葉	B21e_010_060_02_00	四葉	/sound/voice/B21e_010_060_02_00_00.ogg	monotonic_tfidf	review	selected	1	same
b21e.fsb.txt	117	26	淳平	B21e_010_080_01_00	淳平	/sound/voice/B21e_010_080_01_00_00.ogg	unique_exact_anchor	exact	selected	1	same
b21e.fsb.txt	140	32	セブン	B21e_010_090_01_00	セブン	/sound/voice/B21e_010_090_01_00_00.ogg	unique_exact_anchor	exact	selected	1	same
b21e.fsb.txt	142	33	セブン	B21e_010_090_02_00	セブン	/sound/voice/B21e_010_090_02_00_00.ogg	monotonic_tfidf	review	selected	1	same
b21e.fsb.txt	144	34	セブン	B21e_010_090_03_00	セブン	/sound/voice/B21e_010_090_03_00_00.ogg	unique_exact_anchor	exact	selected	1	same
b21e.fsb.txt	147	35	セブン	B21e_010_100_01_00	セブン	/sound/voice/B21e_010_100_01_00_00.ogg	monotonic_tfidf	review	selected	1	same
b21e.fsb.txt	149	36	セブン	B21e_010_100_02_00	セブン	/sound/voice/B21e_010_100_02_00_00.ogg	unique_exact_anchor	exact	selected	1	same
b21e.fsb.txt	185	45	サンタ	B21e_010_130_04_00	サンタ	/sound/voice/B21e_010_130_04_00_00.ogg	unique_exact_anchor	exact	selected	1	same
b31b.fsb.txt	14	0	淳平	B31b_010_010_01_00	淳平	/sound/voice/B31b_010_010_01_00_00.ogg	monotonic_tfidf	high	selected	1	same
b31b.fsb.txt	25	4	紫	B31b_010_020_04_00	紫	/sound/voice/B31b_010_020_04_00_00.ogg	unique_exact_anchor	exact	selected	1	same
b31b.fsb.txt	31	6	紫	B31b_010_030_01_00	紫	/sound/voice/B31b_010_030_01_00_00.ogg	unique_exact_anchor	exact	selected	1	same
b31b.fsb.txt	41	7	一宮	B31b_010_040_01_00	一宮	/sound/voice/B31b_010_040_01_00_00.ogg	monotonic_tfidf	high	selected	1	same
b31b.fsb.txt	45	8	セブン	B31b_010_040_02_00	セブン	/sound/voice/B31b_010_040_02_00_00.ogg	monotonic_tfidf	high	selected	1	same
b31b.fsb.txt	47	9	一宮	B31b_010_040_03_00	一宮	/sound/voice/B31b_010_040_03_00_00.ogg	unique_exact_anchor	exact	selected	1	same
b31b.fsb.txt	49	10	セブン	B31b_010_040_04_00	セブン	/sound/voice/B31b_010_040_04_00_00.ogg	monotonic_tfidf	high	selected	1	same
b31b.fsb.txt	54	11	サンタ	B31b_010_050_01_00	サンタ	/sound/voice/B31b_010_050_01_00_00.ogg	unique_exact_anchor	exact	selected	1	same
b31b.fsb.txt	56	12	サンタ	B31b_010_050_02_00	サンタ	/sound/voice/B31b_010_050_02_00_00.ogg	monotonic_tfidf	high	selected	1	same
b31b.fsb.txt	58	13	サンタ	B31b_010_050_03_00	サンタ	/sound/voice/B31b_010_050_03_00_00.ogg	unique_exact_anchor	exact	selected	1	same
b31b.fsb.txt	62	14	八代	B31b_010_050_04_00	八代	/sound/voice/B31b_010_050_04_00_00.ogg	unique_exact_anchor	exact	selected	1	same
b31b.fsb.txt	64	15	淳平	B31b_010_050_05_00	淳平	/sound/voice/B31b_010_050_05_00_00.ogg	unique_exact_anchor	exact	selected	1	same
b31b.fsb.txt	74	18	四葉	B31b_010_060_03_00	四葉	/sound/voice/B31b_010_060_03_00_00.ogg	monotonic_tfidf	high	selected	1	same
b31b.fsb.txt	91	24	一宮	B31b_010_080_01_00	一宮	/sound/voice/B31b_010_080_01_00_00.ogg	unique_exact_anchor	exact	selected	1	same
b31b.fsb.txt	93	25	四葉	B31b_010_080_02_00	四葉	/sound/voice/B31b_010_080_02_00_00.ogg	unique_exact_anchor	exact	selected	1	same
b31b.fsb.txt	95	26	四葉	B31b_010_080_03_00	四葉	/sound/voice/B31b_010_080_03_00_00.ogg	unique_exact_anchor	exact	selected	1	same
b31b.fsb.txt	97	27	一宮	B31b_010_080_04_00	一宮	/sound/voice/B31b_010_080_04_00_00.ogg	unique_exact_anchor	exact	selected	1	same
b31b.fsb.txt	110	32	一宮	B31b_010_090_05_00	一宮	/sound/voice/B31b_010_090_05_00_00.ogg	monotonic_tfidf	high	selected	1	same
b31b.fsb.txt	113	33	一宮	B31b_010_100_02_10	一宮	/sound/voice/B31b_010_100_02_10_00.ogg	monotonic_tfidf	medium	selected	1	same
b31b.fsb.txt	117	35	一宮	B31b_010_100_03_00	一宮	/sound/voice/B31b_010_100_03_00_00.ogg	unique_exact_anchor	exact	selected	1	same
b31b.fsb.txt	123	37	淳平	B31b_010_110_02_00	淳平	/sound/voice/B31b_010_110_02_00_00.ogg	unique_exact_anchor	exact	selected	1	same
b31b.fsb.txt	127	38	セブン	B31b_010_110_03_00	セブン	/sound/voice/B31b_010_110_03_00_00.ogg	unique_exact_anchor	exact	selected	1	same
b31b.fsb.txt	131	39	八代	B31b_010_110_04_00	八代	/sound/voice/B31b_010_110_04_00_00.ogg	unique_exact_anchor	exact	selected	1	same
b31b.fsb.txt	133	40	淳平	B31b_010_110_05_00	淳平	/sound/voice/B31b_010_110_05_00_00.ogg	unique_exact_anchor	exact	selected	1	same
b31b.fsb.txt	169	47	サンタ	B31b_020_010_03_00	サンタ	/sound/voice/B31b_020_010_03_00_00.ogg	unique_exact_anchor	exact	selected	1	same
b31b.fsb.txt	291	61	淳平	B31b_020_070_04_00	淳平	/sound/voice/B31b_020_070_04_00_00.ogg	unique_exact_anchor	exact	selected	1	same
b31b.fsb.txt	293	62	紫	B31b_020_070_05_00	紫	/sound/voice/B31b_020_070_05_00_00.ogg	unique_exact_anchor	exact	selected	1	same
b31b.fsb.txt	309	68	淳平	B31b_020_090_01_00	淳平	/sound/voice/B31b_020_090_01_00_00.ogg	unique_exact_anchor	exact	selected	1	same
b31b.fsb.txt	347	75	サンタ	B31b_030_010_01_00	サンタ	/sound/voice/B31b_030_010_01_00_00.ogg	unique_exact_anchor	exact	selected	1	same
b31b.fsb.txt	391	86	一宮	B31b_030_070_03_00	一宮	/sound/voice/B31b_030_070_03_00_00.ogg	unique_exact_anchor	exact	selected	1	same
b31b.fsb.txt	393	87	淳平	B31b_030_070_04_00	淳平	/sound/voice/B31b_030_070_04_00_00.ogg	unique_exact_anchor	exact	selected	1	same
b31b.fsb.txt	396	88	一宮	B31b_030_080_01_00	一宮	/sound/voice/B31b_030_080_01_00_00.ogg	unique_exact_anchor	exact	selected	1	same
b31b.fsb.txt	398	89	一宮	B31b_030_080_02_00	一宮	/sound/voice/B31b_030_080_02_00_00.ogg	unique_exact_anchor	exact	selected	1	same
b31b.fsb.txt	400	90	一宮	B31b_030_080_03_00	一宮	/sound/voice/B31b_030_080_03_00_00.ogg	unique_exact_anchor	exact	selected	1	same
b31b.fsb.txt	402	91	一宮	B31b_030_080_04_00	一宮	/sound/voice/B31b_030_080_04_00_00.ogg	unique_exact_anchor	exact	selected	1	same
b31b.fsb.txt	404	92	淳平	B31b_030_080_05_00	淳平	/sound/voice/B31b_030_080_05_00_00.ogg	unique_exact_anchor	exact	selected	1	same
b31b.fsb.txt	432	98	淳平	B31b_030_100_01_00	淳平	/sound/voice/B31b_030_100_01_00_00.ogg	unique_exact_anchor	exact	selected	1	same
b31b.fsb.txt	442	101	淳平	B31b_030_110_01_00	淳平	/sound/voice/B31b_030_110_01_00_00.ogg	unique_exact_anchor	exact	selected	1	same
b31b.fsb.txt	444	102	淳平	B31b_030_110_02_00	淳平	/sound/voice/B31b_030_110_02_00_00.ogg	unique_exact_anchor	exact	selected	1	same
b31b.fsb.txt	446	103	紫	B31b_030_110_03_00	紫	/sound/voice/B31b_030_110_03_00_00.ogg	unique_exact_anchor	exact	selected	1	same
b31b.fsb.txt	448	104	紫	B31b_030_110_04_00	紫	/sound/voice/B31b_030_110_04_00_00.ogg	unique_exact_anchor	exact	selected	1	same
b31b.fsb.txt	450	105	紫	B31b_030_110_05_00	紫	/sound/voice/B31b_030_110_05_00_00.ogg	unique_exact_anchor	exact	selected	1	same
b31b.fsb.txt	490	114	淳平	B31b_030_150_01_00	淳平	/sound/voice/B31b_030_150_01_00_00.ogg	unique_exact_anchor	exact	selected	1	same
b31b.fsb.txt	492	115	淳平	B31b_030_150_02_00	淳平	/sound/voice/B31b_030_150_02_00_00.ogg	unique_exact_anchor	exact	selected	1	same
b31d.fsb.txt	22	0	一宮	B31d_010_010_01_00	一宮	/sound/voice/B31d_010_010_01_00_00.ogg	unique_exact_anchor	exact	selected	1	same
b31d.fsb.txt	24	1	淳平	B31d_010_010_02_00	淳平	/sound/voice/B31d_010_010_02_00_00.ogg	unique_exact_anchor	exact	selected	1	same
b31d.fsb.txt	54	9	一宮	B31d_010_050_01_10	一宮	/sound/voice/B31d_010_050_01_10_00.ogg	unique_exact_anchor	exact	selected	1	same
b31d.fsb.txt	59	11	淳平	B31d_010_050_03_00	淳平	/sound/voice/B31d_010_050_03_00_00.ogg	unique_exact_anchor	exact	selected	1	same
b31d.fsb.txt	65	13	一宮	B31d_010_060_02_00	一宮	/sound/voice/B31d_010_060_02_00_00.ogg	unique_exact_anchor	exact	selected	1	same
b31d.fsb.txt	68	14	サンタ	B31d_010_060_03_00	サンタ	/sound/voice/B31d_010_060_03_00_00.ogg	unique_exact_anchor	exact	selected	1	same
b31d.fsb.txt	78	18	サンタ	B31d_010_070_03_00	サンタ	/sound/voice/B31d_010_070_03_00_00.ogg	unique_exact_anchor	exact	selected	1	same
b31d.fsb.txt	81	19	一宮	B31d_010_080_01_00	一宮	/sound/voice/B31d_010_080_01_00_00.ogg	unique_exact_anchor	exact	selected	1	same
b31d.fsb.txt	83	20	サンタ	B31d_010_080_02_00	サンタ	/sound/voice/B31d_010_080_02_00_00.ogg	monotonic_tfidf	exact	selected	1	same
b31d.fsb.txt	85	21	サンタ	B31d_010_080_03_00	サンタ	/sound/voice/B31d_010_080_03_00_00.ogg	unique_exact_anchor	exact	selected	1	same
b31d.fsb.txt	87	22	サンタ	B31d_010_080_04_00	サンタ	/sound/voice/B31d_010_080_04_00_00.ogg	unique_exact_anchor	exact	selected	1	same
b31d.fsb.txt	89	23	サンタ	B31d_010_080_05_00	サンタ	/sound/voice/B31d_010_080_05_00_00.ogg	unique_exact_anchor	exact	selected	1	same
b31d.fsb.txt	95	25	淳平	B31d_010_090_02_00	淳平	/sound/voice/B31d_010_090_02_00_00.ogg	unique_exact_anchor	exact	selected	1	same
b31d.fsb.txt	97	26	淳平	B31d_010_090_03_00	淳平	/sound/voice/B31d_010_090_03_00_00.ogg	unique_exact_anchor	exact	selected	1	same
b31d.fsb.txt	99	27	淳平	B31d_010_090_04_00	淳平	/sound/voice/B31d_010_090_04_00_00.ogg	unique_exact_anchor	exact	selected	1	same
b31d.fsb.txt	102	28	サンタ	B31d_010_100_01_00	サンタ	/sound/voice/B31d_010_100_01_00_00.ogg	unique_exact_anchor	exact	selected	1	same
b31d.fsb.txt	104	29	サンタ	B31d_010_100_02_00	サンタ	/sound/voice/B31d_010_100_02_00_00.ogg	unique_exact_anchor	exact	selected	1	same
b31d.fsb.txt	156	36	サンタ	B31d_010_120_01_00	サンタ	/sound/voice/B31d_010_120_01_00_00.ogg	unique_exact_anchor	exact	selected	1	same
b31d.fsb.txt	161	38	サンタ	B31d_010_120_03_00	サンタ	/sound/voice/B31d_010_120_03_00_00.ogg	unique_exact_anchor	exact	selected	1	same
b31d.fsb.txt	205	46	一宮	B31d_010_160_01_00	一宮	/sound/voice/B31d_010_160_01_00_00.ogg	unique_exact_anchor	exact	selected	1	same
b31d.fsb.txt	209	47	サンタ	B31d_010_170_01_00	サンタ	/sound/voice/B31d_010_170_01_00_00.ogg	unique_exact_anchor	exact	selected	1	same
b31d.fsb.txt	211	48	サンタ	B31d_010_170_02_00	サンタ	/sound/voice/B31d_010_170_02_00_00.ogg	unique_exact_anchor	exact	selected	1	same
b31d.fsb.txt	213	49	サンタ	B31d_010_170_03_00	サンタ	/sound/voice/B31d_010_170_03_00_00.ogg	unique_exact_anchor	exact	selected	1	same
b31d.fsb.txt	215	50	サンタ	B31d_010_170_04_00	サンタ	/sound/voice/B31d_010_170_04_00_00.ogg	unique_exact_anchor	exact	selected	1	same
b31d.fsb.txt	217	51	サンタ	B31d_010_170_05_00	サンタ	/sound/voice/B31d_010_170_05_00_00.ogg	unique_exact_anchor	exact	selected	1	same
b31d.fsb.txt	220	52	一宮	B31d_010_180_01_00	一宮	/sound/voice/B31d_010_180_01_00_00.ogg	unique_exact_anchor	exact	selected	1	same
b31d.fsb.txt	222	53	サンタ	B31d_010_180_02_00	サンタ	/sound/voice/B31d_010_180_02_00_00.ogg	monotonic_tfidf	high	selected	1	same
b31d.fsb.txt	224	54	一宮	B31d_010_180_03_00	一宮	/sound/voice/B31d_010_180_03_00_00.ogg	unique_exact_anchor	exact	selected	1	same
b31d.fsb.txt	268	63	一宮	B31d_010_230_01_00	一宮	/sound/voice/B31d_010_230_01_00_00.ogg	unique_exact_anchor	exact	selected	1	same
b31d.fsb.txt	270	64	一宮	B31d_010_230_02_00	一宮	/sound/voice/B31d_010_230_02_00_00.ogg	unique_exact_anchor	exact	selected	1	same
b31d.fsb.txt	277	66	サンタ	B31d_010_240_02_00	サンタ	/sound/voice/B31d_010_240_02_00_00.ogg	unique_exact_anchor	exact	selected	1	same
b31d.fsb.txt	279	67	サンタ	B31d_010_240_03_00	サンタ	/sound/voice/B31d_010_240_03_00_00.ogg	unique_exact_anchor	exact	selected	1	same
b31d.fsb.txt	282	68	サンタ	B31d_010_240_04_00	サンタ	/sound/voice/B31d_010_240_04_00_00.ogg	unique_exact_anchor	exact	selected	1	same
b31d.fsb.txt	291	70	サンタ	B31d_010_250_01_00	サンタ	/sound/voice/B31d_010_250_01_00_00.ogg	unique_exact_anchor	exact	selected	1	same
b31d.fsb.txt	293	71	サンタ	B31d_010_250_02_00	サンタ	/sound/voice/B31d_010_250_02_00_00.ogg	unique_exact_anchor	exact	selected	1	same
b31d.fsb.txt	303	74	淳平	B31d_010_260_01_00	淳平	/sound/voice/B31d_010_260_01_00_00.ogg	unique_exact_anchor	exact	selected	1	same
b31d.fsb.txt	310	76	淳平	B31d_010_270_01_00	淳平	/sound/voice/B31d_010_270_01_00_00.ogg	unique_exact_anchor	exact	selected	1	same
b31d.fsb.txt	312	77	サンタ	B31d_010_270_02_00	サンタ	/sound/voice/B31d_010_270_02_00_00.ogg	unique_exact_anchor	exact	selected	1	same
b31d.fsb.txt	314	78	淳平	B31d_010_270_03_00	淳平	/sound/voice/B31d_010_270_03_00_00.ogg	unique_exact_anchor	exact	selected	1	same
b31d.fsb.txt	317	79	淳平	B31d_010_280_01_00	淳平	/sound/voice/B31d_010_280_01_00_00.ogg	unique_exact_anchor	exact	selected	1	same
b31d.fsb.txt	319	80	淳平	B31d_010_280_02_00	淳平	/sound/voice/B31d_010_280_02_00_00.ogg	unique_exact_anchor	exact	selected	1	same
b31d.fsb.txt	321	81	淳平	B31d_010_280_03_00	淳平	/sound/voice/B31d_010_280_03_00_00.ogg	unique_exact_anchor	exact	selected	1	same
b31d.fsb.txt	323	82	淳平	B31d_010_280_04_00	淳平	/sound/voice/B31d_010_280_04_00_00.ogg	unique_exact_anchor	exact	selected	1	same
b31d.fsb.txt	330	84	サンタ	B31d_010_290_01_00	サンタ	/sound/voice/B31d_010_290_01_00_00.ogg	monotonic_tfidf	high	selected	1	same
b31d.fsb.txt	332	85	サンタ	B31d_010_290_02_00	サンタ	/sound/voice/B31d_010_290_02_00_00.ogg	unique_exact_anchor	exact	selected	1	same
b31d.fsb.txt	334	86	淳平	B31d_010_290_03_00	淳平	/sound/voice/B31d_010_290_03_00_00.ogg	unique_exact_anchor	exact	selected	1	same
b31d.fsb.txt	338	87	サンタ	B31d_010_300_01_00	サンタ	/sound/voice/B31d_010_300_01_00_00.ogg	unique_exact_anchor	exact	selected	1	same
b31d.fsb.txt	340	88	サンタ	B31d_010_300_02_00	サンタ	/sound/voice/B31d_010_300_02_00_00.ogg	monotonic_tfidf	high	selected	1	same
b31d.fsb.txt	342	89	サンタ	B31d_010_300_03_00	サンタ	/sound/voice/B31d_010_300_03_00_00.ogg	unique_exact_anchor	exact	selected	1	same
b31d.fsb.txt	345	90	淳平	B31d_010_310_01_00	淳平	/sound/voice/B31d_010_310_01_00_00.ogg	unique_exact_anchor	exact	selected	1	same
b31d.fsb.txt	347	91	サンタ	B31d_010_310_02_00	サンタ	/sound/voice/B31d_010_310_02_00_00.ogg	monotonic_tfidf	exact	selected	1	same
b31d.fsb.txt	349	92	サンタ	B31d_010_310_03_00	サンタ	/sound/voice/B31d_010_310_03_00_00.ogg	unique_exact_anchor	exact	selected	1	same
b31d.fsb.txt	351	93	淳平	B31d_010_310_04_00	淳平	/sound/voice/B31d_010_310_04_00_00.ogg	unique_exact_anchor	exact	selected	1	same
b31d.fsb.txt	354	94	サンタ	B31d_010_320_01_00	サンタ	/sound/voice/B31d_010_320_01_00_00.ogg	monotonic_tfidf	exact	selected	1	same
b31d.fsb.txt	356	95	サンタ	B31d_010_320_02_00	サンタ	/sound/voice/B31d_010_320_02_00_00.ogg	unique_exact_anchor	exact	selected	1	same
b32b.fsb.txt	15	0	淳平	B32b_010_010_01_00	淳平	/sound/voice/B32b_010_010_01_00_00.ogg	unique_exact_anchor	exact	selected	1	same
b32b.fsb.txt	24	3	一宮	B32b_010_020_01_00	一宮	/sound/voice/B32b_010_020_01_00_00.ogg	unique_exact_anchor	exact	selected	1	same
b32b.fsb.txt	26	4	一宮	B32b_010_020_02_00	一宮	/sound/voice/B32b_010_020_02_00_00.ogg	unique_exact_anchor	exact	selected	1	same
b32b.fsb.txt	38	6	サンタ	B32b_010_030_01_00	サンタ	/sound/voice/B32b_010_030_01_00_00.ogg	unique_exact_anchor	exact	selected	1	same
b32b.fsb.txt	40	7	サンタ	B32b_010_030_02_00	サンタ	/sound/voice/B32b_010_030_02_00_00.ogg	unique_exact_anchor	exact	selected	1	same
b32b.fsb.txt	43	8	一宮	B32b_010_030_03_00	一宮	/sound/voice/B32b_010_030_03_00_00.ogg	unique_exact_anchor	exact	selected	1	same
b32b.fsb.txt	45	9	一宮	B32b_010_030_04_00	一宮	/sound/voice/B32b_010_030_04_00_00.ogg	unique_exact_anchor	exact	selected	1	same
b32b.fsb.txt	47	10	サンタ	B32b_010_030_05_00	サンタ	/sound/voice/B32b_010_030_05_00_00.ogg	unique_exact_anchor	exact	selected	1	same
b32b.fsb.txt	54	12	一宮	B32b_010_040_01_00	一宮	/sound/voice/B32b_010_040_01_00_00.ogg	monotonic_tfidf	high	selected	1	same
b32b.fsb.txt	60	14	淳平	B32b_010_050_01_00	淳平	/sound/voice/B32b_010_050_01_00_00.ogg	unique_exact_anchor	exact	selected	1	same
b32b.fsb.txt	84	18	淳平	B32b_020_020_02_00	淳平	/sound/voice/B32b_020_020_02_00_00.ogg	unique_exact_anchor	exact	selected	1	same
b32b.fsb.txt	91	20	紫	B32b_020_030_01_00	紫	/sound/voice/B32b_020_030_01_00_00.ogg	unique_exact_anchor	exact	selected	1	same
b32b.fsb.txt	100	24	淳平	B32b_020_030_05_00	淳平	/sound/voice/B32b_020_030_05_00_00.ogg	unique_exact_anchor	exact	selected	1	same
b32b.fsb.txt	106	26	淳平	B32b_020_040_03_00	淳平	/sound/voice/B32b_020_040_03_00_00.ogg	unique_exact_anchor	exact	selected	1	same
b32b.fsb.txt	115	29	紫	B32b_020_050_03_00	紫	/sound/voice/B32b_020_050_03_00_00.ogg	unique_exact_anchor	exact	selected	1	same
b32b.fsb.txt	118	30	紫	B32b_020_050_04_00	紫	/sound/voice/B32b_020_050_04_00_00.ogg	unique_exact_anchor	exact	selected	1	same
b32b.fsb.txt	132	35	淳平	B32b_020_070_01_00	淳平	/sound/voice/B32b_020_070_01_00_00.ogg	monotonic_tfidf	medium	selected	1	same
b32b.fsb.txt	135	36	紫	B32b_020_070_02_00	紫	/sound/voice/B32b_020_070_02_00_00.ogg	unique_exact_anchor	exact	selected	1	same
b32b.fsb.txt	137	37	淳平	B32b_020_070_03_00	淳平	/sound/voice/B32b_020_070_03_00_00.ogg	unique_exact_anchor	exact	selected	1	same
b32b.fsb.txt	139	38	淳平	B32b_020_070_04_00	淳平	/sound/voice/B32b_020_070_04_00_00.ogg	unique_exact_anchor	exact	selected	1	same
b32b.fsb.txt	143	39	紫	B32b_020_080_01_00	紫	/sound/voice/B32b_020_080_01_00_00.ogg	unique_exact_anchor	exact	selected	1	same
b32b.fsb.txt	174	44	淳平	B32b_030_020_03_00	淳平	/sound/voice/B32b_030_020_03_00_00.ogg	unique_exact_anchor	exact	selected	1	same
b32b.fsb.txt	180	46	サンタ	B32b_030_030_03_00	サンタ	/sound/voice/B32b_030_030_03_00_00.ogg	unique_exact_anchor	exact	selected	1	same
b32b.fsb.txt	182	47	紫	B32b_030_030_04_00	紫	/sound/voice/B32b_030_030_04_00_00.ogg	unique_exact_anchor	exact	selected	1	same
b32b.fsb.txt	188	49	サンタ	B32b_030_040_03_00	サンタ	/sound/voice/B32b_030_040_03_00_00.ogg	unique_exact_anchor	exact	selected	1	same
b32b.fsb.txt	194	51	紫	B32b_030_050_02_00	紫	/sound/voice/B32b_030_050_02_00_00.ogg	unique_exact_anchor	exact	selected	1	same
b32b.fsb.txt	200	53	紫	B32b_030_060_01_00	紫	/sound/voice/B32b_030_060_01_00_00.ogg	unique_exact_anchor	exact	selected	1	same
b32b.fsb.txt	202	54	紫	B32b_030_060_02_00	紫	/sound/voice/B32b_030_060_02_00_00.ogg	unique_exact_anchor	exact	selected	1	same
b32b.fsb.txt	214	59	サンタ	B32b_030_070_03_00	サンタ	/sound/voice/B32b_030_070_03_00_00.ogg	unique_exact_anchor	exact	selected	1	same
b32b.fsb.txt	255	66	サンタ	B32b_030_090_01_00	サンタ	/sound/voice/B32b_030_090_01_00_00.ogg	unique_exact_anchor	exact	selected	1	same
b32b.fsb.txt	257	67	サンタ	B32b_030_090_02_00	サンタ	/sound/voice/B32b_030_090_02_00_00.ogg	unique_exact_anchor	exact	selected	1	same
b32b.fsb.txt	259	68	サンタ	B32b_030_090_03_00	サンタ	/sound/voice/B32b_030_090_03_00_00.ogg	unique_exact_anchor	exact	selected	1	same
b32b.fsb.txt	261	69	サンタ	B32b_030_090_04_00	サンタ	/sound/voice/B32b_030_090_04_00_00.ogg	unique_exact_anchor	exact	selected	1	same
b32b.fsb.txt	263	70	サンタ	B32b_030_090_05_00	サンタ	/sound/voice/B32b_030_090_05_00_00.ogg	unique_exact_anchor	exact	selected	1	same
b32b.fsb.txt	284	72	サンタ	B32b_030_110_01_00	サンタ	/sound/voice/B32b_030_110_01_00_00.ogg	unique_exact_anchor	exact	selected	1	same
b32b.fsb.txt	286	73	サンタ	B32b_030_110_02_00	サンタ	/sound/voice/B32b_030_110_02_00_00.ogg	monotonic_tfidf	high	selected	1	same
b32b.fsb.txt	288	74	サンタ	B32b_030_110_03_00	サンタ	/sound/voice/B32b_030_110_03_00_00.ogg	unique_exact_anchor	exact	selected	1	same
b32b.fsb.txt	290	75	サンタ	B32b_030_110_04_00	サンタ	/sound/voice/B32b_030_110_04_00_00.ogg	unique_exact_anchor	exact	selected	1	same
b32b.fsb.txt	292	76	サンタ	B32b_030_110_05_00	サンタ	/sound/voice/B32b_030_110_05_00_00.ogg	unique_exact_anchor	exact	selected	1	same
b32b.fsb.txt	294	77	サンタ	B32b_030_110_06_00	サンタ	/sound/voice/B32b_030_110_06_00_00.ogg	unique_exact_anchor	exact	selected	1	same
b32b.fsb.txt	296	78	サンタ	B32b_030_110_07_00	サンタ	/sound/voice/B32b_030_110_07_00_00.ogg	unique_exact_anchor	exact	selected	1	same
b32b.fsb.txt	313	83	サンタ	B32b_030_130_01_00	サンタ	/sound/voice/B32b_030_130_01_00_00.ogg	unique_exact_anchor	exact	selected	1	same
b32b.fsb.txt	315	84	サンタ	B32b_030_130_02_00	サンタ	/sound/voice/B32b_030_130_02_00_00.ogg	unique_exact_anchor	exact	selected	1	same
b32b.fsb.txt	317	85	サンタ	B32b_030_130_03_00	サンタ	/sound/voice/B32b_030_130_03_00_00.ogg	unique_exact_anchor	exact	selected	1	same
b32b.fsb.txt	339	89	サンタ	B32b_030_150_01_00	サンタ	/sound/voice/B32b_030_150_01_00_00.ogg	unique_exact_anchor	exact	selected	1	same
b32b.fsb.txt	341	90	サンタ	B32b_030_150_02_00	サンタ	/sound/voice/B32b_030_150_02_00_00.ogg	unique_exact_anchor	exact	selected	1	same
b32b.fsb.txt	350	94	紫	B32b_030_160_01_00	紫	/sound/voice/B32b_030_160_01_00_00.ogg	unique_exact_anchor	exact	selected	1	same
b32b.fsb.txt	358	97	サンタ	B32b_030_170_01_00	サンタ	/sound/voice/B32b_030_170_01_00_00.ogg	unique_exact_anchor	exact	selected	1	same
b32b.fsb.txt	360	98	サンタ	B32b_030_170_02_00	サンタ	/sound/voice/B32b_030_170_02_00_00.ogg	unique_exact_anchor	exact	selected	1	same
b32b.fsb.txt	380	103	サンタ	B32b_030_190_01_00	サンタ	/sound/voice/B32b_030_190_01_00_00.ogg	unique_exact_anchor	exact	selected	1	same
b32b.fsb.txt	382	104	サンタ	B32b_030_190_02_00	サンタ	/sound/voice/B32b_030_190_02_00_00.ogg	unique_exact_anchor	exact	selected	1	same
b32b.fsb.txt	384	105	サンタ	B32b_030_190_03_00	サンタ	/sound/voice/B32b_030_190_03_00_00.ogg	unique_exact_anchor	exact	selected	1	same
b32b.fsb.txt	386	106	サンタ	B32b_030_190_04_00	サンタ	/sound/voice/B32b_030_190_04_00_00.ogg	unique_exact_anchor	exact	selected	1	same
b32b.fsb.txt	388	107	サンタ	B32b_030_190_05_00	サンタ	/sound/voice/B32b_030_190_05_00_00.ogg	unique_exact_anchor	exact	selected	1	same
b32b.fsb.txt	390	108	サンタ	B32b_030_190_06_00	サンタ	/sound/voice/B32b_030_190_06_00_00.ogg	unique_exact_anchor	exact	selected	1	same
b32b.fsb.txt	397	111	サンタ	B32b_030_200_01_00	サンタ	/sound/voice/B32b_030_200_01_00_00.ogg	unique_exact_anchor	exact	selected	1	same
b32b.fsb.txt	399	112	サンタ	B32b_030_200_02_00	サンタ	/sound/voice/B32b_030_200_02_00_00.ogg	unique_exact_anchor	exact	selected	1	same
b32b.fsb.txt	401	113	サンタ	B32b_030_200_03_00	サンタ	/sound/voice/B32b_030_200_03_00_00.ogg	unique_exact_anchor	exact	selected	1	same
b32b.fsb.txt	412	117	サンタ	B32b_030_220_01_00	サンタ	/sound/voice/B32b_030_220_01_00_00.ogg	unique_exact_anchor	exact	selected	1	same
b32b.fsb.txt	414	118	サンタ	B32b_030_220_02_00	サンタ	/sound/voice/B32b_030_220_02_00_00.ogg	unique_exact_anchor	exact	selected	1	same
b32b.fsb.txt	435	123	サンタ	B32b_030_230_01_00	サンタ	/sound/voice/B32b_030_230_01_00_00.ogg	unique_exact_anchor	exact	selected	1	same
b32b.fsb.txt	460	128	サンタ	B32b_030_240_03_00	サンタ	/sound/voice/B32b_030_240_03_00_00.ogg	unique_exact_anchor	exact	selected	1	same
b32b.fsb.txt	463	129	サンタ	B32b_030_240_04_00	サンタ	/sound/voice/B32b_030_240_04_00_00.ogg	unique_exact_anchor	exact	selected	1	same
b32b.fsb.txt	525	140	淳平	B32b_040_010_01_00	淳平	/sound/voice/B32b_040_010_01_00_00.ogg	unique_exact_anchor	exact	selected	1	same
b32b.fsb.txt	528	141	一宮	B32b_040_010_02_00	一宮	/sound/voice/B32b_040_010_02_00_00.ogg	unique_exact_anchor	exact	selected	1	same
b32b.fsb.txt	537	142	紫	B32b_040_020_01_00	紫	/sound/voice/B32b_040_020_01_00_00.ogg	unique_exact_anchor	exact	selected	1	same
b32b.fsb.txt	547	145	サンタ	B32b_040_030_01_00	サンタ	/sound/voice/B32b_040_030_01_00_00.ogg	unique_exact_anchor	exact	selected	1	same
b32b.fsb.txt	549	146	サンタ	B32b_040_030_02_00	サンタ	/sound/voice/B32b_040_030_02_00_00.ogg	unique_exact_anchor	exact	selected	1	same
b32d.fsb.txt	30	4	一宮	B32d_010_010_05_00	一宮	/sound/voice/B32d_010_010_05_00_00.ogg	unique_exact_anchor	exact	selected	1	same
b32d.fsb.txt	36	6	淳平	B32d_010_020_02_00	淳平	/sound/voice/B32d_010_020_02_00_00.ogg	unique_exact_anchor	exact	selected	1	same
b32d.fsb.txt	44	7	淳平	B32d_010_030_01_00	淳平	/sound/voice/B32d_010_030_01_00_00.ogg	monotonic_tfidf	high	selected	1	same
b32d.fsb.txt	46	8	淳平	B32d_010_030_03_00	淳平	/sound/voice/B32d_010_030_03_00_00.ogg	monotonic_tfidf	high	selected	1	same
b32d.fsb.txt	48	9	淳平	B32d_010_030_04_00	淳平	/sound/voice/B32d_010_030_04_00_00.ogg	monotonic_tfidf	high	selected	1	same
b32d.fsb.txt	52	10	一宮	B32d_010_040_01_00	一宮	/sound/voice/B32d_010_040_01_00_00.ogg	unique_exact_anchor	exact	selected	1	same
b32d.fsb.txt	103	19	淳平	B32d_010_050_04_00	淳平	/sound/voice/B32d_010_050_04_00_00.ogg	unique_exact_anchor	exact	selected	1	same
b32d.fsb.txt	118	22	淳平	B32d_010_070_01_10	淳平	/sound/voice/B32d_010_070_01_10_00.ogg	monotonic_tfidf	medium	selected	1	same
b32d.fsb.txt	121	23	一宮	B32d_010_070_02_00	一宮	/sound/voice/B32d_010_070_02_00_00.ogg	unique_exact_anchor	exact	selected	1	same
b32d.fsb.txt	123	24	淳平	B32d_010_070_03_00	淳平	/sound/voice/B32d_010_070_03_00_00.ogg	unique_exact_anchor	exact	selected	1	same
b32d.fsb.txt	125	25	淳平	B32d_010_070_04_00	淳平	/sound/voice/B32d_010_070_04_00_00.ogg	unique_exact_anchor	exact	selected	1	same
b32d.fsb.txt	134	27	淳平	B32d_010_080_01_00	淳平	/sound/voice/B32d_010_080_01_00_00.ogg	unique_exact_anchor	exact	selected	1	same
b32d.fsb.txt	149	30	紫	B32d_010_090_01_00	紫	/sound/voice/B32d_010_090_01_00_00.ogg	unique_exact_anchor	exact	selected	1	same
b32d.fsb.txt	151	31	紫	B32d_010_090_02_00	紫	/sound/voice/B32d_010_090_02_00_00.ogg	unique_exact_anchor	exact	selected	1	same
b32d.fsb.txt	153	32	淳平	B32d_010_090_03_00	淳平	/sound/voice/B32d_010_090_03_00_00.ogg	unique_exact_anchor	exact	selected	1	same
b32d.fsb.txt	155	33	紫	B32d_010_090_04_00	紫	/sound/voice/B32d_010_090_04_00_00.ogg	unique_exact_anchor	exact	selected	1	same
b32d.fsb.txt	171	36	サンタ	B32d_010_110_01_00	サンタ	/sound/voice/B32d_010_110_01_00_00.ogg	unique_exact_anchor	exact	selected	1	same
b32d.fsb.txt	176	38	サンタ	B32d_010_110_03_00	サンタ	/sound/voice/B32d_010_110_03_00_00.ogg	unique_exact_anchor	exact	selected	1	same
b32d.fsb.txt	178	39	サンタ	B32d_010_110_04_00	サンタ	/sound/voice/B32d_010_110_04_00_00.ogg	unique_exact_anchor	exact	selected	1	same
b32d.fsb.txt	190	43	淳平	B32d_010_130_01_00	淳平	/sound/voice/B32d_010_130_01_00_00.ogg	unique_exact_anchor	exact	selected	1	same
b32d.fsb.txt	194	44	紫	B32d_010_130_02_00	紫	/sound/voice/B32d_010_130_02_00_00.ogg	unique_exact_anchor	exact	selected	1	same
b32d.fsb.txt	196	45	紫	B32d_010_130_03_00	紫	/sound/voice/B32d_010_130_03_00_00.ogg	unique_exact_anchor	exact	selected	1	same
b32d.fsb.txt	199	46	サンタ	B32d_010_140_01_00	サンタ	/sound/voice/B32d_010_140_01_00_00.ogg	unique_exact_anchor	exact	selected	1	same
b32d.fsb.txt	201	47	サンタ	B32d_010_140_02_00	サンタ	/sound/voice/B32d_010_140_02_00_00.ogg	unique_exact_anchor	exact	selected	1	same
b32d.fsb.txt	205	48	淳平	B32d_010_150_01_00	淳平	/sound/voice/B32d_010_150_01_00_00.ogg	unique_exact_anchor	exact	selected	1	same
b32d.fsb.txt	207	49	サンタ	B32d_010_150_02_00	サンタ	/sound/voice/B32d_010_150_02_00_00.ogg	unique_exact_anchor	exact	selected	1	same
b32d.fsb.txt	209	50	サンタ	B32d_010_150_03_00	サンタ	/sound/voice/B32d_010_150_03_00_00.ogg	unique_exact_anchor	exact	selected	1	same
b32d.fsb.txt	211	51	サンタ	B32d_010_150_04_00	サンタ	/sound/voice/B32d_010_150_04_00_00.ogg	monotonic_tfidf	high	selected	1	same
b32d.fsb.txt	213	52	淳平	B32d_010_150_05_00	淳平	/sound/voice/B32d_010_150_05_00_00.ogg	unique_exact_anchor	exact	selected	1	same
b32d.fsb.txt	221	55	サンタ	B32d_010_160_03_00	サンタ	/sound/voice/B32d_010_160_03_00_00.ogg	unique_exact_anchor	exact	selected	1	same
b32d.fsb.txt	248	60	淳平	B32d_010_190_01_00	淳平	/sound/voice/B32d_010_190_01_00_00.ogg	unique_exact_anchor	exact	selected	1	same
b32d.fsb.txt	260	63	サンタ	B32d_010_200_02_00	サンタ	/sound/voice/B32d_010_200_02_00_00.ogg	unique_exact_anchor	exact	selected	1	same
b32d.fsb.txt	262	64	淳平	B32d_010_200_03_00	淳平	/sound/voice/B32d_010_200_03_00_00.ogg	unique_exact_anchor	exact	selected	1	same
b32d.fsb.txt	265	65	サンタ	B32d_010_201_01_00	サンタ	/sound/voice/B32d_010_201_01_00_00.ogg	monotonic_tfidf	high	selected	1	same
b32d.fsb.txt	267	66	サンタ	B32d_010_201_02_00	サンタ	/sound/voice/B32d_010_201_02_00_00.ogg	monotonic_tfidf	high	selected	1	same
b32d.fsb.txt	269	67	サンタ	B32d_010_201_04_00	サンタ	/sound/voice/B32d_010_201_04_00_00.ogg	unique_exact_anchor	exact	selected	1	same
b32d.fsb.txt	271	68	サンタ	B32d_010_201_05_00	サンタ	/sound/voice/B32d_010_201_05_00_00.ogg	unique_exact_anchor	exact	selected	1	same
b32d.fsb.txt	282	70	紫	B32d_010_210_02_00	紫	/sound/voice/B32d_010_210_02_00_00.ogg	unique_exact_anchor	exact	selected	1	same
b32d.fsb.txt	284	71	淳平	B32d_010_210_03_00	淳平	/sound/voice/B32d_010_210_03_00_00.ogg	unique_exact_anchor	exact	selected	1	same
b32d.fsb.txt	297	74	淳平	B32d_010_220_02_00	淳平	/sound/voice/B32d_010_220_02_00_00.ogg	unique_exact_anchor	exact	selected	1	same
b32d.fsb.txt	311	76	淳平	B32d_010_230_01_00	淳平	/sound/voice/B32d_010_230_01_00_00.ogg	unique_exact_anchor	exact	selected	1	same
b32d.fsb.txt	313	77	紫	B32d_010_230_02_00	紫	/sound/voice/B32d_010_230_02_00_00.ogg	unique_exact_anchor	exact	selected	1	same
b32d.fsb.txt	315	78	淳平	B32d_010_230_03_00	淳平	/sound/voice/B32d_010_230_03_00_00.ogg	unique_exact_anchor	exact	selected	1	same
b32d.fsb.txt	317	79	サンタ	B32d_010_230_04_00	サンタ	/sound/voice/B32d_010_230_04_00_00.ogg	unique_exact_anchor	exact	selected	1	same
b32d.fsb.txt	329	81	淳平	B32d_010_240_01_00	淳平	/sound/voice/B32d_010_240_01_00_00.ogg	unique_exact_anchor	exact	selected	1	same
b32d.fsb.txt	337	84	淳平	B32d_010_250_01_00	淳平	/sound/voice/B32d_010_250_01_00_00.ogg	unique_exact_anchor	exact	selected	1	same
b32d.fsb.txt	339	85	一宮	B32d_010_250_02_00	一宮	/sound/voice/B32d_010_250_02_00_00.ogg	unique_exact_anchor	exact	selected	1	same
b32d.fsb.txt	341	86	淳平	B32d_010_250_03_00	淳平	/sound/voice/B32d_010_250_03_00_00.ogg	unique_exact_anchor	exact	selected	1	same
b32d.fsb.txt	343	87	一宮	B32d_010_250_04_00	一宮	/sound/voice/B32d_010_250_04_00_00.ogg	unique_exact_anchor	exact	selected	1	same
b32d.fsb.txt	353	89	一宮	B32d_010_260_01_00	一宮	/sound/voice/B32d_010_260_01_00_00.ogg	unique_exact_anchor	exact	selected	1	same
b32d.fsb.txt	355	90	一宮	B32d_010_260_02_00	一宮	/sound/voice/B32d_010_260_02_00_00.ogg	unique_exact_anchor	exact	selected	1	same
b32d.fsb.txt	365	92	一宮	B32d_010_270_01_00	一宮	/sound/voice/B32d_010_270_01_00_00.ogg	unique_exact_anchor	exact	selected	1	same
b32d.fsb.txt	367	93	一宮	B32d_010_270_02_00	一宮	/sound/voice/B32d_010_270_02_00_00.ogg	unique_exact_anchor	exact	selected	1	same
b32d.fsb.txt	406	102	八代	B32d_010_300_01_00	八代	/sound/voice/B32d_010_300_01_00_00.ogg	monotonic_tfidf	high	selected	1	same
b32d.fsb.txt	408	103	八代	B32d_010_300_02_00	八代	/sound/voice/B32d_010_300_02_00_00.ogg	unique_exact_anchor	exact	selected	1	same
b32d.fsb.txt	410	104	八代	B32d_010_300_03_00	八代	/sound/voice/B32d_010_300_03_00_00.ogg	unique_exact_anchor	exact	selected	1	same
b32d.fsb.txt	412	105	八代	B32d_010_300_04_00	八代	/sound/voice/B32d_010_300_04_00_00.ogg	unique_exact_anchor	exact	selected	1	same
b32d.fsb.txt	414	106	八代	B32d_010_300_05_00	八代	/sound/voice/B32d_010_300_05_00_00.ogg	unique_exact_anchor	exact	selected	1	same
b32d.fsb.txt	425	107	淳平	B32d_010_310_01_00	淳平	/sound/voice/B32d_010_310_01_00_00.ogg	unique_exact_anchor	exact	selected	1	same
b32d.fsb.txt	455	115	淳平	B32d_010_340_02_00	淳平	/sound/voice/B32d_010_340_02_00_00.ogg	unique_exact_anchor	exact	selected	1	same
b32d.fsb.txt	471	118	一宮	B32d_010_360_01_00	一宮	/sound/voice/B32d_010_360_01_00_00.ogg	unique_exact_anchor	exact	selected	1	same
b32d.fsb.txt	479	121	淳平	B32d_010_360_04_00	淳平	/sound/voice/B32d_010_360_04_00_00.ogg	unique_exact_anchor	exact	selected	1	same
b32d.fsb.txt	582	136	サンタ	B32d_020_020_01_00	サンタ	/sound/voice/B32d_020_020_01_00_00.ogg	unique_exact_anchor	exact	selected	1	same
b32d.fsb.txt	596	140	サンタ	B32d_020_030_01_00	サンタ	/sound/voice/B32d_020_030_01_00_00.ogg	unique_exact_anchor	exact	selected	1	same
b32d.fsb.txt	603	143	サンタ	B32d_020_030_04_00	サンタ	/sound/voice/B32d_020_030_04_00_00.ogg	unique_exact_anchor	exact	selected	1	same
b32d.fsb.txt	641	150	紫	B32d_020_060_01_00	紫	/sound/voice/B32d_020_060_01_00_00.ogg	monotonic_tfidf	medium	selected	1	same
b32d.fsb.txt	644	151	サンタ	B32d_020_060_02_00	サンタ	/sound/voice/B32d_020_060_02_00_00.ogg	unique_exact_anchor	exact	selected	1	same
b32d.fsb.txt	648	152	一宮	B32d_020_060_03_00	一宮	/sound/voice/B32d_020_060_03_00_00.ogg	unique_exact_anchor	exact	selected	1	same
b32d.fsb.txt	650	153	紫	B32d_020_060_04_00	紫	/sound/voice/B32d_020_060_04_00_00.ogg	unique_exact_anchor	exact	selected	1	same
b32d.fsb.txt	699	163	サンタ	B32d_020_100_01_00	サンタ	/sound/voice/B32d_020_100_01_00_00.ogg	unique_exact_anchor	exact	selected	1	same
b32d.fsb.txt	701	164	淳平	B32d_020_100_02_00	淳平	/sound/voice/B32d_020_100_02_00_00.ogg	unique_exact_anchor	exact	selected	1	same
b32d.fsb.txt	703	165	淳平	B32d_020_100_03_00	淳平	/sound/voice/B32d_020_100_03_00_00.ogg	unique_exact_anchor	exact	selected	1	same
b32d.fsb.txt	705	166	淳平	B32d_020_100_04_00	淳平	/sound/voice/B32d_020_100_04_00_00.ogg	unique_exact_anchor	exact	selected	1	same
b32d.fsb.txt	707	167	サンタ	B32d_020_100_05_00	サンタ	/sound/voice/B32d_020_100_05_00_00.ogg	unique_exact_anchor	exact	selected	1	same
b32d.fsb.txt	713	169	紫	B32d_020_110_02_10	紫	/sound/voice/B32d_020_110_02_10_00.ogg	unique_exact_anchor	exact	selected	1	same
b32d.fsb.txt	715	170	紫	B32d_020_110_03_00	紫	/sound/voice/B32d_020_110_03_00_00.ogg	unique_exact_anchor	exact	selected	1	same
b32d.fsb.txt	720	171	一宮	B32d_020_120_01_00	一宮	/sound/voice/B32d_020_120_01_00_00.ogg	unique_exact_anchor	exact	selected	1	same
b32d.fsb.txt	727	173	サンタ	B32d_020_130_01_00	サンタ	/sound/voice/B32d_020_130_01_00_00.ogg	unique_exact_anchor	exact	selected	1	same
bbad.fsb.txt	17	1	淳平	Bbad_010_010_03_00	淳平	/sound/voice/Bbad_010_010_03_00_00.ogg	unique_exact_anchor	exact	selected	1	same
bbad.fsb.txt	21	2	紫	Bbad_010_010_04_00	紫	/sound/voice/Bbad_010_010_04_00_00.ogg	unique_exact_anchor	exact	selected	1	same
bbad.fsb.txt	51	8	淳平	Bbad_010_020_02_00	淳平	/sound/voice/Bbad_010_020_02_00_00.ogg	unique_exact_anchor	exact	selected	1	same
bbad.fsb.txt	53	9	淳平	Bbad_010_020_03_00	淳平	/sound/voice/Bbad_010_020_03_00_00.ogg	unique_exact_anchor	exact	selected	1	same
bbad.fsb.txt	55	10	淳平	Bbad_010_020_04_00	淳平	/sound/voice/Bbad_010_020_04_00_00.ogg	unique_exact_anchor	exact	selected	1	same
bbad.fsb.txt	59	11	紫	Bbad_010_020_05_00	紫	/sound/voice/Bbad_010_020_05_00_00.ogg	unique_exact_anchor	exact	selected	1	same
bbad.fsb.txt	61	12	紫	Bbad_010_020_06_00	紫	/sound/voice/Bbad_010_020_06_00_00.ogg	unique_exact_anchor	exact	selected	1	same
bbad.fsb.txt	63	13	淳平	Bbad_010_020_07_00	淳平	/sound/voice/Bbad_010_020_07_00_00.ogg	unique_exact_anchor	exact	selected	1	same
bbad.fsb.txt	66	14	紫	Bbad_010_020_08_00	紫	/sound/voice/Bbad_010_020_08_00_00.ogg	unique_exact_anchor	exact	selected	1	same
bbad.fsb.txt	68	15	淳平	Bbad_010_020_09_00	淳平	/sound/voice/Bbad_010_020_09_00_00.ogg	unique_exact_anchor	exact	selected	1	same
bbad.fsb.txt	116	25	紫	Bbad_010_050_01_00	紫	/sound/voice/Bbad_010_050_01_00_00.ogg	unique_exact_anchor	exact	selected	1	same
bbad.fsb.txt	118	26	淳平	Bbad_010_050_02_00	淳平	/sound/voice/Bbad_010_050_02_00_00.ogg	unique_exact_anchor	exact	selected	1	same
bbad.fsb.txt	124	28	茜	Bbad_010_050_04_00	茜	/sound/voice/Bbad_010_050_04_00_00.ogg	unique_exact_anchor	exact	selected	1	same
bbad.fsb.txt	126	29	淳平	Bbad_010_050_05_00	淳平	/sound/voice/Bbad_010_050_05_00_00.ogg	unique_exact_anchor	exact	selected	1	same
bbad.fsb.txt	321	73	淳平	Bbad_030_080_01_00	淳平	/sound/voice/Bbad_030_080_01_00_00.ogg	unique_exact_anchor	exact	selected	1	same
bbad.fsb.txt	339	77	淳平	Bbad_030_081_02_00	淳平	/sound/voice/Bbad_030_081_02_00_00.ogg	unique_exact_anchor	exact	selected	1	same
bed1.fsb.txt	41	6	一宮	Bed1_010_030_03_00	一宮	/sound/voice/Bed1_010_030_03_00_00.ogg	unique_exact_anchor	exact	selected	1	same
bed1.fsb.txt	49	7	紫	Bed1_010_030_04_00	紫	/sound/voice/Bed1_010_030_04_00_00.ogg	unique_exact_anchor	exact	selected	1	same
bed1.fsb.txt	54	8	サンタ	Bed1_010_040_01_00	サンタ	/sound/voice/Bed1_010_040_01_00_00.ogg	monotonic_tfidf	high	selected	1	same
bed1.fsb.txt	56	9	一宮	Bed1_010_040_02_00	一宮	/sound/voice/Bed1_010_040_02_00_00.ogg	unique_exact_anchor	exact	selected	1	same
bed1.fsb.txt	60	10	紫	Bed1_010_040_03_00	紫	/sound/voice/Bed1_010_040_03_00_00.ogg	unique_exact_anchor	exact	selected	1	same
bed1.fsb.txt	62	11	淳平	Bed1_010_040_04_00	淳平	/sound/voice/Bed1_010_040_04_00_00.ogg	unique_exact_anchor	exact	selected	1	same
bed1.fsb.txt	106	21	一宮	Bed1_010_070_03_00	一宮	/sound/voice/Bed1_010_070_03_00_00.ogg	unique_exact_anchor	exact	selected	1	same
bed1.fsb.txt	108	22	淳平	Bed1_010_070_04_00	淳平	/sound/voice/Bed1_010_070_04_00_00.ogg	unique_exact_anchor	exact	selected	1	same
bed1.fsb.txt	110	23	淳平	Bed1_010_070_05_00	淳平	/sound/voice/Bed1_010_070_05_00_00.ogg	unique_exact_anchor	exact	selected	1	same
bed1.fsb.txt	118	24	サンタ	Bed1_010_070_06_00	サンタ	/sound/voice/Bed1_010_070_06_00_00.ogg	unique_exact_anchor	exact	selected	1	same
bed1.fsb.txt	148	31	淳平	Bed1_010_100_03_00	淳平	/sound/voice/Bed1_010_100_03_00_00.ogg	unique_exact_anchor	exact	selected	1	same
bed1.fsb.txt	214	46	紫	Bed1_020_060_01_30	紫	/sound/voice/Bed1_020_060_01_30_00.ogg	monotonic_tfidf	medium	selected	1	same
bed1.fsb.txt	237	52	淳平	Bed1_020_080_03_00	淳平	/sound/voice/Bed1_020_080_03_00_00.ogg	unique_exact_anchor	exact	selected	1	same
bed1.fsb.txt	266	60	淳平	Bed1_020_100_04_00	淳平	/sound/voice/Bed1_020_100_04_00_00.ogg	unique_exact_anchor	exact	selected	1	same
bed1.fsb.txt	276	62	サンタ	Bed1_020_110_01_00	サンタ	/sound/voice/Bed1_020_110_01_00_00.ogg	unique_exact_anchor	exact	selected	1	same
bed1.fsb.txt	278	63	サンタ	Bed1_020_110_02_00	サンタ	/sound/voice/Bed1_020_110_02_00_00.ogg	monotonic_tfidf	medium	selected	1	same
bed1.fsb.txt	280	64	サンタ	Bed1_020_110_03_00	サンタ	/sound/voice/Bed1_020_110_03_00_00.ogg	monotonic_tfidf	medium	selected	1	same
bed1.fsb.txt	294	65	淳平	Bed1_020_120_99_20	淳平	/sound/voice/Bed1_020_120_99_20_00.ogg	monotonic_tfidf	high	selected	1	same
bed1.fsb.txt	296	66	淳平	Bed1_020_120_99_21	淳平	/sound/voice/Bed1_020_120_99_21_00.ogg | /sound/voice/Bed1_020_120_99_21_01.ogg	monotonic_tfidf	high	selected	1	same
bed1.fsb.txt	304	67	サンタ	Bed1_020_130_01_00	サンタ	/sound/voice/Bed1_020_130_01_00_00.ogg	unique_exact_anchor	exact	selected	1	same
bed1.fsb.txt	306	68	サンタ	Bed1_020_130_02_00	サンタ	/sound/voice/Bed1_020_130_02_00_00.ogg	unique_exact_anchor	exact	selected	1	same
bed1.fsb.txt	308	69	淳平	Bed1_020_130_03_00	淳平	/sound/voice/Bed1_020_130_03_00_00.ogg	unique_exact_anchor	exact	selected	1	same
bed1.fsb.txt	379	90	サンタ	Bed1_030_010_01_00	サンタ	/sound/voice/Bed1_030_010_01_00_00.ogg	unique_exact_anchor	exact	selected	1	same
bed1.fsb.txt	428	106	淳平	Bed1_030_060_01_10	淳平	/sound/voice/Bed1_030_060_01_10_00.ogg	monotonic_tfidf	medium	selected	1	same
bed1.fsb.txt	444	109	サンタ	Bed1_030_070_02_00	サンタ	/sound/voice/Bed1_030_070_02_00_00.ogg	unique_exact_anchor	exact	selected	1	same
bed1.fsb.txt	446	110	一宮	Bed1_030_070_03_00	一宮	/sound/voice/Bed1_030_070_03_00_00.ogg	unique_exact_anchor	exact	selected	1	same
bed1.fsb.txt	455	112	紫	Bed1_030_080_01_00	紫	/sound/voice/Bed1_030_080_01_00_00.ogg	unique_exact_anchor	exact	selected	1	same
bed1.fsb.txt	457	113	紫	Bed1_030_080_02_00	紫	/sound/voice/Bed1_030_080_02_00_00.ogg	unique_exact_anchor	exact	selected	1	same
bed1.fsb.txt	465	116	サンタ	Bed1_030_090_01_00	サンタ	/sound/voice/Bed1_030_090_01_00_00.ogg	unique_exact_anchor	exact	selected	1	same
bed1.fsb.txt	471	118	淳平	Bed1_030_091_01_00	淳平	/sound/voice/Bed1_030_091_01_00_00.ogg	unique_exact_anchor	exact	selected	1	same
bed1.fsb.txt	473	119	淳平	Bed1_030_091_02_00	淳平	/sound/voice/Bed1_030_091_02_00_00.ogg	unique_exact_anchor	exact	selected	1	same
bed1.fsb.txt	478	120	一宮	Bed1_030_091_03_00	一宮	/sound/voice/Bed1_030_091_03_00_00.ogg	unique_exact_anchor	exact	selected	1	same
bed1.fsb.txt	483	122	淳平	Bed1_030_100_02_00	淳平	/sound/voice/Bed1_030_100_02_00_00.ogg	unique_exact_anchor	exact	selected	1	same
bed1.fsb.txt	485	123	淳平	Bed1_030_100_03_00	淳平	/sound/voice/Bed1_030_100_03_00_00.ogg	unique_exact_anchor	exact	selected	1	same
bed1.fsb.txt	498	126	紫	Bed1_030_110_01_00	紫	/sound/voice/Bed1_030_110_01_00_00.ogg	unique_exact_anchor	exact	selected	1	same
bed1.fsb.txt	506	128	一宮	Bed1_030_120_01_00	一宮	/sound/voice/Bed1_030_120_01_00_00.ogg	unique_exact_anchor	exact	selected	1	same
bed1.fsb.txt	508	129	一宮	Bed1_030_120_03_10	一宮	/sound/voice/Bed1_030_120_03_10_00.ogg	monotonic_tfidf	high	selected	1	same
bed1.fsb.txt	523	135	一宮	Bed1_030_120_11_00	一宮	/sound/voice/Bed1_030_120_11_00_00.ogg	unique_exact_anchor	exact	selected	1	same
bed1.fsb.txt	585	150	サンタ	Bed1_030_180_01_00	サンタ	/sound/voice/Bed1_030_180_01_00_00.ogg	unique_exact_anchor	exact	selected	1	same
bed1.fsb.txt	593	152	淳平	Bed1_030_190_01_00	淳平	/sound/voice/Bed1_030_190_01_00_00.ogg	unique_exact_anchor	exact	selected	1	same
bed2.fsb.txt	42	5	セブン	Bed2_010_031_01_00	セブン	/sound/voice/Bed2_010_031_01_00_00.ogg	unique_exact_anchor	exact	selected	1	same
bed2.fsb.txt	50	6	八代	Bed2_010_031_02_00	八代	/sound/voice/Bed2_010_031_02_00_00.ogg	unique_exact_anchor	exact	selected	1	same
bed2.fsb.txt	59	9	淳平	Bed2_010_031_05_00	淳平	/sound/voice/Bed2_010_031_05_00_00.ogg	unique_exact_anchor	exact	selected	1	same
bed2.fsb.txt	65	11	サンタ	Bed2_010_040_02_00	サンタ	/sound/voice/Bed2_010_040_02_00_00.ogg	unique_exact_anchor	exact	selected	1	same
bed2.fsb.txt	67	12	紫	Bed2_010_040_03_00	紫	/sound/voice/Bed2_010_040_03_00_00.ogg	unique_exact_anchor	exact	selected	1	same
bed2.fsb.txt	69	13	一宮	Bed2_010_040_04_00	一宮	/sound/voice/Bed2_010_040_04_00_00.ogg	monotonic_tfidf	high	selected	1	same
bed2.fsb.txt	75	15	セブン	Bed2_010_050_02_00	セブン	/sound/voice/Bed2_010_050_02_00_00.ogg	unique_exact_anchor	exact	selected	1	same
bed2.fsb.txt	77	16	八代	Bed2_010_050_03_00	八代	/sound/voice/Bed2_010_050_03_00_00.ogg	unique_exact_anchor	exact	selected	1	same
bed2.fsb.txt	79	17	セブン	Bed2_010_050_04_00	セブン	/sound/voice/Bed2_010_050_04_00_00.ogg	unique_exact_anchor	exact	selected	1	same
bed2.fsb.txt	84	19	八代	Bed2_010_060_01_00	八代	/sound/voice/Bed2_010_060_01_00_00.ogg	monotonic_tfidf	high	selected	1	same
bed2.fsb.txt	86	20	セブン	Bed2_010_060_02_00	セブン	/sound/voice/Bed2_010_060_02_00_00.ogg	unique_exact_anchor	exact	selected	1	same
bed2.fsb.txt	88	21	八代	Bed2_010_060_03_00	八代	/sound/voice/Bed2_010_060_03_00_00.ogg	unique_exact_anchor	exact	selected	1	same
bed2.fsb.txt	90	22	セブン	Bed2_010_060_04_00	セブン	/sound/voice/Bed2_010_060_04_00_00.ogg	unique_exact_anchor	exact	selected	1	same
bed2.fsb.txt	92	23	八代	Bed2_010_060_05_00	八代	/sound/voice/Bed2_010_060_05_00_00.ogg	unique_exact_anchor	exact	selected	1	same
bed2.fsb.txt	97	25	セブン	Bed2_010_070_01_00	セブン	/sound/voice/Bed2_010_070_01_00_00.ogg	unique_exact_anchor	exact	selected	1	same
bed2.fsb.txt	99	26	八代	Bed2_010_070_02_00	八代	/sound/voice/Bed2_010_070_02_00_00.ogg	unique_exact_anchor	exact	selected	1	same
bed2.fsb.txt	101	27	セブン	Bed2_010_070_03_00	セブン	/sound/voice/Bed2_010_070_03_00_00.ogg	unique_exact_anchor	exact	selected	1	same
bed2.fsb.txt	103	28	八代	Bed2_010_070_04_00	八代	/sound/voice/Bed2_010_070_04_00_00.ogg	unique_exact_anchor	exact	selected	1	same
bed2.fsb.txt	108	30	セブン	Bed2_010_080_01_00	セブン	/sound/voice/Bed2_010_080_01_00_00.ogg	unique_exact_anchor	exact	selected	1	same
bed2.fsb.txt	110	31	八代	Bed2_010_080_02_00	八代	/sound/voice/Bed2_010_080_02_00_00.ogg	unique_exact_anchor	exact	selected	1	same
bed2.fsb.txt	112	32	セブン	Bed2_010_080_03_00	セブン	/sound/voice/Bed2_010_080_03_00_00.ogg	unique_exact_anchor	exact	selected	1	same
bed2.fsb.txt	114	33	八代	Bed2_010_080_04_00	八代	/sound/voice/Bed2_010_080_04_00_00.ogg	unique_exact_anchor	exact	selected	1	same
bed2.fsb.txt	119	35	セブン	Bed2_010_090_01_00	セブン	/sound/voice/Bed2_010_090_01_00_00.ogg	unique_exact_anchor	exact	selected	1	same
bed2.fsb.txt	121	36	八代	Bed2_010_090_02_00	八代	/sound/voice/Bed2_010_090_02_00_00.ogg	unique_exact_anchor	exact	selected	1	same
bed2.fsb.txt	123	37	セブン	Bed2_010_090_03_00	セブン	/sound/voice/Bed2_010_090_03_00_00.ogg	unique_exact_anchor	exact	selected	1	same
bed2.fsb.txt	125	38	八代	Bed2_010_090_04_00	八代	/sound/voice/Bed2_010_090_04_00_00.ogg	unique_exact_anchor	exact	selected	1	same
bed2.fsb.txt	131	40	淳平	Bed2_010_100_02_00	淳平	/sound/voice/Bed2_010_100_02_00_00.ogg	unique_exact_anchor	exact	selected	1	same
bed2.fsb.txt	133	41	セブン	Bed2_010_100_03_00	セブン	/sound/voice/Bed2_010_100_03_00_00.ogg	unique_exact_anchor	exact	selected	1	same
bed2.fsb.txt	136	42	八代	Bed2_010_101_01_00	八代	/sound/voice/Bed2_010_101_01_00_00.ogg	unique_exact_anchor	exact	selected	1	same
bed2.fsb.txt	138	43	紫	Bed2_010_101_02_00	紫	/sound/voice/Bed2_010_101_02_00_00.ogg	unique_exact_anchor	exact	selected	1	same
bed2.fsb.txt	140	44	セブン	Bed2_010_101_03_00	セブン	/sound/voice/Bed2_010_101_03_00_00.ogg	unique_exact_anchor	exact	selected	1	same
bed2.fsb.txt	151	47	一宮	Bed2_010_110_03_00	一宮	/sound/voice/Bed2_010_110_03_00_00.ogg	unique_exact_anchor	exact	selected	1	same
bed2.fsb.txt	153	48	一宮	Bed2_010_110_04_00	一宮	/sound/voice/Bed2_010_110_04_00_00.ogg	unique_exact_anchor	exact	selected	1	same
bed2.fsb.txt	208	58	淳平	Bed2_020_010_03_00	淳平	/sound/voice/Bed2_020_010_03_00_00.ogg	monotonic_tfidf	exact	selected	1	same
bed2.fsb.txt	211	59	紫	Bed2_020_010_04_00	紫	/sound/voice/Bed2_020_010_04_00_00.ogg	unique_exact_anchor	exact	selected	1	same
bed2.fsb.txt	213	60	淳平	Bed2_020_010_05_00	淳平	/sound/voice/Bed2_020_010_05_00_00.ogg	unique_exact_anchor	exact	selected	1	same
bed2.fsb.txt	215	61	紫	Bed2_020_010_06_00	紫	/sound/voice/Bed2_020_010_06_00_00.ogg	unique_exact_anchor	exact	selected	1	same
bed2.fsb.txt	217	62	淳平	Bed2_020_010_07_00	淳平	/sound/voice/Bed2_020_010_07_00_00.ogg	unique_exact_anchor	exact	selected	1	same
bed2.fsb.txt	223	64	淳平	Bed2_020_020_02_00	淳平	/sound/voice/Bed2_020_020_02_00_00.ogg	unique_exact_anchor	exact	selected	1	same
bed2.fsb.txt	246	67	淳平	Bed2_020_040_01_00	淳平	/sound/voice/Bed2_020_040_01_00_00.ogg	unique_exact_anchor	exact	selected	1	same
bed2.fsb.txt	249	68	紫	Bed2_020_040_02_00	紫	/sound/voice/Bed2_020_040_02_00_00.ogg	unique_exact_anchor	exact	selected	1	same
bed2.fsb.txt	290	80	淳平	Bed2_020_080_01_00	淳平	/sound/voice/Bed2_020_080_01_00_00.ogg	unique_exact_anchor	exact	selected	1	same
bed2.fsb.txt	318	86	四葉	Bed2_020_100_01_00	四葉	/sound/voice/Bed2_020_100_01_00_00.ogg	unique_exact_anchor	exact	selected	1	same
bed2.fsb.txt	320	87	四葉	Bed2_020_100_02_00	四葉	/sound/voice/Bed2_020_100_02_00_00.ogg	monotonic_tfidf	review	selected	1	same
bed2.fsb.txt	393	101	セブン	Bed2_030_030_02_00	セブン	/sound/voice/Bed2_030_030_02_00_00.ogg	unique_exact_anchor	exact	selected	1	same
bed2.fsb.txt	403	105	淳平	Bed2_030_040_04_00	淳平	/sound/voice/Bed2_030_040_04_00_00.ogg	unique_exact_anchor	exact	selected	1	same
bed2.fsb.txt	410	107	セブン	Bed2_030_050_02_00	セブン	/sound/voice/Bed2_030_050_02_00_00.ogg | /sound/voice/Bed2_030_050_02_00_01.ogg	monotonic_tfidf	high	selected	1	same
bed2.fsb.txt	414	108	セブン	Bed2_030_050_03_00	セブン	/sound/voice/Bed2_030_050_03_00_00.ogg	unique_exact_anchor	exact	selected	1	same
bed2.fsb.txt	467	111	淳平	Bed2_040_010_01_00	淳平	/sound/voice/Bed2_040_010_01_00_00.ogg	unique_exact_anchor	exact	selected	1	same
bed2.fsb.txt	469	112	淳平	Bed2_040_010_02_00	淳平	/sound/voice/Bed2_040_010_02_00_00.ogg	unique_exact_anchor	exact	selected	1	same
bed2.fsb.txt	485	115	紫	Bed2_040_020_03_10	紫	/sound/voice/Bed2_040_020_03_10_00.ogg	monotonic_tfidf	review	selected	1	same
bed2.fsb.txt	566	138	淳平	Bed2_040_110_01_00	淳平	/sound/voice/Bed2_040_110_01_00_00.ogg	unique_exact_anchor	exact	selected	1	same
bed2.fsb.txt	572	140	紫	Bed2_040_110_03_00	紫	/sound/voice/Bed2_040_110_03_00_00.ogg	unique_exact_anchor	exact	selected	1	same
bed2.fsb.txt	587	144	淳平	Bed2_040_120_01_00	淳平	/sound/voice/Bed2_040_120_01_00_00.ogg	unique_exact_anchor	exact	selected	1	same
bed2.fsb.txt	616	153	淳平	Bed2_050_020_02_00	淳平	/sound/voice/Bed2_050_020_02_00_00.ogg	unique_exact_anchor	exact	selected	1	same
bed2.fsb.txt	623	154	セブン	Bed2_050_030_01_00	セブン	/sound/voice/Bed2_050_030_01_00_00.ogg	unique_exact_anchor	exact	selected	1	same
bed2.fsb.txt	635	157	淳平	Bed2_050_040_02_00	淳平	/sound/voice/Bed2_050_040_02_00_00.ogg	unique_exact_anchor	exact	selected	1	same
bed2.fsb.txt	637	158	セブン	Bed2_050_040_03_00	セブン	/sound/voice/Bed2_050_040_03_00_00.ogg	unique_exact_anchor	exact	selected	1	same
bed2.fsb.txt	640	159	セブン	Bed2_050_050_01_00	セブン	/sound/voice/Bed2_050_050_01_00_00.ogg	unique_exact_anchor	exact	selected	1	same
bed2.fsb.txt	642	160	セブン	Bed2_050_050_02_00	セブン	/sound/voice/Bed2_050_050_02_00_00.ogg	unique_exact_anchor	exact	selected	1	same
bed2.fsb.txt	644	161	セブン	Bed2_050_050_03_00	セブン	/sound/voice/Bed2_050_050_03_00_00.ogg	unique_exact_anchor	exact	selected	1	same
bed2.fsb.txt	651	163	セブン	Bed2_050_051_01_00	セブン	/sound/voice/Bed2_050_051_01_00_00.ogg	unique_exact_anchor	exact	selected	1	same
bed2.fsb.txt	653	164	セブン	Bed2_050_051_02_00	セブン	/sound/voice/Bed2_050_051_02_00_00.ogg	unique_exact_anchor	exact	selected	1	same
bed2.fsb.txt	655	165	セブン	Bed2_050_051_03_00	セブン	/sound/voice/Bed2_050_051_03_00_00.ogg	unique_exact_anchor	exact	selected	1	same
bed2.fsb.txt	657	166	セブン	Bed2_050_051_04_00	セブン	/sound/voice/Bed2_050_051_04_00_00.ogg	unique_exact_anchor	exact	selected	1	same
bed2.fsb.txt	659	167	セブン	Bed2_050_051_05_00	セブン	/sound/voice/Bed2_050_051_05_00_00.ogg	unique_exact_anchor	exact	selected	1	same
bed2.fsb.txt	665	169	淳平	Bed2_050_060_02_00	淳平	/sound/voice/Bed2_050_060_02_00_00.ogg	unique_exact_anchor	exact	selected	1	same
bed2.fsb.txt	671	172	淳平	Bed2_050_060_05_10	淳平	/sound/voice/Bed2_050_060_05_10_00.ogg	unique_exact_anchor	exact	selected	1	same
bed2.fsb.txt	673	173	淳平	Bed2_050_060_06_00	淳平	/sound/voice/Bed2_050_060_06_00_00.ogg	unique_exact_anchor	exact	selected	1	same
bed2.fsb.txt	677	174	セブン	Bed2_050_070_01_00	セブン	/sound/voice/Bed2_050_070_01_00_00.ogg	unique_exact_anchor	exact	selected	1	same
bed2.fsb.txt	679	175	セブン	Bed2_050_070_02_00	セブン	/sound/voice/Bed2_050_070_02_00_00.ogg	unique_exact_anchor	exact	selected	1	same
bed2.fsb.txt	682	176	セブン	Bed2_050_070_03_00	セブン	/sound/voice/Bed2_050_070_03_00_00.ogg	monotonic_tfidf	medium	selected	1	same
bed2.fsb.txt	684	177	淳平	Bed2_050_070_04_00	淳平	/sound/voice/Bed2_050_070_04_00_00.ogg	unique_exact_anchor	exact	selected	1	same
bed2.fsb.txt	686	178	淳平	Bed2_050_070_05_00	淳平	/sound/voice/Bed2_050_070_05_00_00.ogg	unique_exact_anchor	exact	selected	1	same
bed2.fsb.txt	693	180	セブン	Bed2_050_080_02_10	セブン	/sound/voice/Bed2_050_080_02_10_00.ogg	unique_exact_anchor	exact	selected	1	same
bed2.fsb.txt	729	187	セブン	Bed2_050_100_02_00	セブン	/sound/voice/Bed2_050_100_02_00_00.ogg	monotonic_tfidf	high	selected	1	same
bed2.fsb.txt	731	188	セブン	Bed2_050_100_03_00	セブン	/sound/voice/Bed2_050_100_03_00_00.ogg	unique_exact_anchor	exact	selected	1	same
bed2.fsb.txt	734	189	セブン	Bed2_050_110_01_00	セブン	/sound/voice/Bed2_050_110_01_00_00.ogg	unique_exact_anchor	exact	selected	1	same
bed2.fsb.txt	736	190	セブン	Bed2_050_110_02_00	セブン	/sound/voice/Bed2_050_110_02_00_00.ogg	unique_exact_anchor	exact	selected	1	same
bed2.fsb.txt	742	192	セブン	Bed2_050_120_02_10	セブン	/sound/voice/Bed2_050_120_02_10_00.ogg	unique_exact_anchor	exact	selected	1	same
bed2.fsb.txt	744	193	セブン	Bed2_050_120_03_00	セブン	/sound/voice/Bed2_050_120_03_00_00.ogg	monotonic_tfidf	high	selected	1	same
bed2.fsb.txt	746	194	セブン	Bed2_050_120_04_00	セブン	/sound/voice/Bed2_050_120_04_00_00.ogg	monotonic_tfidf	high	selected	1	same
bed2.fsb.txt	836	217	淳平	Bed2_060_020_03_00	淳平	/sound/voice/Bed2_060_020_03_00_00.ogg	unique_exact_anchor	exact	selected	1	same
bed2.fsb.txt	890	229	淳平	Bed2_060_050_04_00	淳平	/sound/voice/Bed2_060_050_04_00_00.ogg	unique_exact_anchor	exact	selected	1	same
bed2.fsb.txt	892	230	淳平	Bed2_060_050_05_00	淳平	/sound/voice/Bed2_060_050_05_00_00.ogg	unique_exact_anchor	exact	selected	1	same
bed2.fsb.txt	930	238	セブン	Bed2_060_080_03_00	セブン	/sound/voice/Bed2_060_080_03_00_00.ogg	unique_exact_anchor	exact	selected	1	same
bed2.fsb.txt	948	241	セブン	Bed2_060_100_01_00	セブン	/sound/voice/Bed2_060_100_01_00_00.ogg	unique_exact_anchor	exact	selected	1	same
bed2.fsb.txt	952	243	セブン	Bed2_060_100_04_00	セブン	/sound/voice/Bed2_060_100_04_00_00.ogg	unique_exact_anchor	exact	selected	1	same
bed2.fsb.txt	958	245	淳平	Bed2_060_110_02_00	淳平	/sound/voice/Bed2_060_110_02_00_00.ogg	unique_exact_anchor	exact	selected	1	same
bed2.fsb.txt	967	248	淳平	Bed2_060_130_01_00	淳平	/sound/voice/Bed2_060_130_01_00_00.ogg	unique_exact_anchor	exact	selected	1	same
bed2.fsb.txt	969	249	セブン	Bed2_060_130_02_00	セブン	/sound/voice/Bed2_060_130_02_00_00.ogg	unique_exact_anchor	exact	selected	1	same
bed2.fsb.txt	971	250	淳平	Bed2_060_130_03_00	淳平	/sound/voice/Bed2_060_130_03_00_00.ogg	unique_exact_anchor	exact	selected	1	same
bed2.fsb.txt	998	256	淳平	Bed2_070_020_01_00	淳平	/sound/voice/Bed2_070_020_01_00_00.ogg	unique_exact_anchor	exact	selected	1	same
bed2.fsb.txt	1004	258	セブン	Bed2_070_020_04_00	セブン	/sound/voice/Bed2_070_020_04_00_00.ogg	unique_exact_anchor	exact	selected	1	same
bed2.fsb.txt	1006	259	セブン	Bed2_070_020_05_10	セブン	/sound/voice/Bed2_070_020_05_10_00.ogg	monotonic_tfidf	high	selected	1	same
bed2.fsb.txt	1024	262	淳平	Bed2_070_040_01_00	淳平	/sound/voice/Bed2_070_040_01_00_00.ogg	monotonic_tfidf	exact	selected	1	same
bed2.fsb.txt	1030	264	セブン	Bed2_070_050_01_00	セブン	/sound/voice/Bed2_070_050_01_00_00.ogg	unique_exact_anchor	exact	selected	1	same
bed2.fsb.txt	1032	265	セブン	Bed2_070_050_02_00	セブン	/sound/voice/Bed2_070_050_02_00_00.ogg	unique_exact_anchor	exact	selected	1	same
bed2.fsb.txt	1034	266	淳平	Bed2_070_050_03_00	淳平	/sound/voice/Bed2_070_050_03_00_00.ogg	unique_exact_anchor	exact	selected	1	same
bed2.fsb.txt	1068	273	セブン	Bed2_070_080_01_00	セブン	/sound/voice/Bed2_070_080_01_00_00.ogg	unique_exact_anchor	exact	selected	1	same
bed2.fsb.txt	1555	403	セブン	Bed2_070_370_02_00	セブン	/sound/voice/Bed2_070_370_02_00_00.ogg	unique_exact_anchor	exact	selected	1	same
bed2.fsb.txt	1796	459	淳平	Bed2_090_030_02_00	淳平	/sound/voice/Bed2_090_030_02_00_00.ogg	unique_exact_anchor	exact	selected	1	same
bed2.fsb.txt	1804	460	一宮	Bed2_090_030_03_00	一宮	/sound/voice/Bed2_090_030_03_00_00.ogg	unique_exact_anchor	exact	selected	1	same
bed2.fsb.txt	1807	461	淳平	Bed2_090_040_01_00	淳平	/sound/voice/Bed2_090_040_01_00_00.ogg	unique_exact_anchor	exact	selected	1	same
bed2.fsb.txt	1811	462	八代	Bed2_090_040_02_00	八代	/sound/voice/Bed2_090_040_02_00_00.ogg	unique_exact_anchor	exact	selected	1	same
bed2.fsb.txt	1813	463	淳平	Bed2_090_040_03_00	淳平	/sound/voice/Bed2_090_040_03_00_00.ogg	unique_exact_anchor	exact	selected	1	same
bed2.fsb.txt	1818	464	サンタ	Bed2_090_040_04_00	サンタ	/sound/voice/Bed2_090_040_04_00_00.ogg	unique_exact_anchor	exact	selected	1	same
bed2.fsb.txt	1821	465	淳平	Bed2_090_050_01_00	淳平	/sound/voice/Bed2_090_050_01_00_00.ogg	unique_exact_anchor	exact	selected	1	same
bed2.fsb.txt	1825	466	セブン	Bed2_090_050_02_00	セブン	/sound/voice/Bed2_090_050_02_00_00.ogg	unique_exact_anchor	exact	selected	1	same
bed2.fsb.txt	1827	467	淳平	Bed2_090_050_03_00	淳平	/sound/voice/Bed2_090_050_03_00_00.ogg	monotonic_tfidf	exact	selected	1	same
bed2.fsb.txt	1829	468	淳平	Bed2_090_050_04_00	淳平	/sound/voice/Bed2_090_050_04_00_00.ogg	unique_exact_anchor	exact	selected	1	same
bed2.fsb.txt	1831	469	淳平	Bed2_090_050_05_00	淳平	/sound/voice/Bed2_090_050_05_00_00.ogg	unique_exact_anchor	exact	selected	1	same
bed2.fsb.txt	1843	474	淳平	Bed2_090_070_01_00	淳平	/sound/voice/Bed2_090_070_01_00_00.ogg	unique_exact_anchor	exact	selected	1	same
bed2.fsb.txt	1845	475	淳平	Bed2_090_070_02_00	淳平	/sound/voice/Bed2_090_070_02_00_00.ogg	unique_exact_anchor	exact	selected	1	same
bed2.fsb.txt	1867	480	淳平	Bed2_090_081_01_00	淳平	/sound/voice/Bed2_090_081_01_00_00.ogg	unique_exact_anchor	exact	selected	1	same
bed3.fsb.txt	17	0	淳平	Bed3_010_010_01_00	淳平	/sound/voice/Bed3_010_010_01_00_00.ogg	unique_exact_anchor	exact	selected	1	same
bed3.fsb.txt	24	2	淳平	Bed3_010_011_01_00	淳平	/sound/voice/Bed3_010_011_01_00_00.ogg	unique_exact_anchor	exact	selected	1	same
bed3.fsb.txt	28	3	一宮	Bed3_010_011_02_00	一宮	/sound/voice/Bed3_010_011_02_00_00.ogg	unique_exact_anchor	exact	selected	1	same
bed3.fsb.txt	36	4	セブン	Bed3_010_011_03_00	セブン	/sound/voice/Bed3_010_011_03_00_00.ogg	unique_exact_anchor	exact	selected	1	same
bed3.fsb.txt	40	5	八代	Bed3_010_011_04_00	八代	/sound/voice/Bed3_010_011_04_00_00.ogg	unique_exact_anchor	exact	selected	1	same
bed3.fsb.txt	42	6	八代	Bed3_010_011_05_00	八代	/sound/voice/Bed3_010_011_05_00_00.ogg	unique_exact_anchor	exact	selected	1	same
bed3.fsb.txt	44	7	淳平	Bed3_010_011_06_00	淳平	/sound/voice/Bed3_010_011_06_00_00.ogg	unique_exact_anchor	exact	selected	1	same
bed3.fsb.txt	46	8	淳平	Bed3_010_011_07_00	淳平	/sound/voice/Bed3_010_011_07_00_00.ogg	unique_exact_anchor	exact	selected	1	same
bed3.fsb.txt	49	9	セブン	Bed3_010_020_01_00	セブン	/sound/voice/Bed3_010_020_01_00_00.ogg	unique_exact_anchor	exact	selected	1	same
bed3.fsb.txt	51	10	淳平	Bed3_010_020_02_00	淳平	/sound/voice/Bed3_010_020_02_00_00.ogg	unique_exact_anchor	exact	selected	1	same
bed3.fsb.txt	53	11	淳平	Bed3_010_020_03_00	淳平	/sound/voice/Bed3_010_020_03_00_00.ogg	unique_exact_anchor	exact	selected	1	same
bed3.fsb.txt	59	13	セブン	Bed3_010_021_01_00	セブン	/sound/voice/Bed3_010_021_01_00_00.ogg	unique_exact_anchor	exact	selected	1	same
bed3.fsb.txt	61	14	淳平	Bed3_010_021_02_00	淳平	/sound/voice/Bed3_010_021_02_00_00.ogg	unique_exact_anchor	exact	selected	1	same
bed3.fsb.txt	65	15	一宮	Bed3_010_021_03_00	一宮	/sound/voice/Bed3_010_021_03_00_00.ogg	unique_exact_anchor	exact	selected	1	same
bed3.fsb.txt	67	16	八代	Bed3_010_021_04_00	八代	/sound/voice/Bed3_010_021_04_00_00.ogg	unique_exact_anchor	exact	selected	1	same
bed3.fsb.txt	177	34	淳平	Bed3_020_020_03_00	淳平	/sound/voice/Bed3_020_020_03_00_00.ogg	unique_exact_anchor	exact	selected	1	same
bed3.fsb.txt	185	37	淳平	Bed3_020_030_01_00	淳平	/sound/voice/Bed3_020_030_01_00_00.ogg	unique_exact_anchor	exact	selected	1	same
bed3.fsb.txt	196	38	一宮	Bed3_020_030_02_00	一宮	/sound/voice/Bed3_020_030_02_00_00.ogg	unique_exact_anchor	exact	selected	1	same
bed3.fsb.txt	198	39	淳平	Bed3_020_030_03_00	淳平	/sound/voice/Bed3_020_030_03_00_00.ogg	monotonic_tfidf	medium	selected	1	same
bed3.fsb.txt	202	40	一宮	Bed3_020_030_04_00	一宮	/sound/voice/Bed3_020_030_04_00_00.ogg	unique_exact_anchor	exact	selected	1	same
bed3.fsb.txt	204	41	淳平	Bed3_020_030_05_00	淳平	/sound/voice/Bed3_020_030_05_00_00.ogg	unique_exact_anchor	exact	selected	1	same
bed3.fsb.txt	206	42	一宮	Bed3_020_030_06_00	一宮	/sound/voice/Bed3_020_030_06_00_00.ogg	unique_exact_anchor	exact	selected	1	same
bed3.fsb.txt	208	43	淳平	Bed3_020_030_07_00	淳平	/sound/voice/Bed3_020_030_07_00_00.ogg	unique_exact_anchor	exact	selected	1	same
bed3.fsb.txt	210	44	淳平	Bed3_020_030_08_00	淳平	/sound/voice/Bed3_020_030_08_00_00.ogg	unique_exact_anchor	exact	selected	1	same
bed3.fsb.txt	213	45	一宮	Bed3_020_030_09_00	一宮	/sound/voice/Bed3_020_030_09_00_00.ogg	monotonic_tfidf	review	selected	1	same
bed3.fsb.txt	229	51	淳平	Bed3_020_050_01_00	淳平	/sound/voice/Bed3_020_050_01_00_00.ogg	unique_exact_anchor	exact	selected	1	same
bed3.fsb.txt	231	52	淳平	Bed3_020_050_02_00	淳平	/sound/voice/Bed3_020_050_02_00_00.ogg	unique_exact_anchor	exact	selected	1	same
bed3.fsb.txt	234	53	一宮	Bed3_020_050_03_00	一宮	/sound/voice/Bed3_020_050_03_00_00.ogg	unique_exact_anchor	exact	selected	1	same
bed3.fsb.txt	236	54	淳平	Bed3_020_050_04_00	淳平	/sound/voice/Bed3_020_050_04_00_00.ogg	unique_exact_anchor	exact	selected	1	same
bed3.fsb.txt	238	55	一宮	Bed3_020_050_05_00	一宮	/sound/voice/Bed3_020_050_05_00_00.ogg	unique_exact_anchor	exact	selected	1	same
bed3.fsb.txt	240	56	淳平	Bed3_020_050_06_00	淳平	/sound/voice/Bed3_020_050_06_00_00.ogg	unique_exact_anchor	exact	selected	1	same
bed3.fsb.txt	242	57	一宮	Bed3_020_050_07_00	一宮	/sound/voice/Bed3_020_050_07_00_00.ogg	monotonic_tfidf	high	selected	1	same
bed3.fsb.txt	244	58	一宮	Bed3_020_050_08_00	一宮	/sound/voice/Bed3_020_050_08_00_00.ogg	unique_exact_anchor	exact	selected	1	same
bed3.fsb.txt	246	59	一宮	Bed3_020_050_09_00	一宮	/sound/voice/Bed3_020_050_09_00_00.ogg	unique_exact_anchor	exact	selected	1	same
bed3.fsb.txt	248	60	一宮	Bed3_020_050_10_00	一宮	/sound/voice/Bed3_020_050_10_00_00.ogg	monotonic_tfidf	high	selected	1	same
bed3.fsb.txt	250	61	一宮	Bed3_020_050_11_00	一宮	/sound/voice/Bed3_020_050_11_00_00.ogg	unique_exact_anchor	exact	selected	1	same
bed3.fsb.txt	252	62	淳平	Bed3_020_050_12_00	淳平	/sound/voice/Bed3_020_050_12_00_00.ogg	unique_exact_anchor	exact	selected	1	same
bed3.fsb.txt	262	66	淳平	Bed3_020_060_03_00	淳平	/sound/voice/Bed3_020_060_03_00_00.ogg	unique_exact_anchor	exact	selected	1	same
bed3.fsb.txt	272	68	淳平	Bed3_020_070_03_00	淳平	/sound/voice/Bed3_020_070_03_00_00.ogg	unique_exact_anchor	exact	selected	1	same
bed3.fsb.txt	279	69	淳平	Bed3_020_080_01_00	淳平	/sound/voice/Bed3_020_080_01_00_00.ogg	unique_exact_anchor	exact	selected	1	same
bed3.fsb.txt	281	70	淳平	Bed3_020_080_02_00	淳平	/sound/voice/Bed3_020_080_02_00_00.ogg	unique_exact_anchor	exact	selected	1	same
bed3.fsb.txt	283	71	淳平	Bed3_020_080_04_10	淳平	/sound/voice/Bed3_020_080_04_10_00.ogg	unique_exact_anchor	exact	selected	1	same
bed3.fsb.txt	287	73	淳平	Bed3_020_080_06_00	淳平	/sound/voice/Bed3_020_080_06_00_00.ogg	unique_exact_anchor	exact	selected	1	same
bed3.fsb.txt	293	75	淳平	Bed3_020_090_01_00	淳平	/sound/voice/Bed3_020_090_01_00_00.ogg	unique_exact_anchor	exact	selected	1	same
bed3.fsb.txt	299	77	淳平	Bed3_020_100_01_00	淳平	/sound/voice/Bed3_020_100_01_00_00.ogg	unique_exact_anchor	exact	selected	1	same
bed3.fsb.txt	303	79	淳平	Bed3_020_100_03_10	淳平	/sound/voice/Bed3_020_100_03_10_00.ogg	unique_exact_anchor	exact	selected	1	same
bed3.fsb.txt	305	80	淳平	Bed3_020_100_04_00	淳平	/sound/voice/Bed3_020_100_04_00_00.ogg	unique_exact_anchor	exact	selected	1	same
bed3.fsb.txt	307	81	淳平	Bed3_020_100_05_00	淳平	/sound/voice/Bed3_020_100_05_00_00.ogg | /sound/voice/Bed3_020_100_05_00_01.ogg	monotonic_tfidf	high	selected	1	same
bed3.fsb.txt	311	83	淳平	Bed3_020_100_07_00	淳平	/sound/voice/Bed3_020_100_07_00_00.ogg	unique_exact_anchor	exact	selected	1	same
bed3.fsb.txt	324	88	一宮	Bed3_020_120_01_00	一宮	/sound/voice/Bed3_020_120_01_00_00.ogg	unique_exact_anchor	exact	selected	1	same
bed3.fsb.txt	326	89	一宮	Bed3_020_120_02_00	一宮	/sound/voice/Bed3_020_120_02_00_00.ogg	unique_exact_anchor	exact	selected	1	same
bed3.fsb.txt	328	90	一宮	Bed3_020_120_03_00	一宮	/sound/voice/Bed3_020_120_03_00_00.ogg	unique_exact_anchor	exact	selected	1	same
bed3.fsb.txt	330	91	一宮	Bed3_020_120_04_00	一宮	/sound/voice/Bed3_020_120_04_00_00.ogg	unique_exact_anchor	exact	selected	1	same
bed3.fsb.txt	333	92	淳平	Bed3_020_120_05_00	淳平	/sound/voice/Bed3_020_120_05_00_00.ogg	unique_exact_anchor	exact	selected	1	same
bed3.fsb.txt	335	93	淳平	Bed3_020_120_06_00	淳平	/sound/voice/Bed3_020_120_06_00_00.ogg	unique_exact_anchor	exact	selected	1	same
bed3.fsb.txt	337	94	淳平	Bed3_020_120_07_00	淳平	/sound/voice/Bed3_020_120_07_00_00.ogg	unique_exact_anchor	exact	selected	1	same
bed3.fsb.txt	339	95	淳平	Bed3_020_120_08_00	淳平	/sound/voice/Bed3_020_120_08_00_00.ogg	unique_exact_anchor	exact	selected	1	same
bed3.fsb.txt	346	97	一宮	Bed3_020_130_02_00	一宮	/sound/voice/Bed3_020_130_02_00_00.ogg	unique_exact_anchor	exact	selected	1	same
bed3.fsb.txt	354	99	淳平	Bed3_020_140_01_00	淳平	/sound/voice/Bed3_020_140_01_00_00.ogg	unique_exact_anchor	exact	selected	1	same
bed3.fsb.txt	356	100	淳平	Bed3_020_140_02_00	淳平	/sound/voice/Bed3_020_140_02_00_00.ogg	unique_exact_anchor	exact	selected	1	same
bed3.fsb.txt	372	104	一宮	Bed3_025_010_01_00	一宮	/sound/voice/Bed3_025_010_01_00_00.ogg	unique_exact_anchor	exact	selected	1	same
bed3.fsb.txt	374	105	淳平	Bed3_025_010_02_00	淳平	/sound/voice/Bed3_025_010_02_00_00.ogg	unique_exact_anchor	exact	selected	1	same
bed3.fsb.txt	376	106	淳平	Bed3_025_010_03_00	淳平	/sound/voice/Bed3_025_010_03_00_00.ogg	unique_exact_anchor	exact	selected	1	same
bed3.fsb.txt	378	107	淳平	Bed3_025_010_04_00	淳平	/sound/voice/Bed3_025_010_04_00_00.ogg	unique_exact_anchor	exact	selected	1	same
bed3.fsb.txt	380	108	淳平	Bed3_025_010_05_00	淳平	/sound/voice/Bed3_025_010_05_00_00.ogg	unique_exact_anchor	exact	selected	1	same
bed3.fsb.txt	382	109	淳平	Bed3_025_010_06_00	淳平	/sound/voice/Bed3_025_010_06_00_00.ogg	monotonic_tfidf	high	selected	1	same
bed3.fsb.txt	390	112	淳平	Bed3_025_020_01_00	淳平	/sound/voice/Bed3_025_020_01_00_00.ogg	unique_exact_anchor	exact	selected	1	same
bed3.fsb.txt	392	113	淳平	Bed3_025_020_02_00	淳平	/sound/voice/Bed3_025_020_02_00_00.ogg	unique_exact_anchor	exact	selected	1	same
bed3.fsb.txt	403	114	淳平	Bed3_025_030_01_00	淳平	/sound/voice/Bed3_025_030_01_00_00.ogg	unique_exact_anchor	exact	selected	1	same
bed3.fsb.txt	407	116	淳平	Bed3_025_030_03_00	淳平	/sound/voice/Bed3_025_030_03_00_00.ogg	unique_exact_anchor	exact	selected	1	same
bed3.fsb.txt	411	118	淳平	Bed3_025_030_05_00	淳平	/sound/voice/Bed3_025_030_05_00_00.ogg	monotonic_tfidf	high	selected	1	same
bed3.fsb.txt	413	119	淳平	Bed3_025_030_06_00	淳平	/sound/voice/Bed3_025_030_06_00_00.ogg	unique_exact_anchor	exact	selected	1	same
bed3.fsb.txt	415	120	淳平	Bed3_025_030_07_00	淳平	/sound/voice/Bed3_025_030_07_00_00.ogg	unique_exact_anchor	exact	selected	1	same
bed3.fsb.txt	423	121	一宮	Bed3_025_040_01_00	一宮	/sound/voice/Bed3_025_040_01_00_00.ogg	unique_exact_anchor	exact	selected	1	same
bed3.fsb.txt	425	122	一宮	Bed3_025_040_02_00	一宮	/sound/voice/Bed3_025_040_02_00_00.ogg	unique_exact_anchor	exact	selected	1	same
bed3.fsb.txt	427	123	一宮	Bed3_025_040_03_00	一宮	/sound/voice/Bed3_025_040_03_00_00.ogg	unique_exact_anchor	exact	selected	1	same
bed3.fsb.txt	429	124	一宮	Bed3_025_040_04_00	一宮	/sound/voice/Bed3_025_040_04_00_00.ogg	unique_exact_anchor	exact	selected	1	same
bed3.fsb.txt	431	125	淳平	Bed3_025_040_05_00	淳平	/sound/voice/Bed3_025_040_05_00_00.ogg	unique_exact_anchor	exact	selected	1	same
bed3.fsb.txt	437	127	淳平	Bed3_025_050_01_00	淳平	/sound/voice/Bed3_025_050_01_00_00.ogg	unique_exact_anchor	exact	selected	1	same
bed3.fsb.txt	439	128	淳平	Bed3_025_050_02_00	淳平	/sound/voice/Bed3_025_050_02_00_00.ogg	unique_exact_anchor	exact	selected	1	same
bed3.fsb.txt	442	129	一宮	Bed3_025_050_03_00	一宮	/sound/voice/Bed3_025_050_03_00_00.ogg	unique_exact_anchor	exact	selected	1	same
bed3.fsb.txt	444	130	淳平	Bed3_025_050_04_00	淳平	/sound/voice/Bed3_025_050_04_00_00.ogg	unique_exact_anchor	exact	selected	1	same
bed3.fsb.txt	446	131	一宮	Bed3_025_050_05_00	一宮	/sound/voice/Bed3_025_050_05_00_00.ogg	unique_exact_anchor	exact	selected	1	same
bed3.fsb.txt	456	134	淳平	Bed3_030_010_01_00	淳平	/sound/voice/Bed3_030_010_01_00_00.ogg	unique_exact_anchor	exact	selected	1	same
bed3.fsb.txt	458	135	淳平	Bed3_030_010_02_00	淳平	/sound/voice/Bed3_030_010_02_00_00.ogg	unique_exact_anchor	exact	selected	1	same
bed3.fsb.txt	460	136	淳平	Bed3_030_010_03_00	淳平	/sound/voice/Bed3_030_010_03_00_00.ogg	unique_exact_anchor	exact	selected	1	same
bed3.fsb.txt	462	137	一宮	Bed3_030_010_04_00	一宮	/sound/voice/Bed3_030_010_04_00_00.ogg	unique_exact_anchor	exact	selected	1	same
bed3.fsb.txt	464	138	一宮	Bed3_030_010_05_00	一宮	/sound/voice/Bed3_030_010_05_00_00.ogg	unique_exact_anchor	exact	selected	1	same
bed3.fsb.txt	466	139	淳平	Bed3_030_010_06_00	淳平	/sound/voice/Bed3_030_010_06_00_00.ogg	unique_exact_anchor	exact	selected	1	same
bed3.fsb.txt	468	140	一宮	Bed3_030_010_07_00	一宮	/sound/voice/Bed3_030_010_07_00_00.ogg	unique_exact_anchor	exact	selected	1	same
bed3.fsb.txt	470	141	淳平	Bed3_030_010_08_00	淳平	/sound/voice/Bed3_030_010_08_00_00.ogg	unique_exact_anchor	exact	selected	1	same
bed3.fsb.txt	472	142	淳平	Bed3_030_010_09_00	淳平	/sound/voice/Bed3_030_010_09_00_00.ogg	unique_exact_anchor	exact	selected	1	same
bed3.fsb.txt	474	143	淳平	Bed3_030_010_10_00	淳平	/sound/voice/Bed3_030_010_10_00_00.ogg	unique_exact_anchor	exact	selected	1	same
bed3.fsb.txt	478	144	一宮	Bed3_030_020_01_00	一宮	/sound/voice/Bed3_030_020_01_00_00.ogg	monotonic_tfidf	exact	selected	1	same
bed3.fsb.txt	486	147	淳平	Bed3_030_030_01_00	淳平	/sound/voice/Bed3_030_030_01_00_00.ogg	unique_exact_anchor	exact	selected	1	same
bed3.fsb.txt	488	148	淳平	Bed3_030_030_02_00	淳平	/sound/voice/Bed3_030_030_02_00_00.ogg	unique_exact_anchor	exact	selected	1	same
bed3.fsb.txt	490	149	淳平	Bed3_030_030_03_00	淳平	/sound/voice/Bed3_030_030_03_00_00.ogg	unique_exact_anchor	exact	selected	1	same
bed3.fsb.txt	492	150	淳平	Bed3_030_030_04_00	淳平	/sound/voice/Bed3_030_030_04_00_00.ogg	unique_exact_anchor	exact	selected	1	same
bed3.fsb.txt	494	151	一宮	Bed3_030_030_05_00	一宮	/sound/voice/Bed3_030_030_05_00_00.ogg	unique_exact_anchor	exact	selected	1	same
bed3.fsb.txt	503	154	淳平	Bed3_030_040_01_00	淳平	/sound/voice/Bed3_030_040_01_00_00.ogg	unique_exact_anchor	exact	selected	1	same
bed3.fsb.txt	505	155	淳平	Bed3_030_040_02_00	淳平	/sound/voice/Bed3_030_040_02_00_00.ogg	unique_exact_anchor	exact	selected	1	same
bed3.fsb.txt	507	156	淳平	Bed3_030_040_03_00	淳平	/sound/voice/Bed3_030_040_03_00_00.ogg	unique_exact_anchor	exact	selected	1	same
bed3.fsb.txt	509	157	淳平	Bed3_030_040_04_00	淳平	/sound/voice/Bed3_030_040_04_00_00.ogg	unique_exact_anchor	exact	selected	1	same
bed3.fsb.txt	511	158	淳平	Bed3_030_040_05_00	淳平	/sound/voice/Bed3_030_040_05_00_00.ogg	unique_exact_anchor	exact	selected	1	same
bed3.fsb.txt	513	159	淳平	Bed3_030_040_06_00	淳平	/sound/voice/Bed3_030_040_06_00_00.ogg	unique_exact_anchor	exact	selected	1	same
bed3.fsb.txt	518	161	淳平	Bed3_030_041_01_00	淳平	/sound/voice/Bed3_030_041_01_00_00.ogg	unique_exact_anchor	exact	selected	1	same
bed3.fsb.txt	520	162	淳平	Bed3_030_041_02_00	淳平	/sound/voice/Bed3_030_041_02_00_00.ogg	unique_exact_anchor	exact	selected	1	same
bed3.fsb.txt	522	163	一宮	Bed3_030_041_03_00	一宮	/sound/voice/Bed3_030_041_03_00_00.ogg	unique_exact_anchor	exact	selected	1	same
bed3.fsb.txt	524	164	一宮	Bed3_030_041_04_00	一宮	/sound/voice/Bed3_030_041_04_00_00.ogg	unique_exact_anchor	exact	selected	1	same
bed3.fsb.txt	526	165	一宮	Bed3_030_041_05_00	一宮	/sound/voice/Bed3_030_041_05_00_00.ogg	unique_exact_anchor	exact	selected	1	same
bed3.fsb.txt	528	166	一宮	Bed3_030_041_06_00	一宮	/sound/voice/Bed3_030_041_06_00_00.ogg	unique_exact_anchor	exact	selected	1	same
bed3.fsb.txt	530	167	淳平	Bed3_030_041_07_00	淳平	/sound/voice/Bed3_030_041_07_00_00.ogg	unique_exact_anchor	exact	selected	1	same
bed3.fsb.txt	533	168	淳平	Bed3_030_042_01_00	淳平	/sound/voice/Bed3_030_042_01_00_00.ogg	unique_exact_anchor	exact	selected	1	same
bed3.fsb.txt	535	169	淳平	Bed3_030_042_02_00	淳平	/sound/voice/Bed3_030_042_02_00_00.ogg	unique_exact_anchor	exact	selected	1	same
bed3.fsb.txt	537	170	淳平	Bed3_030_042_03_00	淳平	/sound/voice/Bed3_030_042_03_00_00.ogg	unique_exact_anchor	exact	selected	1	same
bed3.fsb.txt	542	172	淳平	Bed3_030_043_01_00	淳平	/sound/voice/Bed3_030_043_01_00_00.ogg	unique_exact_anchor	exact	selected	1	same
bed3.fsb.txt	544	173	淳平	Bed3_030_043_02_00	淳平	/sound/voice/Bed3_030_043_02_00_00.ogg	unique_exact_anchor	exact	selected	1	same
bed3.fsb.txt	546	174	淳平	Bed3_030_043_03_00	淳平	/sound/voice/Bed3_030_043_03_00_00.ogg	unique_exact_anchor	exact	selected	1	same
bed3.fsb.txt	548	175	淳平	Bed3_030_043_04_00	淳平	/sound/voice/Bed3_030_043_04_00_00.ogg	unique_exact_anchor	exact	selected	1	same
bed3.fsb.txt	550	176	淳平	Bed3_030_043_05_00	淳平	/sound/voice/Bed3_030_043_05_00_00.ogg	unique_exact_anchor	exact	selected	1	same
bed3.fsb.txt	552	177	淳平	Bed3_030_043_06_00	淳平	/sound/voice/Bed3_030_043_06_00_00.ogg	unique_exact_anchor	exact	selected	1	same
bed3.fsb.txt	554	178	淳平	Bed3_030_043_07_00	淳平	/sound/voice/Bed3_030_043_07_00_00.ogg	unique_exact_anchor	exact	selected	1	same
bed3.fsb.txt	563	179	サンタ	Bed3_030_050_01_00	サンタ	/sound/voice/Bed3_030_050_01_00_00.ogg	unique_exact_anchor	exact	selected	1	same
bed3.fsb.txt	568	181	サンタ	Bed3_030_050_03_00	サンタ	/sound/voice/Bed3_030_050_03_00_00.ogg	unique_exact_anchor	exact	selected	1	same
bed3.fsb.txt	570	182	サンタ	Bed3_030_050_04_00	サンタ	/sound/voice/Bed3_030_050_04_00_00.ogg	unique_exact_anchor	exact	selected	1	same
bed3.fsb.txt	574	183	淳平	Bed3_030_051_01_00	淳平	/sound/voice/Bed3_030_051_01_00_00.ogg	unique_exact_anchor	exact	selected	1	same
bed3.fsb.txt	590	186	サンタ	Bed3_030_060_02_00	サンタ	/sound/voice/Bed3_030_060_02_00_00.ogg	monotonic_tfidf	high	selected	1	same
bed3.fsb.txt	592	187	サンタ	Bed3_030_060_03_00	サンタ	/sound/voice/Bed3_030_060_03_00_00.ogg	unique_exact_anchor	exact	selected	1	same
bed3.fsb.txt	594	188	サンタ	Bed3_030_060_04_00	サンタ	/sound/voice/Bed3_030_060_04_00_00.ogg	monotonic_tfidf	high	selected	1	same
bed3.fsb.txt	601	189	サンタ	Bed3_030_070_01_00	サンタ	/sound/voice/Bed3_030_070_01_00_00.ogg	monotonic_tfidf	medium	selected	1	same
bed3.fsb.txt	608	192	淳平	Bed3_030_070_04_00	淳平	/sound/voice/Bed3_030_070_04_00_00.ogg	unique_exact_anchor	exact	selected	1	same
bed3.fsb.txt	621	194	一宮	Bed3_030_080_01_00	一宮	/sound/voice/Bed3_030_080_01_00_00.ogg	unique_exact_anchor	exact	selected	1	same
bed3.fsb.txt	631	196	一宮	Bed3_030_080_03_00	一宮	/sound/voice/Bed3_030_080_03_00_00.ogg	unique_exact_anchor	exact	selected	1	same
bed3.fsb.txt	633	197	一宮	Bed3_030_080_04_00	一宮	/sound/voice/Bed3_030_080_04_00_00.ogg	unique_exact_anchor	exact	selected	1	same
bed3.fsb.txt	635	198	淳平	Bed3_030_080_05_00	淳平	/sound/voice/Bed3_030_080_05_00_00.ogg	monotonic_tfidf	high	selected	1	same
bed3.fsb.txt	644	201	淳平	Bed3_030_081_03_00	淳平	/sound/voice/Bed3_030_081_03_00_00.ogg	monotonic_tfidf	medium	selected	1	same
bed3.fsb.txt	646	202	淳平	Bed3_030_081_04_00	淳平	/sound/voice/Bed3_030_081_04_00_00.ogg	unique_exact_anchor	exact	selected	1	same
bed3.fsb.txt	655	205	一宮	Bed3_030_090_01_00	一宮	/sound/voice/Bed3_030_090_01_00_00.ogg	unique_exact_anchor	exact	selected	1	same
bed3.fsb.txt	657	206	一宮	Bed3_030_090_02_00	一宮	/sound/voice/Bed3_030_090_02_00_00.ogg	monotonic_tfidf	high	selected	1	same
bed3.fsb.txt	659	207	一宮	Bed3_030_090_03_00	一宮	/sound/voice/Bed3_030_090_03_00_00.ogg	unique_exact_anchor	exact	selected	1	same
bed3.fsb.txt	661	208	一宮	Bed3_030_090_04_00	一宮	/sound/voice/Bed3_030_090_04_00_00.ogg	unique_exact_anchor	exact	selected	1	same
bed3.fsb.txt	663	209	一宮	Bed3_030_090_05_00	一宮	/sound/voice/Bed3_030_090_05_00_00.ogg	unique_exact_anchor	exact	selected	1	same
bed3.fsb.txt	665	210	一宮	Bed3_030_090_06_00	一宮	/sound/voice/Bed3_030_090_06_00_00.ogg	unique_exact_anchor	exact	selected	1	same
bed3.fsb.txt	668	211	一宮	Bed3_030_090_07_00	一宮	/sound/voice/Bed3_030_090_07_00_00.ogg	unique_exact_anchor	exact	selected	1	same
bed3.fsb.txt	675	213	一宮	Bed3_040_010_01_00	一宮	/sound/voice/Bed3_040_010_01_00_00.ogg	unique_exact_anchor	exact	selected	1	same
bed3.fsb.txt	677	214	一宮	Bed3_040_010_02_00	一宮	/sound/voice/Bed3_040_010_02_00_00.ogg	unique_exact_anchor	exact	selected	1	same
bed3.fsb.txt	679	215	一宮	Bed3_040_010_03_00	一宮	/sound/voice/Bed3_040_010_03_00_00.ogg	unique_exact_anchor	exact	selected	1	same
bed3.fsb.txt	682	216	淳平	Bed3_040_010_04_00	淳平	/sound/voice/Bed3_040_010_04_00_00.ogg	unique_exact_anchor	exact	selected	1	same
bed3.fsb.txt	684	217	一宮	Bed3_040_010_05_00	一宮	/sound/voice/Bed3_040_010_05_00_00.ogg	unique_exact_anchor	exact	selected	1	same
bed3.fsb.txt	686	218	一宮	Bed3_040_010_06_00	一宮	/sound/voice/Bed3_040_010_06_00_00.ogg	monotonic_tfidf	high	selected	1	same
bed3.fsb.txt	688	219	淳平	Bed3_040_010_07_00	淳平	/sound/voice/Bed3_040_010_07_00_00.ogg	unique_exact_anchor	exact	selected	1	same
bed3.fsb.txt	690	220	一宮	Bed3_040_010_08_00	一宮	/sound/voice/Bed3_040_010_08_00_00.ogg	unique_exact_anchor	exact	selected	1	same
bed3.fsb.txt	692	221	一宮	Bed3_040_010_09_00	一宮	/sound/voice/Bed3_040_010_09_00_00.ogg	monotonic_tfidf	high	selected	1	same
bed3.fsb.txt	694	222	淳平	Bed3_040_010_10_00	淳平	/sound/voice/Bed3_040_010_10_00_00.ogg	unique_exact_anchor	exact	selected	1	same
bed3.fsb.txt	705	227	一宮	Bed3_040_020_05_00	一宮	/sound/voice/Bed3_040_020_05_00_00.ogg	monotonic_tfidf	medium	selected	1	same
bed3.fsb.txt	713	230	淳平	Bed3_040_030_01_00	淳平	/sound/voice/Bed3_040_030_01_00_00.ogg	unique_exact_anchor	exact	selected	1	same
bed3.fsb.txt	715	231	淳平	Bed3_040_030_02_00	淳平	/sound/voice/Bed3_040_030_02_00_00.ogg	unique_exact_anchor	exact	selected	1	same
bed3.fsb.txt	717	232	淳平	Bed3_040_030_03_00	淳平	/sound/voice/Bed3_040_030_03_00_00.ogg	unique_exact_anchor	exact	selected	1	same
bed3.fsb.txt	719	233	淳平	Bed3_040_030_04_00	淳平	/sound/voice/Bed3_040_030_04_00_00.ogg	unique_exact_anchor	exact	selected	1	same
bed3.fsb.txt	737	235	一宮	Bed3_040_040_01_00	一宮	/sound/voice/Bed3_040_040_01_00_00.ogg	unique_exact_anchor	exact	selected	1	same
bed3.fsb.txt	743	238	淳平	Bed3_040_040_04_00	淳平	/sound/voice/Bed3_040_040_04_00_00.ogg	unique_exact_anchor	exact	selected	1	same
bed3.fsb.txt	745	239	淳平	Bed3_040_040_05_00	淳平	/sound/voice/Bed3_040_040_05_00_00.ogg	unique_exact_anchor	exact	selected	1	same
bed3.fsb.txt	749	241	淳平	Bed3_040_040_07_00	淳平	/sound/voice/Bed3_040_040_07_00_00.ogg	unique_exact_anchor	exact	selected	1	same
bed3.fsb.txt	753	243	淳平	Bed3_040_040_09_00	淳平	/sound/voice/Bed3_040_040_09_00_00.ogg	unique_exact_anchor	exact	selected	1	same
bed3.fsb.txt	755	244	淳平	Bed3_040_040_10_00	淳平	/sound/voice/Bed3_040_040_10_00_00.ogg	monotonic_tfidf	high	selected	1	same
bed3.fsb.txt	761	246	淳平	Bed3_040_050_01_00	淳平	/sound/voice/Bed3_040_050_01_00_00.ogg	unique_exact_anchor	exact	selected	1	same
bed3.fsb.txt	763	247	淳平	Bed3_040_050_02_00	淳平	/sound/voice/Bed3_040_050_02_00_00.ogg	unique_exact_anchor	exact	selected	1	same
bed3.fsb.txt	785	251	淳平	Bed3_040_061_01_00	淳平	/sound/voice/Bed3_040_061_01_00_00.ogg	unique_exact_anchor	exact	selected	1	same
bed3.fsb.txt	787	252	淳平	Bed3_040_061_02_00	淳平	/sound/voice/Bed3_040_061_02_00_00.ogg	monotonic_tfidf	high	selected	1	same
bed3.fsb.txt	789	253	淳平	Bed3_040_061_03_00	淳平	/sound/voice/Bed3_040_061_03_00_00.ogg	unique_exact_anchor	exact	selected	1	same
bed3.fsb.txt	791	254	淳平	Bed3_040_061_04_00	淳平	/sound/voice/Bed3_040_061_04_00_00.ogg	unique_exact_anchor	exact	selected	1	same
bed3.fsb.txt	793	255	セブン	Bed3_040_061_05_00	セブン	/sound/voice/Bed3_040_061_05_00_00.ogg	unique_exact_anchor	exact	selected	1	same
bed3.fsb.txt	799	257	一宮	Bed3_040_062_01_00	一宮	/sound/voice/Bed3_040_062_01_00_00.ogg	unique_exact_anchor	exact	selected	1	same
bed3.fsb.txt	802	258	一宮	Bed3_040_062_02_00	一宮	/sound/voice/Bed3_040_062_02_00_00.ogg	unique_exact_anchor	exact	selected	1	same
bed3.fsb.txt	827	264	一宮	Bed3_040_080_01_00	一宮	/sound/voice/Bed3_040_080_01_00_00.ogg	unique_exact_anchor	exact	selected	1	same
bed3.fsb.txt	829	265	一宮	Bed3_040_080_02_00	一宮	/sound/voice/Bed3_040_080_02_00_00.ogg	unique_exact_anchor	exact	selected	1	same
bed3.fsb.txt	831	266	一宮	Bed3_040_080_03_00	一宮	/sound/voice/Bed3_040_080_03_00_00.ogg	unique_exact_anchor	exact	selected	1	same
bed3.fsb.txt	833	267	一宮	Bed3_040_080_05_00	一宮	/sound/voice/Bed3_040_080_05_00_00.ogg	monotonic_tfidf	medium	selected	1	same
bed3.fsb.txt	839	269	一宮	Bed3_040_090_01_00	一宮	/sound/voice/Bed3_040_090_01_00_00.ogg	unique_exact_anchor	exact	selected	1	same
bed3.fsb.txt	841	270	一宮	Bed3_040_090_02_00	一宮	/sound/voice/Bed3_040_090_02_00_00.ogg	unique_exact_anchor	exact	selected	1	same
bed3.fsb.txt	843	271	一宮	Bed3_040_090_03_00	一宮	/sound/voice/Bed3_040_090_03_00_00.ogg	unique_exact_anchor	exact	selected	1	same
bed3.fsb.txt	855	276	一宮	Bed3_040_100_01_00	一宮	/sound/voice/Bed3_040_100_01_00_00.ogg	unique_exact_anchor	exact	selected	1	same
bed3.fsb.txt	857	277	一宮	Bed3_040_100_02_00	一宮	/sound/voice/Bed3_040_100_02_00_00.ogg	unique_exact_anchor	exact	selected	1	same
bed3.fsb.txt	859	278	一宮	Bed3_040_100_04_00	一宮	/sound/voice/Bed3_040_100_04_00_00.ogg	unique_exact_anchor	exact	selected	1	same
bed3.fsb.txt	1003	312	一宮	Bed3_060_010_01_00	一宮	/sound/voice/Bed3_060_010_01_00_00.ogg	unique_exact_anchor	exact	selected	1	same
bed3.fsb.txt	1005	313	一宮	Bed3_060_010_02_00	一宮	/sound/voice/Bed3_060_010_02_00_00.ogg	unique_exact_anchor	exact	selected	1	same
bed3.fsb.txt	1024	321	淳平	Bed3_060_030_01_00	淳平	/sound/voice/Bed3_060_030_01_00_00.ogg	unique_exact_anchor	exact	selected	1	same
bed3.fsb.txt	1026	322	一宮	Bed3_060_030_02_00	一宮	/sound/voice/Bed3_060_030_02_00_00.ogg	unique_exact_anchor	exact	selected	1	same
bed3.fsb.txt	1028	323	淳平	Bed3_060_030_03_00	淳平	/sound/voice/Bed3_060_030_03_00_00.ogg	unique_exact_anchor	exact	selected	1	same
bed3.fsb.txt	1031	324	一宮	Bed3_060_030_04_00	一宮	/sound/voice/Bed3_060_030_04_00_00.ogg	unique_exact_anchor	exact	selected	1	same
bed3.fsb.txt	1033	325	一宮	Bed3_060_030_05_00	一宮	/sound/voice/Bed3_060_030_05_00_00.ogg	unique_exact_anchor	exact	selected	1	same
bed3.fsb.txt	1035	326	一宮	Bed3_060_030_06_00	一宮	/sound/voice/Bed3_060_030_06_00_00.ogg	monotonic_tfidf	high	selected	1	same
bed3.fsb.txt	1037	327	一宮	Bed3_060_030_07_00	一宮	/sound/voice/Bed3_060_030_07_00_00.ogg	unique_exact_anchor	exact	selected	1	same
bed3.fsb.txt	1039	328	淳平	Bed3_060_030_08_00	淳平	/sound/voice/Bed3_060_030_08_00_00.ogg	unique_exact_anchor	exact	selected	1	same
bed3.fsb.txt	1041	329	一宮	Bed3_060_030_09_00	一宮	/sound/voice/Bed3_060_030_09_00_00.ogg	monotonic_tfidf	high	selected	1	same
bed3.fsb.txt	1043	330	一宮	Bed3_060_030_10_00	一宮	/sound/voice/Bed3_060_030_10_00_00.ogg	unique_exact_anchor	exact	selected	1	same
bed3.fsb.txt	1058	332	セブン	Bed3_060_040_02_00	セブン	/sound/voice/Bed3_060_040_02_00_00.ogg	monotonic_tfidf	high	selected	1	same
bed3.fsb.txt	1060	333	八代	Bed3_060_040_03_00	八代	/sound/voice/Bed3_060_040_03_00_00.ogg	unique_exact_anchor	exact	selected	1	same
bed3.fsb.txt	1064	334	一宮	Bed3_060_041_01_00	一宮	/sound/voice/Bed3_060_041_01_00_00.ogg	unique_exact_anchor	exact	selected	1	same
bed3.fsb.txt	1066	335	一宮	Bed3_060_041_02_00	一宮	/sound/voice/Bed3_060_041_02_00_00.ogg	unique_exact_anchor	exact	selected	1	same
bed3.fsb.txt	1085	338	一宮	Bed3_060_050_01_00	一宮	/sound/voice/Bed3_060_050_01_00_00.ogg	unique_exact_anchor	exact	selected	1	same
bed3.fsb.txt	1087	339	一宮	Bed3_060_050_02_00	一宮	/sound/voice/Bed3_060_050_02_00_00.ogg	unique_exact_anchor	exact	selected	1	same
bed3.fsb.txt	1089	340	一宮	Bed3_060_050_03_00	一宮	/sound/voice/Bed3_060_050_03_00_00.ogg	unique_exact_anchor	exact	selected	1	same
bed3.fsb.txt	1091	341	一宮	Bed3_060_050_04_00	一宮	/sound/voice/Bed3_060_050_04_00_00.ogg	unique_exact_anchor	exact	selected	1	same
bed3.fsb.txt	1093	342	一宮	Bed3_060_050_05_00	一宮	/sound/voice/Bed3_060_050_05_00_00.ogg	unique_exact_anchor	exact	selected	1	same
bed3.fsb.txt	1101	343	一宮	Bed3_060_051_01_00	一宮	/sound/voice/Bed3_060_051_01_00_00.ogg	unique_exact_anchor	exact	selected	1	same
bed3.fsb.txt	1109	344	四葉	Bed3_060_051_02_00	四葉	/sound/voice/Bed3_060_051_02_00_00.ogg	unique_exact_anchor	exact	selected	1	same
bed3.fsb.txt	1111	345	一宮	Bed3_060_051_03_00	一宮	/sound/voice/Bed3_060_051_03_00_00.ogg	unique_exact_anchor	exact	selected	1	same
bed3.fsb.txt	1113	346	四葉	Bed3_060_051_04_00	四葉	/sound/voice/Bed3_060_051_04_00_00.ogg	unique_exact_anchor	exact	selected	1	same
bed3.fsb.txt	1115	347	一宮	Bed3_060_051_05_00	一宮	/sound/voice/Bed3_060_051_05_00_00.ogg	unique_exact_anchor	exact	selected	1	same
bed3.fsb.txt	1119	349	一宮	Bed3_060_051_07_00	一宮	/sound/voice/Bed3_060_051_07_00_00.ogg	unique_exact_anchor	exact	selected	1	same
bed3.fsb.txt	1121	350	四葉	Bed3_060_051_08_00	四葉	/sound/voice/Bed3_060_051_08_00_00.ogg	unique_exact_anchor	exact	selected	1	same
bed3.fsb.txt	1123	351	一宮	Bed3_060_051_09_00	一宮	/sound/voice/Bed3_060_051_09_00_00.ogg	unique_exact_anchor	exact	selected	1	same
bed3.fsb.txt	1127	353	一宮	Bed3_060_051_11_00	一宮	/sound/voice/Bed3_060_051_11_00_00.ogg	unique_exact_anchor	exact	selected	1	same
bed3.fsb.txt	1131	355	一宮	Bed3_060_051_13_00	一宮	/sound/voice/Bed3_060_051_13_00_00.ogg	unique_exact_anchor	exact	selected	1	same
bed3.fsb.txt	1133	356	一宮	Bed3_060_051_14_00	一宮	/sound/voice/Bed3_060_051_14_00_00.ogg	unique_exact_anchor	exact	selected	1	same
bed3.fsb.txt	1135	357	一宮	Bed3_060_051_15_00	一宮	/sound/voice/Bed3_060_051_15_00_00.ogg	unique_exact_anchor	exact	selected	1	same
bed3.fsb.txt	1162	360	一宮	Bed3_060_061_01_00	一宮	/sound/voice/Bed3_060_061_01_00_00.ogg	unique_exact_anchor	exact	selected	1	same
bed3.fsb.txt	1211	367	一宮	Bed3_060_061_09_00	一宮	/sound/voice/Bed3_060_061_09_00_00.ogg	unique_exact_anchor	exact	selected	1	same
bed3.fsb.txt	1224	370	セブン	Bed3_070_020_01_00	セブン	/sound/voice/Bed3_070_020_01_00_00.ogg	unique_exact_anchor	exact	selected	1	same
bed3.fsb.txt	1238	375	一宮	Bed3_070_030_01_00	一宮	/sound/voice/Bed3_070_030_01_00_00.ogg	unique_exact_anchor	exact	selected	1	same
bed3.fsb.txt	1240	376	一宮	Bed3_070_030_02_00	一宮	/sound/voice/Bed3_070_030_02_00_00.ogg	unique_exact_anchor	exact	selected	1	same
bed3.fsb.txt	1242	377	一宮	Bed3_070_030_03_00	一宮	/sound/voice/Bed3_070_030_03_00_00.ogg	unique_exact_anchor	exact	selected	1	same
bed3.fsb.txt	1247	379	一宮	Bed3_070_030_05_00	一宮	/sound/voice/Bed3_070_030_05_00_00.ogg	unique_exact_anchor	exact	selected	1	same
bed3.fsb.txt	1249	380	一宮	Bed3_070_030_07_00	一宮	/sound/voice/Bed3_070_030_07_00_00.ogg	unique_exact_anchor	exact	selected	1	same
bed3.fsb.txt	1251	381	一宮	Bed3_070_030_08_00	一宮	/sound/voice/Bed3_070_030_08_00_00.ogg	unique_exact_anchor	exact	selected	1	same
bed3.fsb.txt	1256	383	一宮	Bed3_070_031_01_00	一宮	/sound/voice/Bed3_070_031_01_00_00.ogg	unique_exact_anchor	exact	selected	1	same
bed3.fsb.txt	1258	384	一宮	Bed3_070_031_02_00	一宮	/sound/voice/Bed3_070_031_02_00_00.ogg	unique_exact_anchor	exact	selected	1	same
bed3.fsb.txt	1260	385	一宮	Bed3_070_031_03_00	一宮	/sound/voice/Bed3_070_031_03_00_00.ogg	unique_exact_anchor	exact	selected	1	same
bed3.fsb.txt	1262	386	一宮	Bed3_070_031_04_00	一宮	/sound/voice/Bed3_070_031_04_00_00.ogg	unique_exact_anchor	exact	selected	1	same
bed3.fsb.txt	1264	387	一宮	Bed3_070_031_05_00	一宮	/sound/voice/Bed3_070_031_05_00_00.ogg	unique_exact_anchor	exact	selected	1	same
bed3.fsb.txt	1266	388	一宮	Bed3_070_031_06_00	一宮	/sound/voice/Bed3_070_031_06_00_00.ogg	unique_exact_anchor	exact	selected	1	same
bed3.fsb.txt	1271	390	一宮	Bed3_070_032_01_00	一宮	/sound/voice/Bed3_070_032_01_00_00.ogg	unique_exact_anchor	exact	selected	1	same
bed3.fsb.txt	1273	391	一宮	Bed3_070_032_02_00	一宮	/sound/voice/Bed3_070_032_02_00_00.ogg	unique_exact_anchor	exact	selected	1	same
bed3.fsb.txt	1275	392	一宮	Bed3_070_032_03_00	一宮	/sound/voice/Bed3_070_032_03_00_00.ogg	unique_exact_anchor	exact	selected	1	same
bed3.fsb.txt	1309	400	四葉	Bed3_070_050_02_00	四葉	/sound/voice/Bed3_070_050_02_00_00.ogg	monotonic_tfidf	high	selected	1	same
bed4.fsb.txt	11	0	一宮	Bed4_010_010_01_00	一宮	/sound/voice/Bed4_010_010_01_00_00.ogg	unique_exact_anchor	exact	selected	1	same
bed4.fsb.txt	30	3	サンタ	Bed4_010_020_02_00	サンタ	/sound/voice/Bed4_010_020_02_00_00.ogg	unique_exact_anchor	exact	selected	1	same
bed4.fsb.txt	32	4	サンタ	Bed4_010_020_03_00	サンタ	/sound/voice/Bed4_010_020_03_00_00.ogg	unique_exact_anchor	exact	selected	1	same
bed4.fsb.txt	36	5	一宮	Bed4_010_030_01_00	一宮	/sound/voice/Bed4_010_030_01_00_00.ogg | /sound/voice/Bed4_010_030_01_00_01.ogg	monotonic_tfidf	high	selected	1	same
bed4.fsb.txt	38	6	一宮	Bed4_010_030_02_00	一宮	/sound/voice/Bed4_010_030_02_00_00.ogg	unique_exact_anchor	exact	selected	1	same
bed4.fsb.txt	40	7	一宮	Bed4_010_030_03_00	一宮	/sound/voice/Bed4_010_030_03_00_00.ogg	unique_exact_anchor	exact	selected	1	same
bed4.fsb.txt	49	8	セブン	Bed4_010_031_01_00	セブン	/sound/voice/Bed4_010_031_01_00_00.ogg	unique_exact_anchor	exact	selected	1	same
bed4.fsb.txt	86	14	一宮	Bed4_010_050_02_10	一宮	/sound/voice/Bed4_010_050_02_10_00.ogg	monotonic_tfidf	medium	selected	1	same
bed4.fsb.txt	88	15	一宮	Bed4_010_050_03_00	一宮	/sound/voice/Bed4_010_050_03_00_00.ogg	unique_exact_anchor	exact	selected	1	same
bed4.fsb.txt	100	17	八代	Bed4_010_060_01_00	八代	/sound/voice/Bed4_010_060_01_00_00.ogg	unique_exact_anchor	exact	selected	1	same
bed4.fsb.txt	102	18	一宮	Bed4_010_060_02_00	一宮	/sound/voice/Bed4_010_060_02_00_00.ogg	unique_exact_anchor	exact	selected	1	same
bed4.fsb.txt	104	19	一宮	Bed4_010_060_03_00	一宮	/sound/voice/Bed4_010_060_03_00_00.ogg	unique_exact_anchor	exact	selected	1	same
bed4.fsb.txt	106	20	八代	Bed4_010_060_04_00	八代	/sound/voice/Bed4_010_060_04_00_00.ogg	unique_exact_anchor	exact	selected	1	same
bed4.fsb.txt	137	26	一宮	Bed4_010_080_03_00	一宮	/sound/voice/Bed4_010_080_03_00_00.ogg	unique_exact_anchor	exact	selected	1	same
bed4.fsb.txt	139	27	一宮	Bed4_010_080_04_00	一宮	/sound/voice/Bed4_010_080_04_00_00.ogg	unique_exact_anchor	exact	selected	1	same
bed4.fsb.txt	143	28	紫	Bed4_010_090_01_00	紫	/sound/voice/Bed4_010_090_01_00_00.ogg	unique_exact_anchor	exact	selected	1	same
bed4.fsb.txt	145	29	一宮	Bed4_010_090_02_00	一宮	/sound/voice/Bed4_010_090_02_00_00.ogg	unique_exact_anchor	exact	selected	1	same
bed4.fsb.txt	149	30	一宮	Bed4_010_100_01_00	一宮	/sound/voice/Bed4_010_100_01_00_00.ogg	unique_exact_anchor	exact	selected	1	same
bed4.fsb.txt	151	31	一宮	Bed4_010_100_02_00	一宮	/sound/voice/Bed4_010_100_02_00_00.ogg	unique_exact_anchor	exact	selected	1	same
bed4.fsb.txt	155	33	一宮	Bed4_010_100_05_10	一宮	/sound/voice/Bed4_010_100_05_10_00.ogg	unique_exact_anchor	exact	selected	1	same
bed4.fsb.txt	157	34	一宮	Bed4_010_100_06_00	一宮	/sound/voice/Bed4_010_100_06_00_00.ogg	unique_exact_anchor	exact	selected	1	same
bed4.fsb.txt	159	35	一宮	Bed4_010_100_07_00	一宮	/sound/voice/Bed4_010_100_07_00_00.ogg	unique_exact_anchor	exact	selected	1	same
bed4.fsb.txt	269	49	一宮	Bed4_010_140_01_00	一宮	/sound/voice/Bed4_010_140_01_00_00.ogg	unique_exact_anchor	exact	selected	1	same
bed4.fsb.txt	275	51	一宮	Bed4_010_150_03_10	一宮	/sound/voice/Bed4_010_150_03_10_00.ogg	unique_exact_anchor	exact	selected	1	same
bed4.fsb.txt	277	52	一宮	Bed4_010_150_04_00	一宮	/sound/voice/Bed4_010_150_04_00_00.ogg	unique_exact_anchor	exact	selected	1	same
bed4.fsb.txt	279	53	一宮	Bed4_010_150_05_00	一宮	/sound/voice/Bed4_010_150_05_00_00.ogg	unique_exact_anchor	exact	selected	1	same
bed4.fsb.txt	285	55	一宮	Bed4_010_160_02_10	一宮	/sound/voice/Bed4_010_160_02_10_00.ogg	unique_exact_anchor	exact	selected	1	same
bed4.fsb.txt	287	56	一宮	Bed4_010_160_03_00	一宮	/sound/voice/Bed4_010_160_03_00_00.ogg	unique_exact_anchor	exact	selected	1	same
bed4.fsb.txt	289	57	一宮	Bed4_010_160_04_00	一宮	/sound/voice/Bed4_010_160_04_00_00.ogg	unique_exact_anchor	exact	selected	1	same
bed4.fsb.txt	295	59	一宮	Bed4_010_170_03_10	一宮	/sound/voice/Bed4_010_170_03_10_00.ogg	unique_exact_anchor	exact	selected	1	same
bed4.fsb.txt	297	60	一宮	Bed4_010_170_04_00	一宮	/sound/voice/Bed4_010_170_04_00_00.ogg	unique_exact_anchor	exact	selected	1	same
bed4.fsb.txt	299	61	一宮	Bed4_010_170_05_00	一宮	/sound/voice/Bed4_010_170_05_00_00.ogg	unique_exact_anchor	exact	selected	1	same
bed4.fsb.txt	305	63	一宮	Bed4_010_180_02_00	一宮	/sound/voice/Bed4_010_180_02_00_00.ogg	unique_exact_anchor	exact	selected	1	same
bed4.fsb.txt	307	64	一宮	Bed4_010_180_03_00	一宮	/sound/voice/Bed4_010_180_03_00_00.ogg	unique_exact_anchor	exact	selected	1	same
bed4.fsb.txt	309	65	一宮	Bed4_010_180_04_00	一宮	/sound/voice/Bed4_010_180_04_00_00.ogg	unique_exact_anchor	exact	selected	1	same
bed4.fsb.txt	311	66	一宮	Bed4_010_180_05_00	一宮	/sound/voice/Bed4_010_180_05_00_00.ogg	unique_exact_anchor	exact	selected	1	same
bed4.fsb.txt	317	68	淳平	Bed4_010_190_02_00	淳平	/sound/voice/Bed4_010_190_02_00_00.ogg	unique_exact_anchor	exact	selected	1	same
bed4.fsb.txt	319	69	淳平	Bed4_010_190_03_00	淳平	/sound/voice/Bed4_010_190_03_00_00.ogg	unique_exact_anchor	exact	selected	1	same
bed4.fsb.txt	321	70	一宮	Bed4_010_190_04_00	一宮	/sound/voice/Bed4_010_190_04_00_00.ogg	unique_exact_anchor	exact	selected	1	same
bed4.fsb.txt	323	71	一宮	Bed4_010_190_05_00	一宮	/sound/voice/Bed4_010_190_05_00_00.ogg	unique_exact_anchor	exact	selected	1	same
bed4.fsb.txt	325	72	淳平	Bed4_010_190_06_00	淳平	/sound/voice/Bed4_010_190_06_00_00.ogg	unique_exact_anchor	exact	selected	1	same
bed4.fsb.txt	327	73	一宮	Bed4_010_190_07_00	一宮	/sound/voice/Bed4_010_190_07_00_00.ogg	unique_exact_anchor	exact	selected	1	same
bed4.fsb.txt	341	78	八代	Bed4_010_210_01_00	八代	/sound/voice/Bed4_010_210_01_00_00.ogg	unique_exact_anchor	exact	selected	1	same
bed4.fsb.txt	343	79	八代	Bed4_010_210_02_00	八代	/sound/voice/Bed4_010_210_02_00_00.ogg	unique_exact_anchor	exact	selected	1	same
bed4.fsb.txt	345	80	一宮	Bed4_010_210_03_00	一宮	/sound/voice/Bed4_010_210_03_00_00.ogg	unique_exact_anchor	exact	selected	1	same
bed4.fsb.txt	353	82	サンタ	Bed4_010_220_02_00	サンタ	/sound/voice/Bed4_010_220_02_00_00.ogg	monotonic_tfidf	high	selected	1	same
bed4.fsb.txt	368	83	サンタ	Bed4_010_230_01_00	サンタ	/sound/voice/Bed4_010_230_01_00_00.ogg	unique_exact_anchor	exact	selected	1	same
bed4.fsb.txt	371	84	一宮	Bed4_010_230_02_00	一宮	/sound/voice/Bed4_010_230_02_00_00.ogg	unique_exact_anchor	exact	selected	1	same
bed4.fsb.txt	373	85	一宮	Bed4_010_230_03_00	一宮	/sound/voice/Bed4_010_230_03_00_00.ogg	unique_exact_anchor	exact	selected	1	same
bed4.fsb.txt	387	87	一宮	Bed4_010_240_01_00	一宮	/sound/voice/Bed4_010_240_01_00_00.ogg	unique_exact_anchor	exact	selected	1	same
bed4.fsb.txt	390	88	紫	Bed4_010_240_02_00	紫	/sound/voice/Bed4_010_240_02_00_00.ogg	unique_exact_anchor	exact	selected	1	same
bed4.fsb.txt	392	89	一宮	Bed4_010_240_03_00	一宮	/sound/voice/Bed4_010_240_03_00_00.ogg	unique_exact_anchor	exact	selected	1	same
bed4.fsb.txt	394	90	一宮	Bed4_010_240_04_00	一宮	/sound/voice/Bed4_010_240_04_00_00.ogg	unique_exact_anchor	exact	selected	1	same
bed4.fsb.txt	402	92	セブン	Bed4_010_250_02_00	セブン	/sound/voice/Bed4_010_250_02_00_00.ogg	monotonic_tfidf	high	selected	1	same
bed4.fsb.txt	404	93	セブン	Bed4_010_250_03_00	セブン	/sound/voice/Bed4_010_250_03_00_00.ogg	unique_exact_anchor	exact	selected	1	same
bed4.fsb.txt	406	94	一宮	Bed4_010_250_04_00	一宮	/sound/voice/Bed4_010_250_04_00_00.ogg	unique_exact_anchor	exact	selected	1	same
bed4.fsb.txt	408	95	セブン	Bed4_010_250_05_00	セブン	/sound/voice/Bed4_010_250_05_00_00.ogg	unique_exact_anchor	exact	selected	1	same
bed4.fsb.txt	410	96	一宮	Bed4_010_250_06_00	一宮	/sound/voice/Bed4_010_250_06_00_00.ogg	unique_exact_anchor	exact	selected	1	same
bed4.fsb.txt	414	97	一宮	Bed4_010_260_01_00	一宮	/sound/voice/Bed4_010_260_01_00_00.ogg	unique_exact_anchor	exact	selected	1	same
bed4.fsb.txt	416	98	一宮	Bed4_010_260_02_00	一宮	/sound/voice/Bed4_010_260_02_00_00.ogg	unique_exact_anchor	exact	selected	1	same
bed4.fsb.txt	418	99	一宮	Bed4_010_260_03_00	一宮	/sound/voice/Bed4_010_260_03_00_00.ogg	unique_exact_anchor	exact	selected	1	same
bed4.fsb.txt	442	106	一宮	Bed4_020_020_01_00	一宮	/sound/voice/Bed4_020_020_01_00_00.ogg	monotonic_tfidf	exact	selected	1	same
bed4.fsb.txt	485	115	サンタ	Bed4_020_050_02_00	サンタ	/sound/voice/Bed4_020_050_02_00_00.ogg	unique_exact_anchor	exact	selected	1	same
bed4.fsb.txt	490	117	サンタ	Bed4_020_050_04_00	サンタ	/sound/voice/Bed4_020_050_04_00_00.ogg	unique_exact_anchor	exact	selected	1	same
bed4.fsb.txt	498	120	紫	Bed4_020_060_03_00	紫	/sound/voice/Bed4_020_060_03_00_00.ogg	unique_exact_anchor	exact	selected	1	same
bed4.fsb.txt	500	121	紫	Bed4_020_060_04_00	紫	/sound/voice/Bed4_020_060_04_00_00.ogg	unique_exact_anchor	exact	selected	1	same
bed4.fsb.txt	517	127	紫	Bed4_020_080_02_00	紫	/sound/voice/Bed4_020_080_02_00_00.ogg	monotonic_tfidf	high	selected	1	same
bed4.fsb.txt	519	128	紫	Bed4_020_080_03_00	紫	/sound/voice/Bed4_020_080_03_00_00.ogg	unique_exact_anchor	exact	selected	1	same
bed4.fsb.txt	521	129	紫	Bed4_020_080_04_00	紫	/sound/voice/Bed4_020_080_04_00_00.ogg	unique_exact_anchor	exact	selected	1	same
bed4.fsb.txt	523	130	紫	Bed4_020_080_05_00	紫	/sound/voice/Bed4_020_080_05_00_00.ogg	unique_exact_anchor	exact	selected	1	same
bed4.fsb.txt	527	131	セブン	Bed4_020_090_01_00	セブン	/sound/voice/Bed4_020_090_01_00_00.ogg	monotonic_tfidf	high	selected	1	same
bed4.fsb.txt	529	132	淳平	Bed4_020_090_02_00	淳平	/sound/voice/Bed4_020_090_02_00_00.ogg	monotonic_tfidf	medium	selected	1	same
bed4.fsb.txt	532	133	サンタ	Bed4_020_090_03_00	サンタ	/sound/voice/Bed4_020_090_03_00_00.ogg	unique_exact_anchor	exact	selected	1	same
bed4.fsb.txt	534	134	サンタ	Bed4_020_090_04_00	サンタ	/sound/voice/Bed4_020_090_04_00_00.ogg	unique_exact_anchor	exact	selected	1	same
bed4.fsb.txt	544	138	淳平	Bed4_020_100_04_00	淳平	/sound/voice/Bed4_020_100_04_00_00.ogg	unique_exact_anchor	exact	selected	1	same
bed4.fsb.txt	546	139	セブン	Bed4_020_100_05_00	セブン	/sound/voice/Bed4_020_100_05_00_00.ogg	unique_exact_anchor	exact	selected	1	same
bed4.fsb.txt	548	140	淳平	Bed4_020_100_06_00	淳平	/sound/voice/Bed4_020_100_06_00_00.ogg	unique_exact_anchor	exact	selected	1	same
bed4.fsb.txt	562	144	淳平	Bed4_020_110_04_00	淳平	/sound/voice/Bed4_020_110_04_00_00.ogg	unique_exact_anchor	exact	selected	1	same
bed4.fsb.txt	634	148	淳平	Bed4_040_010_01_00	淳平	/sound/voice/Bed4_040_010_01_00_00.ogg	unique_exact_anchor	exact	selected	1	same
bed4.fsb.txt	636	149	セブン	Bed4_040_010_02_00	セブン	/sound/voice/Bed4_040_010_02_00_00.ogg	unique_exact_anchor	exact	selected	1	same
bed4.fsb.txt	649	153	セブン	Bed4_040_020_01_00	セブン	/sound/voice/Bed4_040_020_01_00_00.ogg	unique_exact_anchor	exact	selected	1	same
bed4.fsb.txt	654	155	淳平	Bed4_040_020_03_00	淳平	/sound/voice/Bed4_040_020_03_00_00.ogg	unique_exact_anchor	exact	selected	1	same
bed4.fsb.txt	685	161	淳平	Bed4_040_040_01_00	淳平	/sound/voice/Bed4_040_040_01_00_00.ogg	unique_exact_anchor	exact	selected	1	same
bed4.fsb.txt	687	162	セブン	Bed4_040_040_02_00	セブン	/sound/voice/Bed4_040_040_02_00_00.ogg	unique_exact_anchor	exact	selected	1	same
bed4.fsb.txt	689	163	淳平	Bed4_040_040_03_00	淳平	/sound/voice/Bed4_040_040_03_00_00.ogg	unique_exact_anchor	exact	selected	1	same
bed4.fsb.txt	702	166	セブン	Bed4_040_050_02_00	セブン	/sound/voice/Bed4_040_050_02_00_00.ogg	unique_exact_anchor	exact	selected	1	same
bed4.fsb.txt	704	167	淳平	Bed4_040_050_03_00	淳平	/sound/voice/Bed4_040_050_03_00_00.ogg	unique_exact_anchor	exact	selected	1	same
bed4.fsb.txt	706	168	淳平	Bed4_040_050_04_00	淳平	/sound/voice/Bed4_040_050_04_00_00.ogg	unique_exact_anchor	exact	selected	1	same
bed4.fsb.txt	708	169	セブン	Bed4_040_050_05_00	セブン	/sound/voice/Bed4_040_050_05_00_00.ogg	unique_exact_anchor	exact	selected	1	same
bed4.fsb.txt	710	170	淳平	Bed4_040_050_06_00	淳平	/sound/voice/Bed4_040_050_06_00_00.ogg	monotonic_tfidf	medium	selected	1	same
bed4.fsb.txt	753	178	淳平	Bed4_040_090_01_00	淳平	/sound/voice/Bed4_040_090_01_00_00.ogg	unique_exact_anchor	exact	selected	1	same
bed4.fsb.txt	756	179	セブン	Bed4_040_090_02_00	セブン	/sound/voice/Bed4_040_090_02_00_00.ogg	monotonic_tfidf	exact	selected	1	same
bed4.fsb.txt	758	180	淳平	Bed4_040_090_03_00	淳平	/sound/voice/Bed4_040_090_03_00_00.ogg	unique_exact_anchor	exact	selected	1	same
bed4.fsb.txt	760	181	セブン	Bed4_040_090_04_00	セブン	/sound/voice/Bed4_040_090_04_00_00.ogg	unique_exact_anchor	exact	selected	1	same
bed4.fsb.txt	762	182	淳平	Bed4_040_090_05_00	淳平	/sound/voice/Bed4_040_090_05_00_00.ogg	unique_exact_anchor	exact	selected	1	same
bed4.fsb.txt	764	183	セブン	Bed4_040_090_06_00	セブン	/sound/voice/Bed4_040_090_06_00_00.ogg	unique_exact_anchor	exact	selected	1	same
bed4.fsb.txt	766	184	淳平	Bed4_040_090_07_00	淳平	/sound/voice/Bed4_040_090_07_00_00.ogg	unique_exact_anchor	exact	selected	1	same
bed4.fsb.txt	768	185	淳平	Bed4_040_090_08_00	淳平	/sound/voice/Bed4_040_090_08_00_00.ogg	unique_exact_anchor	exact	selected	1	same
bed4.fsb.txt	770	186	セブン	Bed4_040_090_09_00	セブン	/sound/voice/Bed4_040_090_09_00_00.ogg	unique_exact_anchor	exact	selected	1	same
bed4.fsb.txt	772	187	淳平	Bed4_040_090_10_00	淳平	/sound/voice/Bed4_040_090_10_00_00.ogg	unique_exact_anchor	exact	selected	1	same
bed4.fsb.txt	776	189	淳平	Bed4_040_090_12_00	淳平	/sound/voice/Bed4_040_090_12_00_00.ogg	unique_exact_anchor	exact	selected	1	same
bed4.fsb.txt	788	192	淳平	Bed4_040_100_03_00	淳平	/sound/voice/Bed4_040_100_03_00_00.ogg	unique_exact_anchor	exact	selected	1	same
bed4.fsb.txt	795	193	セブン	Bed4_040_100_04_00	セブン	/sound/voice/Bed4_040_100_04_00_00.ogg	unique_exact_anchor	exact	selected	1	same
bed4.fsb.txt	800	194	淳平	Bed4_040_100_05_00	淳平	/sound/voice/Bed4_040_100_05_00_00.ogg	monotonic_tfidf	exact	selected	1	same
bed4.fsb.txt	802	195	セブン	Bed4_040_100_06_00	セブン	/sound/voice/Bed4_040_100_06_00_00.ogg	unique_exact_anchor	exact	selected	1	same
bed4.fsb.txt	804	196	セブン	Bed4_040_100_07_00	セブン	/sound/voice/Bed4_040_100_07_00_00.ogg	unique_exact_anchor	exact	selected	1	same
bed4.fsb.txt	818	198	淳平	Bed4_040_110_03_00	淳平	/sound/voice/Bed4_040_110_03_00_00.ogg	unique_exact_anchor	exact	selected	1	same
bed4.fsb.txt	853	204	セブン	Bed4_040_130_01_00	セブン	/sound/voice/Bed4_040_130_01_00_00.ogg	unique_exact_anchor	exact	selected	1	same
bed4.fsb.txt	855	205	セブン	Bed4_040_130_02_00	セブン	/sound/voice/Bed4_040_130_02_00_00.ogg	unique_exact_anchor	exact	selected	1	same
bed4.fsb.txt	857	206	セブン	Bed4_040_130_03_00	セブン	/sound/voice/Bed4_040_130_03_00_00.ogg	unique_exact_anchor	exact	selected	1	same
bed4.fsb.txt	859	207	セブン	Bed4_040_130_04_00	セブン	/sound/voice/Bed4_040_130_04_00_00.ogg	unique_exact_anchor	exact	selected	1	same
bed4.fsb.txt	861	208	淳平	Bed4_040_130_05_00	淳平	/sound/voice/Bed4_040_130_05_00_00.ogg	unique_exact_anchor	exact	selected	1	same
bed4.fsb.txt	863	209	セブン	Bed4_040_130_06_00	セブン	/sound/voice/Bed4_040_130_06_00_00.ogg	unique_exact_anchor	exact	selected	1	same
bed4.fsb.txt	867	210	淳平	Bed4_040_140_01_00	淳平	/sound/voice/Bed4_040_140_01_00_00.ogg	unique_exact_anchor	exact	selected	1	same
bed4.fsb.txt	869	211	淳平	Bed4_040_140_02_00	淳平	/sound/voice/Bed4_040_140_02_00_00.ogg	unique_exact_anchor	exact	selected	1	same
bed4.fsb.txt	871	212	セブン	Bed4_040_140_03_00	セブン	/sound/voice/Bed4_040_140_03_00_00.ogg	unique_exact_anchor	exact	selected	1	same
bed4.fsb.txt	873	213	淳平	Bed4_040_140_04_00	淳平	/sound/voice/Bed4_040_140_04_00_00.ogg	unique_exact_anchor	exact	selected	1	same
bed4.fsb.txt	875	214	セブン	Bed4_040_140_05_00	セブン	/sound/voice/Bed4_040_140_05_00_00.ogg	unique_exact_anchor	exact	selected	1	same
bed4.fsb.txt	877	215	淳平	Bed4_040_140_06_00	淳平	/sound/voice/Bed4_040_140_06_00_00.ogg	unique_exact_anchor	exact	selected	1	same
bed4.fsb.txt	879	216	セブン	Bed4_040_140_07_00	セブン	/sound/voice/Bed4_040_140_07_00_00.ogg	unique_exact_anchor	exact	selected	1	same
bed4.fsb.txt	881	217	淳平	Bed4_040_140_08_00	淳平	/sound/voice/Bed4_040_140_08_00_00.ogg	unique_exact_anchor	exact	selected	1	same
bed4.fsb.txt	883	218	セブン	Bed4_040_140_09_00	セブン	/sound/voice/Bed4_040_140_09_00_00.ogg	unique_exact_anchor	exact	selected	1	same
bed4.fsb.txt	886	219	セブン	Bed4_040_141_01_00	セブン	/sound/voice/Bed4_040_141_01_00_00.ogg	unique_exact_anchor	exact	selected	1	same
bed4.fsb.txt	892	222	淳平	Bed4_040_141_04_00	淳平	/sound/voice/Bed4_040_141_04_00_00.ogg	unique_exact_anchor	exact	selected	1	same
bed4.fsb.txt	894	223	セブン	Bed4_040_141_05_00	セブン	/sound/voice/Bed4_040_141_05_00_00.ogg	unique_exact_anchor	exact	selected	1	same
bed4.fsb.txt	900	224	淳平	Bed4_040_150_01_00	淳平	/sound/voice/Bed4_040_150_01_00_00.ogg	unique_exact_anchor	exact	selected	1	same
bed4.fsb.txt	977	239	淳平	Bed4_040_170_01_00	淳平	/sound/voice/Bed4_040_170_01_00_00.ogg	unique_exact_anchor	exact	selected	1	same
bed4.fsb.txt	998	243	淳平	Bed4_040_180_01_00	淳平	/sound/voice/Bed4_040_180_01_00_00.ogg	monotonic_tfidf	exact	selected	1	same
bed4.fsb.txt	1000	244	セブン	Bed4_040_180_02_00	セブン	/sound/voice/Bed4_040_180_02_00_00.ogg	unique_exact_anchor	exact	selected	1	same
bed4.fsb.txt	1008	245	ニルス２	Bed4_040_180_03_00	ニルス２	/sound/voice/Bed4_040_180_03_00_00.ogg	unique_exact_anchor	exact	selected	1	same
bed4.fsb.txt	1010	246	ニルス２	Bed4_040_180_04_00	ニルス２	/sound/voice/Bed4_040_180_04_00_00.ogg	unique_exact_anchor	exact	selected	1	same
bed4.fsb.txt	1086	263	ニルス２	Bed4_050_060_01_00	ニルス２	/sound/voice/Bed4_050_060_01_00_00.ogg	unique_exact_anchor	exact	selected	1	same
bed4.fsb.txt	1116	272	淳平	Bed4_050_080_03_00	淳平	/sound/voice/Bed4_050_080_03_00_00.ogg	unique_exact_anchor	exact	selected	1	same
bed4.fsb.txt	1134	275	ニルス２	Bed4_050_100_01_00	ニルス２	/sound/voice/Bed4_050_100_01_00_00.ogg	unique_exact_anchor	exact	selected	1	same
bed4.fsb.txt	1136	276	淳平	Bed4_050_100_02_00	淳平	/sound/voice/Bed4_050_100_02_00_00.ogg	unique_exact_anchor	exact	selected	1	same
bed4.fsb.txt	1138	277	ニルス２	Bed4_050_100_03_00	ニルス２	/sound/voice/Bed4_050_100_03_00_00.ogg	unique_exact_anchor	exact	selected	1	same
bed4.fsb.txt	1145	278	セブン	Bed4_050_110_01_00	セブン	/sound/voice/Bed4_050_110_01_00_00.ogg	unique_exact_anchor	exact	selected	1	same
bed4.fsb.txt	1151	280	淳平	Bed4_050_110_03_00	淳平	/sound/voice/Bed4_050_110_03_00_00.ogg	unique_exact_anchor	exact	selected	1	same
bed4.fsb.txt	1153	281	ニルス２	Bed4_050_110_04_00	ニルス２	/sound/voice/Bed4_050_110_04_00_00.ogg	unique_exact_anchor	exact	selected	1	same
bed4.fsb.txt	1160	282	セブン	Bed4_050_120_01_00	セブン	/sound/voice/Bed4_050_120_01_00_00.ogg	unique_exact_anchor	exact	selected	1	same
bed4.fsb.txt	1162	283	淳平	Bed4_050_120_02_00	淳平	/sound/voice/Bed4_050_120_02_00_00.ogg	unique_exact_anchor	exact	selected	1	same
bed4.fsb.txt	1164	284	セブン	Bed4_050_120_03_00	セブン	/sound/voice/Bed4_050_120_03_00_00.ogg	unique_exact_anchor	exact	selected	1	same
bed4.fsb.txt	1185	289	淳平	Bed4_050_130_04_00	淳平	/sound/voice/Bed4_050_130_04_00_00.ogg	unique_exact_anchor	exact	selected	1	same
bed4.fsb.txt	1187	290	淳平	Bed4_050_130_05_00	淳平	/sound/voice/Bed4_050_130_05_00_00.ogg	unique_exact_anchor	exact	selected	1	same
bed4.fsb.txt	1193	292	ニルス２	Bed4_050_140_01_00	ニルス２	/sound/voice/Bed4_050_140_01_00_00.ogg	unique_exact_anchor	exact	selected	1	same
bed4.fsb.txt	1195	293	淳平	Bed4_050_140_02_00	淳平	/sound/voice/Bed4_050_140_02_00_00.ogg	monotonic_tfidf	exact	selected	1	same
bed4.fsb.txt	1197	294	ニルス２	Bed4_050_140_03_00	ニルス２	/sound/voice/Bed4_050_140_03_00_00.ogg	unique_exact_anchor	exact	selected	1	same
bed4.fsb.txt	1208	297	セブン	Bed4_050_230_01_00	セブン	/sound/voice/Bed4_050_230_01_00_00.ogg	unique_exact_anchor	exact	selected	1	same
bed4.fsb.txt	1211	298	ニルス２	Bed4_050_230_02_00	ニルス２	/sound/voice/Bed4_050_230_02_00_00.ogg	unique_exact_anchor	exact	selected	1	same
bed4.fsb.txt	1213	299	セブン	Bed4_050_230_03_00	セブン	/sound/voice/Bed4_050_230_03_00_00.ogg	monotonic_tfidf	exact	selected	1	same
bed4.fsb.txt	1215	300	ニルス２	Bed4_050_230_04_00	ニルス２	/sound/voice/Bed4_050_230_04_00_00.ogg	unique_exact_anchor	exact	selected	1	same
bed4.fsb.txt	1217	301	セブン	Bed4_050_230_05_00	セブン	/sound/voice/Bed4_050_230_05_00_00.ogg	unique_exact_anchor	exact	selected	1	same
bed4.fsb.txt	1219	302	セブン	Bed4_050_230_06_00	セブン	/sound/voice/Bed4_050_230_06_00_00.ogg	monotonic_tfidf	high	selected	1	same
bed4.fsb.txt	1221	303	セブン	Bed4_050_230_07_00	セブン	/sound/voice/Bed4_050_230_07_00_00.ogg	unique_exact_anchor	exact	selected	1	same
bed4.fsb.txt	1241	305	セブン	Bed4_050_250_01_00	セブン	/sound/voice/Bed4_050_250_01_00_00.ogg	unique_exact_anchor	exact	selected	1	same
bed4.fsb.txt	1243	306	セブン	Bed4_050_250_02_00	セブン	/sound/voice/Bed4_050_250_02_00_00.ogg	unique_exact_anchor	exact	selected	1	same
bed4.fsb.txt	1263	309	セブン	Bed4_060_010_01_00	セブン	/sound/voice/Bed4_060_010_01_00_00.ogg	unique_exact_anchor	exact	selected	1	same
bed4.fsb.txt	1265	310	淳平	Bed4_060_010_02_00	淳平	/sound/voice/Bed4_060_010_02_00_00.ogg	unique_exact_anchor	exact	selected	1	same
bed4.fsb.txt	1270	312	セブン	Bed4_060_020_01_00	セブン	/sound/voice/Bed4_060_020_01_00_00.ogg	unique_exact_anchor	exact	selected	1	same
bed4.fsb.txt	1274	314	セブン	Bed4_060_020_03_00	セブン	/sound/voice/Bed4_060_020_03_00_00.ogg	unique_exact_anchor	exact	selected	1	same
bed4.fsb.txt	1276	315	セブン	Bed4_060_020_04_00	セブン	/sound/voice/Bed4_060_020_04_00_00.ogg	unique_exact_anchor	exact	selected	1	same
bed4.fsb.txt	1330	324	淳平	Bed4_060_050_01_00	淳平	/sound/voice/Bed4_060_050_01_00_00.ogg	unique_exact_anchor	exact	selected	1	same
bed4.fsb.txt	1333	325	セブン	Bed4_060_050_02_00	セブン	/sound/voice/Bed4_060_050_02_00_00.ogg	unique_exact_anchor	exact	selected	1	same
bed4.fsb.txt	1335	326	セブン	Bed4_060_050_03_00	セブン	/sound/voice/Bed4_060_050_03_00_00.ogg	unique_exact_anchor	exact	selected	1	same
bed4.fsb.txt	1337	327	セブン	Bed4_060_050_04_00	セブン	/sound/voice/Bed4_060_050_04_00_00.ogg	unique_exact_anchor	exact	selected	1	same
bed4.fsb.txt	1340	328	ニルス２	Bed4_060_050_05_00	ニルス２	/sound/voice/Bed4_060_050_05_00_00.ogg	unique_exact_anchor	exact	selected	1	same
bed4.fsb.txt	1342	329	淳平	Bed4_060_050_06_00	淳平	/sound/voice/Bed4_060_050_06_00_00.ogg	unique_exact_anchor	exact	selected	1	same
bed4.fsb.txt	1344	330	セブン	Bed4_060_050_07_00	セブン	/sound/voice/Bed4_060_050_07_00_00.ogg	unique_exact_anchor	exact	selected	1	same
bed4.fsb.txt	1346	331	ニルス２	Bed4_060_050_08_00	ニルス２	/sound/voice/Bed4_060_050_08_00_00.ogg	unique_exact_anchor	exact	selected	1	same
bed4.fsb.txt	1348	332	ニルス２	Bed4_060_050_09_00	ニルス２	/sound/voice/Bed4_060_050_09_00_00.ogg	unique_exact_anchor	exact	selected	1	same
bed4.fsb.txt	1355	335	ニルス２	Bed4_060_060_01_00	ニルス２	/sound/voice/Bed4_060_060_01_00_00.ogg	unique_exact_anchor	exact	selected	1	same
bed4.fsb.txt	1357	336	ニルス２	Bed4_060_060_02_00	ニルス２	/sound/voice/Bed4_060_060_02_00_00.ogg	unique_exact_anchor	exact	selected	1	same
bed4.fsb.txt	1530	362	セブン	Bed4_070_010_01_00	セブン	/sound/voice/Bed4_070_010_01_00_00.ogg	unique_exact_anchor	exact	selected	1	same
bed4.fsb.txt	1533	363	ニルス２	Bed4_070_010_02_00	ニルス２	/sound/voice/Bed4_070_010_02_00_00.ogg	unique_exact_anchor	exact	selected	1	same
bed4.fsb.txt	1558	368	淳平	Bed4_070_020_03_00	淳平	/sound/voice/Bed4_070_020_03_00_00.ogg	monotonic_tfidf	review	selected	1	same
bed4.fsb.txt	1585	375	セブン	Bed4_070_040_01_00	セブン	/sound/voice/Bed4_070_040_01_00_00.ogg	unique_exact_anchor	exact	selected	1	same
bed4.fsb.txt	1593	376	ニルス２	Bed4_070_040_02_00	ニルス２	/sound/voice/Bed4_070_040_02_00_00.ogg	unique_exact_anchor	exact	selected	1	same
bed4.fsb.txt	1595	377	淳平	Bed4_070_040_03_00	淳平	/sound/voice/Bed4_070_040_03_00_00.ogg	unique_exact_anchor	exact	selected	1	same
bed4.fsb.txt	1597	378	セブン	Bed4_070_040_04_00	セブン	/sound/voice/Bed4_070_040_04_00_00.ogg	unique_exact_anchor	exact	selected	1	same
bed4.fsb.txt	1599	379	ニルス２	Bed4_070_040_05_00	ニルス２	/sound/voice/Bed4_070_040_05_00_00.ogg | /sound/voice/Bed4_070_040_05_00_01.ogg	monotonic_tfidf	high	selected	1	same
bed4.fsb.txt	1601	380	淳平	Bed4_070_040_06_00	淳平	/sound/voice/Bed4_070_040_06_00_00.ogg	unique_exact_anchor	exact	selected	1	same
bed4.fsb.txt	1603	381	セブン	Bed4_070_040_07_00	セブン	/sound/voice/Bed4_070_040_07_00_00.ogg	unique_exact_anchor	exact	selected	1	same
bed4.fsb.txt	1702	389	セブン	Bed4_090_011_01_00	セブン	/sound/voice/Bed4_090_011_01_00_00.ogg	unique_exact_anchor	exact	selected	1	same
bed4.fsb.txt	1704	390	セブン	Bed4_090_011_02_00	セブン	/sound/voice/Bed4_090_011_02_00_00.ogg	unique_exact_anchor	exact	selected	1	same
bed4.fsb.txt	1708	391	ニルス２	Bed4_090_020_01_00	ニルス２	/sound/voice/Bed4_090_020_01_00_00.ogg	unique_exact_anchor	exact	selected	1	same
bed4.fsb.txt	1710	392	ニルス２	Bed4_090_020_02_00	ニルス２	/sound/voice/Bed4_090_020_02_00_00.ogg	unique_exact_anchor	exact	selected	1	same
bed4.fsb.txt	1712	393	ニルス２	Bed4_090_020_03_00	ニルス２	/sound/voice/Bed4_090_020_03_00_00.ogg	monotonic_tfidf	high	selected	1	same
bed4.fsb.txt	1714	394	ニルス２	Bed4_090_020_04_00	ニルス２	/sound/voice/Bed4_090_020_04_00_00.ogg	unique_exact_anchor	exact	selected	1	same
bed4.fsb.txt	1716	395	ニルス２	Bed4_090_020_05_00	ニルス２	/sound/voice/Bed4_090_020_05_00_00.ogg	monotonic_tfidf	high	selected	1	same
bed4.fsb.txt	1718	396	ニルス２	Bed4_090_020_06_00	ニルス２	/sound/voice/Bed4_090_020_06_00_00.ogg	unique_exact_anchor	exact	selected	1	same
bed4.fsb.txt	1720	397	ニルス２	Bed4_090_020_07_00	ニルス２	/sound/voice/Bed4_090_020_07_00_00.ogg	unique_exact_anchor	exact	selected	1	same
bed4.fsb.txt	1722	398	ニルス２	Bed4_090_020_08_00	ニルス２	/sound/voice/Bed4_090_020_08_00_00.ogg	unique_exact_anchor	exact	selected	1	same
bed4.fsb.txt	1746	404	四葉	Bed4_090_040_01_00	四葉	/sound/voice/Bed4_090_040_01_00_00.ogg	unique_exact_anchor	exact	selected	1	same
bed4.fsb.txt	1748	405	四葉	Bed4_090_040_02_00	四葉	/sound/voice/Bed4_090_040_02_00_00.ogg	unique_exact_anchor	exact	selected	1	same
bed4.fsb.txt	1808	420	淳平	Bed4_090_100_02_00	淳平	/sound/voice/Bed4_090_100_02_00_00.ogg	unique_exact_anchor	exact	selected	1	same
bed4.fsb.txt	1812	421	ニルス２	Bed4_090_110_01_00	ニルス２	/sound/voice/Bed4_090_110_01_00_00.ogg	unique_exact_anchor	exact	selected	1	same
bed4.fsb.txt	1814	422	ニルス２	Bed4_090_110_02_00	ニルス２	/sound/voice/Bed4_090_110_02_00_00.ogg	unique_exact_anchor	exact	selected	1	same
bed4.fsb.txt	1816	423	淳平	Bed4_090_110_03_00	淳平	/sound/voice/Bed4_090_110_03_00_00.ogg	unique_exact_anchor	exact	selected	1	same
bed4.fsb.txt	1820	424	セブン	Bed4_090_120_01_00	セブン	/sound/voice/Bed4_090_120_01_00_00.ogg	unique_exact_anchor	exact	selected	1	same
bed4.fsb.txt	1822	425	ニルス２	Bed4_090_120_02_00	ニルス２	/sound/voice/Bed4_090_120_02_00_00.ogg	unique_exact_anchor	exact	selected	1	same
bed4.fsb.txt	1828	428	淳平	Bed4_090_120_05_00	淳平	/sound/voice/Bed4_090_120_05_00_00.ogg	unique_exact_anchor	exact	selected	1	same
bed4.fsb.txt	1838	430	ニルス２	Bed4_090_130_01_00	ニルス２	/sound/voice/Bed4_090_130_01_00_00.ogg	unique_exact_anchor	exact	selected	1	same
bed4.fsb.txt	1840	431	淳平	Bed4_090_130_02_00	淳平	/sound/voice/Bed4_090_130_02_00_00.ogg	monotonic_tfidf	exact	selected	1	same
bed4.fsb.txt	1926	451	放送	Bed4_100_050_03_00	放送	/sound/voice/Bed4_100_050_03_00_00.ogg	monotonic_tfidf	medium	selected	1	same
bed4.fsb.txt	1935	452	放送	Bed4_100_050_05_00	放送	/sound/voice/Bed4_100_050_05_00_00.ogg	monotonic_tfidf	medium	selected	1	same
bed4.fsb.txt	1937	453	放送	Bed4_100_050_06_00	放送	/sound/voice/Bed4_100_050_06_00_00.ogg	unique_exact_anchor	exact	selected	1	same
bed4.fsb.txt	1939	454	放送	Bed4_100_050_07_00	放送	/sound/voice/Bed4_100_050_07_00_00.ogg	unique_exact_anchor	exact	selected	1	same
bed4.fsb.txt	1949	455	一宮	Bed4_100_060_01_00	一宮	/sound/voice/Bed4_100_060_01_00_00.ogg	unique_exact_anchor	exact	selected	1	same
bed4.fsb.txt	1951	456	一宮	Bed4_100_060_02_00	一宮	/sound/voice/Bed4_100_060_02_00_00.ogg	unique_exact_anchor	exact	selected	1	same
bed4.fsb.txt	1957	458	一宮	Bed4_100_060_04_00	一宮	/sound/voice/Bed4_100_060_04_00_00.ogg	unique_exact_anchor	exact	selected	1	same
bed4.fsb.txt	1959	459	一宮	Bed4_100_060_05_00	一宮	/sound/voice/Bed4_100_060_05_00_00.ogg	unique_exact_anchor	exact	selected	1	same
bed4.fsb.txt	1963	460	ニルス２	Bed4_100_070_01_00	ニルス２	/sound/voice/Bed4_100_070_01_00_00.ogg	unique_exact_anchor	exact	selected	1	same
bed4.fsb.txt	1965	461	ニルス２	Bed4_100_070_02_00	ニルス２	/sound/voice/Bed4_100_070_02_00_00.ogg	unique_exact_anchor	exact	selected	1	same
bed4.fsb.txt	1968	462	一宮	Bed4_100_080_01_00	一宮	/sound/voice/Bed4_100_080_01_00_00.ogg	unique_exact_anchor	exact	selected	1	same
bed4.fsb.txt	1970	463	ニルス２	Bed4_100_080_02_00	ニルス２	/sound/voice/Bed4_100_080_02_00_00.ogg	unique_exact_anchor	exact	selected	1	same
bed4.fsb.txt	1972	464	一宮	Bed4_100_080_03_00	一宮	/sound/voice/Bed4_100_080_03_00_00.ogg	unique_exact_anchor	exact	selected	1	same
bed4.fsb.txt	1974	465	一宮	Bed4_100_080_04_00	一宮	/sound/voice/Bed4_100_080_04_00_00.ogg	unique_exact_anchor	exact	selected	1	same
bed4.fsb.txt	1976	466	一宮	Bed4_100_080_05_00	一宮	/sound/voice/Bed4_100_080_05_00_00.ogg	unique_exact_anchor	exact	selected	1	same
bed4.fsb.txt	1978	467	一宮	Bed4_100_080_06_00	一宮	/sound/voice/Bed4_100_080_06_00_00.ogg	unique_exact_anchor	exact	selected	1	same
bed4.fsb.txt	1987	470	一宮	Bed4_100_100_01_00	一宮	/sound/voice/Bed4_100_100_01_00_00.ogg	unique_exact_anchor	exact	selected	1	same
bed4.fsb.txt	1989	471	一宮	Bed4_100_100_02_00	一宮	/sound/voice/Bed4_100_100_02_00_00.ogg	monotonic_tfidf	high	selected	1	same
bed4.fsb.txt	1993	473	一宮	Bed4_100_100_04_00	一宮	/sound/voice/Bed4_100_100_04_00_00.ogg	unique_exact_anchor	exact	selected	1	same
bed4.fsb.txt	1995	474	ニルス２	Bed4_100_100_05_00	ニルス２	/sound/voice/Bed4_100_100_05_00_00.ogg	monotonic_tfidf	review	selected	1	same
bed4.fsb.txt	2000	476	一宮	Bed4_100_100_07_00	一宮	/sound/voice/Bed4_100_100_07_00_00.ogg	unique_exact_anchor	exact	selected	1	same
bed4.fsb.txt	2002	477	ニルス２	Bed4_100_100_08_00	ニルス２	/sound/voice/Bed4_100_100_08_00_00.ogg	unique_exact_anchor	exact	selected	1	same
bed4.fsb.txt	2004	478	ニルス２	Bed4_100_100_09_00	ニルス２	/sound/voice/Bed4_100_100_09_00_00.ogg	unique_exact_anchor	exact	selected	1	same
bed4.fsb.txt	2009	480	一宮	Bed4_100_100_11_00	一宮	/sound/voice/Bed4_100_100_11_00_00.ogg	unique_exact_anchor	exact	selected	1	same
bed4.fsb.txt	2011	481	ニルス２	Bed4_100_100_12_00	ニルス２	/sound/voice/Bed4_100_100_12_00_00.ogg	unique_exact_anchor	exact	selected	1	same
bed4.fsb.txt	2015	482	一宮	Bed4_100_110_01_00	一宮	/sound/voice/Bed4_100_110_01_00_00.ogg	unique_exact_anchor	exact	selected	1	same
bed4.fsb.txt	2017	483	一宮	Bed4_100_110_02_00	一宮	/sound/voice/Bed4_100_110_02_00_00.ogg	unique_exact_anchor	exact	selected	1	same
bed4.fsb.txt	2019	484	一宮	Bed4_100_110_03_00	一宮	/sound/voice/Bed4_100_110_03_00_00.ogg	unique_exact_anchor	exact	selected	1	same
bed4.fsb.txt	2021	485	一宮	Bed4_100_110_04_00	一宮	/sound/voice/Bed4_100_110_04_00_00.ogg	monotonic_tfidf	exact	selected	1	same
bed4.fsb.txt	2023	486	淳平	Bed4_100_110_05_00	淳平	/sound/voice/Bed4_100_110_05_00_00.ogg	unique_exact_anchor	exact	selected	1	same
bed4.fsb.txt	2025	487	一宮	Bed4_100_110_06_00	一宮	/sound/voice/Bed4_100_110_06_00_00.ogg	monotonic_tfidf	exact	selected	1	same
bed4.fsb.txt	2027	488	淳平	Bed4_100_110_07_00	淳平	/sound/voice/Bed4_100_110_07_00_00.ogg	unique_exact_anchor	exact	selected	1	same
bed4.fsb.txt	2029	489	淳平	Bed4_100_110_08_00	淳平	/sound/voice/Bed4_100_110_08_00_00.ogg	unique_exact_anchor	exact	selected	1	same
bed4.fsb.txt	2034	491	ニルス２	Bed4_100_110_12_00	ニルス２	/sound/voice/Bed4_100_110_12_00_00.ogg	unique_exact_anchor	exact	selected	1	same
bed4.fsb.txt	2039	493	一宮	Bed4_100_110_14_00	一宮	/sound/voice/Bed4_100_110_14_00_00.ogg	unique_exact_anchor	exact	selected	1	same
bed4.fsb.txt	2050	496	ニルス２	Bed4_100_130_03_00	ニルス２	/sound/voice/Bed4_100_130_03_00_00.ogg	unique_exact_anchor	exact	selected	1	same
bed4.fsb.txt	2052	497	ニルス２	Bed4_100_130_04_00	ニルス２	/sound/voice/Bed4_100_130_04_00_00.ogg	unique_exact_anchor	exact	selected	1	same
bed4.fsb.txt	2054	498	一宮	Bed4_100_130_05_00	一宮	/sound/voice/Bed4_100_130_05_00_00.ogg	unique_exact_anchor	exact	selected	1	same
bed4.fsb.txt	2057	499	ニルス２	Bed4_100_130_06_00	ニルス２	/sound/voice/Bed4_100_130_06_00_00.ogg	unique_exact_anchor	exact	selected	1	same
bed4.fsb.txt	2059	500	一宮	Bed4_100_130_07_00	一宮	/sound/voice/Bed4_100_130_07_00_00.ogg	unique_exact_anchor	exact	selected	1	same
bed4.fsb.txt	2063	501	一宮	Bed4_100_130_08_00	一宮	/sound/voice/Bed4_100_130_08_00_00.ogg	unique_exact_anchor	exact	selected	1	same
bed4.fsb.txt	2074	504	一宮	Bed4_100_140_03_00	一宮	/sound/voice/Bed4_100_140_03_00_00.ogg	unique_exact_anchor	exact	selected	1	same
bed4.fsb.txt	2076	505	一宮	Bed4_100_140_04_00	一宮	/sound/voice/Bed4_100_140_04_00_00.ogg	unique_exact_anchor	exact	selected	1	same
bed4.fsb.txt	2078	506	一宮	Bed4_100_140_05_00	一宮	/sound/voice/Bed4_100_140_05_00_00.ogg	unique_exact_anchor	exact	selected	1	same
bed4.fsb.txt	2080	507	一宮	Bed4_100_140_06_00	一宮	/sound/voice/Bed4_100_140_06_00_00.ogg	unique_exact_anchor	exact	selected	1	same
bed4.fsb.txt	2085	509	一宮	Bed4_100_150_02_00	一宮	/sound/voice/Bed4_100_150_02_00_00.ogg	unique_exact_anchor	exact	selected	1	same
bed4.fsb.txt	2087	510	一宮	Bed4_100_150_03_00	一宮	/sound/voice/Bed4_100_150_03_00_00.ogg	unique_exact_anchor	exact	selected	1	same
bed4.fsb.txt	2089	511	一宮	Bed4_100_150_04_00	一宮	/sound/voice/Bed4_100_150_04_00_00.ogg	unique_exact_anchor	exact	selected	1	same
bed4.fsb.txt	2091	512	一宮	Bed4_100_150_05_00	一宮	/sound/voice/Bed4_100_150_05_00_00.ogg	unique_exact_anchor	exact	selected	1	same
bed4.fsb.txt	2093	513	一宮	Bed4_100_150_06_00	一宮	/sound/voice/Bed4_100_150_06_00_00.ogg	unique_exact_anchor	exact	selected	1	same
bed4.fsb.txt	2095	514	一宮	Bed4_100_150_07_00	一宮	/sound/voice/Bed4_100_150_07_00_00.ogg	unique_exact_anchor	exact	selected	1	same
bed4.fsb.txt	2109	515	放送	Bed4_100_160_01_00	放送	/sound/voice/Bed4_100_160_01_00_00.ogg	monotonic_tfidf	exact	selected	1	same
bed4.fsb.txt	2111	516	放送	Bed4_100_160_02_00	放送	/sound/voice/Bed4_100_160_02_00_00.ogg	unique_exact_anchor	exact	selected	1	same
bed4.fsb.txt	2124	517	ニルス２	Bed4_100_170_01_00	ニルス２	/sound/voice/Bed4_100_170_01_00_00.ogg	monotonic_tfidf	exact	selected	1	same
bed4.fsb.txt	2131	519	一宮	Bed4_100_180_01_00	一宮	/sound/voice/Bed4_100_180_01_00_00.ogg	monotonic_tfidf	review	selected	1	same
bed4.fsb.txt	2133	520	ニルス２	Bed4_100_180_02_00	ニルス２	/sound/voice/Bed4_100_180_02_00_00.ogg	monotonic_tfidf	review	selected	1	same
bed4.fsb.txt	2135	521	一宮	Bed4_100_180_03_00	一宮	/sound/voice/Bed4_100_180_03_00_00.ogg	unique_exact_anchor	exact	selected	1	same
bed4.fsb.txt	2137	522	一宮	Bed4_100_180_04_00	一宮	/sound/voice/Bed4_100_180_04_00_00.ogg	unique_exact_anchor	exact	selected	1	same
bed4.fsb.txt	2139	523	淳平	Bed4_100_180_05_00	淳平	/sound/voice/Bed4_100_180_05_00_00.ogg	unique_exact_anchor	exact	selected	1	same
bed4.fsb.txt	2141	524	セブン	Bed4_100_180_06_00	セブン	/sound/voice/Bed4_100_180_06_00_00.ogg	unique_exact_anchor	exact	selected	1	same
bed4.fsb.txt	2152	525	一宮	Bed4_100_190_01_00	一宮	/sound/voice/Bed4_100_190_01_00_00.ogg	unique_exact_anchor	exact	selected	1	same
bed4.fsb.txt	2154	526	一宮	Bed4_100_190_02_00	一宮	/sound/voice/Bed4_100_190_02_00_00.ogg	unique_exact_anchor	exact	selected	1	same
bed4.fsb.txt	2156	527	淳平	Bed4_100_190_03_00	淳平	/sound/voice/Bed4_100_190_03_00_00.ogg	unique_exact_anchor	exact	selected	1	same
bed4.fsb.txt	2158	528	セブン	Bed4_100_190_04_00	セブン	/sound/voice/Bed4_100_190_04_00_00.ogg	unique_exact_anchor	exact	selected	1	same
bed4.fsb.txt	2164	530	ニルス２	Bed4_100_200_01_00	ニルス２	/sound/voice/Bed4_100_200_01_00_00.ogg	unique_exact_anchor	exact	selected	1	same
bed4.fsb.txt	2171	531	ニルス２	Bed4_100_200_02_00	ニルス２	/sound/voice/Bed4_100_200_02_00_00.ogg	unique_exact_anchor	exact	selected	1	same
bed4.fsb.txt	2178	534	淳平	Bed4_100_201_01_00	淳平	/sound/voice/Bed4_100_201_01_00_00.ogg	unique_exact_anchor	exact	selected	1	same
bed4.fsb.txt	2180	535	セブン	Bed4_100_201_02_00	セブン	/sound/voice/Bed4_100_201_02_00_00.ogg	unique_exact_anchor	exact	selected	1	same
bed4.fsb.txt	2212	539	八代	Bed4_100_210_01_00	八代	/sound/voice/Bed4_100_210_01_00_00.ogg	unique_exact_anchor	exact	selected	1	same
bed4.fsb.txt	2240	546	放送	Bed4_100_230_01_00	放送	/sound/voice/Bed4_100_230_01_00_00.ogg	monotonic_tfidf	exact	selected	1	same
bed4.fsb.txt	2242	547	放送	Bed4_100_230_02_00	放送	/sound/voice/Bed4_100_230_02_00_00.ogg	unique_exact_anchor	exact	selected	1	same
bed4.fsb.txt	2250	548	一宮	Bed4_100_240_01_00	一宮	/sound/voice/Bed4_100_240_01_00_00.ogg	unique_exact_anchor	exact	selected	1	same
bed4.fsb.txt	2256	550	一宮	Bed4_100_250_01_00	一宮	/sound/voice/Bed4_100_250_01_00_00.ogg	unique_exact_anchor	exact	selected	1	same
bed4.fsb.txt	2258	551	一宮	Bed4_100_250_03_00	一宮	/sound/voice/Bed4_100_250_03_00_00.ogg	monotonic_tfidf	medium	selected	1	same
bed4.fsb.txt	2264	553	一宮	Bed4_100_260_01_00	一宮	/sound/voice/Bed4_100_260_01_00_00.ogg	unique_exact_anchor	exact	selected	1	same
bed4.fsb.txt	2273	556	一宮	Bed4_100_270_01_00	一宮	/sound/voice/Bed4_100_270_01_00_00.ogg	unique_exact_anchor	exact	selected	1	same
bed4.fsb.txt	2275	557	一宮	Bed4_100_270_02_00	一宮	/sound/voice/Bed4_100_270_02_00_00.ogg	unique_exact_anchor	exact	selected	1	same
bed4.fsb.txt	2277	558	一宮	Bed4_100_270_03_00	一宮	/sound/voice/Bed4_100_270_03_00_00.ogg	unique_exact_anchor	exact	selected	1	same
bed4.fsb.txt	2279	559	一宮	Bed4_100_270_04_00	一宮	/sound/voice/Bed4_100_270_04_00_00.ogg	unique_exact_anchor	exact	selected	1	same
bed4.fsb.txt	2281	560	一宮	Bed4_100_270_05_00	一宮	/sound/voice/Bed4_100_270_05_00_00.ogg	unique_exact_anchor	exact	selected	1	same
bed4.fsb.txt	2292	561	放送	Bed4_100_280_01_00	放送	/sound/voice/Bed4_100_280_01_00_00.ogg	monotonic_tfidf	exact	selected	1	same
bed4.fsb.txt	2294	562	放送	Bed4_100_280_02_00	放送	/sound/voice/Bed4_100_280_02_00_00.ogg	unique_exact_anchor	exact	selected	1	same
bed4.fsb.txt	2306	563	一宮	Bed4_100_290_01_00	一宮	/sound/voice/Bed4_100_290_01_00_00.ogg	unique_exact_anchor	exact	selected	1	same
bed4.fsb.txt	2308	564	一宮	Bed4_100_290_02_10	一宮	/sound/voice/Bed4_100_290_02_10_00.ogg	monotonic_tfidf	medium	selected	1	same
bed4.fsb.txt	2338	570	一宮	Bed4_100_310_02_00	一宮	/sound/voice/Bed4_100_310_02_00_00.ogg	unique_exact_anchor	exact	selected	1	same
bed4.fsb.txt	2350	574	ニルス２	Bed4_100_320_01_00	ニルス２	/sound/voice/Bed4_100_320_01_00_00.ogg	monotonic_tfidf	exact	selected	1	same
bed4.fsb.txt	2356	576	一宮	Bed4_100_330_01_00	一宮	/sound/voice/Bed4_100_330_01_00_00.ogg	unique_exact_anchor	exact	selected	1	same
bed4.fsb.txt	2358	577	一宮	Bed4_100_330_02_00	一宮	/sound/voice/Bed4_100_330_02_00_00.ogg	unique_exact_anchor	exact	selected	1	same
bed4.fsb.txt	2368	581	一宮	Bed4_100_340_01_00	一宮	/sound/voice/Bed4_100_340_01_00_00.ogg	unique_exact_anchor	exact	selected	1	same
bed4.fsb.txt	2370	582	一宮	Bed4_100_340_02_00	一宮	/sound/voice/Bed4_100_340_02_00_00.ogg	unique_exact_anchor	exact	selected	1	same
bed4.fsb.txt	2421	589	放送	Bed4_100_350_02_00	放送	/sound/voice/Bed4_100_350_02_00_00.ogg	monotonic_tfidf	exact	selected	1	same
bed4.fsb.txt	2423	590	放送	Bed4_100_350_03_00	放送	/sound/voice/Bed4_100_350_03_00_00.ogg	unique_exact_anchor	exact	selected	1	same
bed4.fsb.txt	2453	596	一宮	Bed4_100_370_03_00	一宮	/sound/voice/Bed4_100_370_03_00_00.ogg	unique_exact_anchor	exact	selected	1	same
bed4.fsb.txt	2455	597	一宮	Bed4_100_370_04_00	一宮	/sound/voice/Bed4_100_370_04_00_00.ogg	unique_exact_anchor	exact	selected	1	same
bed4.fsb.txt	2492	602	ニルス２	Bed4_100_380_03_00	ニルス２	/sound/voice/Bed4_100_380_03_00_00.ogg	unique_exact_anchor	exact	selected	1	same
bed4.fsb.txt	2494	603	ニルス２	Bed4_100_380_04_00	ニルス２	/sound/voice/Bed4_100_380_04_00_00.ogg	unique_exact_anchor	exact	selected	1	same
bed4.fsb.txt	2496	604	一宮	Bed4_100_380_05_00	一宮	/sound/voice/Bed4_100_380_05_00_00.ogg	unique_exact_anchor	exact	selected	1	same
bed4.fsb.txt	2507	605	放送	Bed4_100_390_01_00	放送	/sound/voice/Bed4_100_390_01_00_00.ogg	monotonic_tfidf	exact	selected	1	same
bed4.fsb.txt	2509	606	放送	Bed4_100_390_02_00	放送	/sound/voice/Bed4_100_390_02_00_00.ogg	unique_exact_anchor	exact	selected	1	same
bed4.fsb.txt	2521	607	一宮	Bed4_100_400_01_00	一宮	/sound/voice/Bed4_100_400_01_00_00.ogg	unique_exact_anchor	exact	selected	1	same
bed4.fsb.txt	2523	608	一宮	Bed4_100_400_02_00	一宮	/sound/voice/Bed4_100_400_02_00_00.ogg	unique_exact_anchor	exact	selected	1	same
bed4.fsb.txt	2544	609	一宮	Bed4_100_401_01_00	一宮	/sound/voice/Bed4_100_401_01_00_00.ogg	unique_exact_anchor	exact	selected	1	same
bed4.fsb.txt	2546	610	一宮	Bed4_100_401_02_00	一宮	/sound/voice/Bed4_100_401_02_00_00.ogg	unique_exact_anchor	exact	selected	1	same
bed4.fsb.txt	2548	611	一宮	Bed4_100_401_03_00	一宮	/sound/voice/Bed4_100_401_03_00_00.ogg	unique_exact_anchor	exact	selected	1	same
bed4.fsb.txt	2550	612	一宮	Bed4_100_401_04_00	一宮	/sound/voice/Bed4_100_401_04_00_00.ogg	unique_exact_anchor	exact	selected	1	same
bed4.fsb.txt	2552	613	ニルス２	Bed4_100_401_05_00	ニルス２	/sound/voice/Bed4_100_401_05_00_00.ogg	unique_exact_anchor	exact	selected	1	same
bed4.fsb.txt	2554	614	ニルス２	Bed4_100_401_06_00	ニルス２	/sound/voice/Bed4_100_401_06_00_00.ogg	unique_exact_anchor	exact	selected	1	same
bed4.fsb.txt	2563	617	セブン	Bed4_100_411_01_00	セブン	/sound/voice/Bed4_100_411_01_00_00.ogg	unique_exact_anchor	exact	selected	1	same
bed4.fsb.txt	2565	618	八代	Bed4_100_411_02_00	八代	/sound/voice/Bed4_100_411_02_00_00.ogg	unique_exact_anchor	exact	selected	1	same
bed4.fsb.txt	2567	619	セブン	Bed4_100_411_03_00	セブン	/sound/voice/Bed4_100_411_03_00_00.ogg	unique_exact_anchor	exact	selected	1	same
bed4.fsb.txt	2569	620	八代	Bed4_100_411_04_00	八代	/sound/voice/Bed4_100_411_04_00_00.ogg	unique_exact_anchor	exact	selected	1	same
bed4.fsb.txt	2577	623	ニルス２	Bed4_100_420_03_00	ニルス２	/sound/voice/Bed4_100_420_03_00_00.ogg	unique_exact_anchor	exact	selected	1	same
bed4.fsb.txt	2579	624	ニルス２	Bed4_100_420_04_00	ニルス２	/sound/voice/Bed4_100_420_04_00_00.ogg	monotonic_tfidf	medium	selected	1	same
bed4.fsb.txt	2581	625	ニルス２	Bed4_100_420_05_00	ニルス２	/sound/voice/Bed4_100_420_05_00_00.ogg	unique_exact_anchor	exact	selected	1	same
bed4.fsb.txt	2583	626	一宮	Bed4_100_420_06_00	一宮	/sound/voice/Bed4_100_420_06_00_00.ogg	unique_exact_anchor	exact	selected	1	same
bed4.fsb.txt	2604	627	ニルス２	Bed4_100_430_01_00	ニルス２	/sound/voice/Bed4_100_430_01_00_00.ogg	unique_exact_anchor	exact	selected	1	same
bed4.fsb.txt	2606	628	ニルス２	Bed4_100_430_02_00	ニルス２	/sound/voice/Bed4_100_430_02_00_00.ogg	unique_exact_anchor	exact	selected	1	same
bed4.fsb.txt	2608	629	ニルス２	Bed4_100_430_03_00	ニルス２	/sound/voice/Bed4_100_430_03_00_00.ogg	unique_exact_anchor	exact	selected	1	same
bed4.fsb.txt	2635	630	ニルス２	Bed4_100_431_01_00	ニルス２	/sound/voice/Bed4_100_431_01_00_00.ogg	unique_exact_anchor	exact	selected	1	same
bed4.fsb.txt	2637	631	ニルス２	Bed4_100_431_02_00	ニルス２	/sound/voice/Bed4_100_431_02_00_00.ogg	unique_exact_anchor	exact	selected	1	same
bed4.fsb.txt	2648	632	放送	Bed4_100_440_01_00	放送	/sound/voice/Bed4_100_440_01_00_00.ogg	monotonic_tfidf	exact	selected	1	same
bed4.fsb.txt	2650	633	放送	Bed4_100_440_02_00	放送	/sound/voice/Bed4_100_440_02_00_00.ogg	unique_exact_anchor	exact	selected	1	same
bed4.fsb.txt	2662	634	セブン	Bed4_100_450_01_00	セブン	/sound/voice/Bed4_100_450_01_00_00.ogg	unique_exact_anchor	exact	selected	1	same
bed4.fsb.txt	2664	635	セブン	Bed4_100_450_02_00	セブン	/sound/voice/Bed4_100_450_02_00_00.ogg	monotonic_tfidf	review	selected	1	same
bed4.fsb.txt	2682	640	ニルス２	Bed4_100_460_02_00	ニルス２	/sound/voice/Bed4_100_460_02_00_00.ogg	unique_exact_anchor	exact	selected	1	same
bed4.fsb.txt	2695	645	淳平	Bed4_100_470_05_00	淳平	/sound/voice/Bed4_100_470_05_00_00.ogg	monotonic_tfidf	exact	selected	1	same
bed4.fsb.txt	2697	646	淳平	Bed4_100_470_06_00	淳平	/sound/voice/Bed4_100_470_06_00_00.ogg	unique_exact_anchor	exact	selected	1	same
bed4.fsb.txt	2713	650	セブン	Bed4_100_490_01_00	セブン	/sound/voice/Bed4_100_490_01_00_00.ogg	unique_exact_anchor	exact	selected	1	same
bed4.fsb.txt	2720	653	淳平	Bed4_100_490_04_00	淳平	/sound/voice/Bed4_100_490_04_00_00.ogg	unique_exact_anchor	exact	selected	1	same
bed4.fsb.txt	2723	654	淳平	Bed4_100_490_05_00	淳平	/sound/voice/Bed4_100_490_05_00_00.ogg	unique_exact_anchor	exact	selected	1	same
bed4.fsb.txt	2726	655	淳平	Bed4_100_490_06_00	淳平	/sound/voice/Bed4_100_490_06_00_00.ogg	unique_exact_anchor	exact	selected	1	same
bed4.fsb.txt	2729	656	淳平	Bed4_100_490_07_00	淳平	/sound/voice/Bed4_100_490_07_00_00.ogg	unique_exact_anchor	exact	selected	1	same
bed4.fsb.txt	2732	657	淳平	Bed4_100_490_08_00	淳平	/sound/voice/Bed4_100_490_08_00_00.ogg	unique_exact_anchor	exact	selected	1	same
bed4.fsb.txt	2742	658	放送	Bed4_100_500_01_00	放送	/sound/voice/Bed4_100_500_01_00_00.ogg	monotonic_tfidf	exact	selected	1	same
bed4.fsb.txt	2744	659	放送	Bed4_100_500_02_00	放送	/sound/voice/Bed4_100_500_02_00_00.ogg	unique_exact_anchor	exact	selected	1	same
bed4.fsb.txt	2757	660	淳平	Bed4_100_510_01_00	淳平	/sound/voice/Bed4_100_510_01_00_00.ogg	monotonic_tfidf	review	selected	1	same
bed4.fsb.txt	2760	661	淳平	Bed4_100_510_02_00	淳平	/sound/voice/Bed4_100_510_02_00_00.ogg	unique_exact_anchor	exact	selected	1	same
bed4.fsb.txt	2764	662	放送	Bed4_100_511_01_00	放送	/sound/voice/Bed4_100_511_01_00_00.ogg	unique_exact_anchor	exact	selected	1	same
bed4.fsb.txt	2768	663	セブン	Bed4_100_512_01_00	セブン	/sound/voice/Bed4_100_512_01_00_00.ogg	unique_exact_anchor	exact	selected	1	same
bed4.fsb.txt	2784	664	淳平	Bed4_100_512_02_00	淳平	/sound/voice/Bed4_100_512_02_00_00.ogg	unique_exact_anchor	exact	selected	1	same
bed4.fsb.txt	2786	665	淳平	Bed4_100_512_03_00	淳平	/sound/voice/Bed4_100_512_03_00_00.ogg	unique_exact_anchor	exact	selected	1	same
bed4.fsb.txt	2790	666	放送	Bed4_100_513_01_00	放送	/sound/voice/Bed4_100_513_01_00_00.ogg	unique_exact_anchor	exact	selected	1	same
bed4.fsb.txt	2793	667	放送	Bed4_100_513_02_00	放送	/sound/voice/Bed4_100_513_02_00_00.ogg	unique_exact_anchor	exact	selected	1	same
bed4.fsb.txt	2807	668	セブン	Bed4_100_514_01_00	セブン	/sound/voice/Bed4_100_514_01_00_00.ogg	unique_exact_anchor	exact	selected	1	same
bed4.fsb.txt	2818	669	放送	Bed4_100_515_01_00	放送	/sound/voice/Bed4_100_515_01_00_00.ogg	unique_exact_anchor	exact	selected	1	same
bed4.fsb.txt	2824	670	放送	Bed4_100_520_01_00	放送	/sound/voice/Bed4_100_520_01_00_00.ogg	monotonic_tfidf	review	selected	1	same
bed4.fsb.txt	2826	671	放送	Bed4_100_520_02_00	放送	/sound/voice/Bed4_100_520_02_00_00.ogg	unique_exact_anchor	exact	selected	1	same
bed4.fsb.txt	2858	679	一宮	Bed4_100_550_01_00	一宮	/sound/voice/Bed4_100_550_01_00_00.ogg	unique_exact_anchor	exact	selected	1	same
bed4.fsb.txt	2861	680	一宮	Bed4_100_550_02_00	一宮	/sound/voice/Bed4_100_550_02_00_00.ogg	unique_exact_anchor	exact	selected	1	same
bed4.fsb.txt	2864	681	一宮	Bed4_100_550_03_00	一宮	/sound/voice/Bed4_100_550_03_00_00.ogg	monotonic_tfidf	exact	selected	1	same
bed4.fsb.txt	2867	682	一宮	Bed4_100_550_04_00	一宮	/sound/voice/Bed4_100_550_04_00_00.ogg	unique_exact_anchor	exact	selected	1	same
bed4.fsb.txt	2870	683	一宮	Bed4_100_550_05_00	一宮	/sound/voice/Bed4_100_550_05_00_00.ogg	unique_exact_anchor	exact	selected	1	same
bed4.fsb.txt	2873	684	一宮	Bed4_100_550_06_00	一宮	/sound/voice/Bed4_100_550_06_00_00.ogg	unique_exact_anchor	exact	selected	1	same
bed4.fsb.txt	2876	685	一宮	Bed4_100_550_07_00	一宮	/sound/voice/Bed4_100_550_07_00_00.ogg	unique_exact_anchor	exact	selected	1	same
bed4.fsb.txt	2879	686	一宮	Bed4_100_550_08_00	一宮	/sound/voice/Bed4_100_550_08_00_00.ogg	unique_exact_anchor	exact	selected	1	same
bed4.fsb.txt	2882	687	一宮	Bed4_100_550_09_00	一宮	/sound/voice/Bed4_100_550_09_00_00.ogg	unique_exact_anchor	exact	selected	1	same
bed4.fsb.txt	2885	688	一宮	Bed4_100_550_10_00	一宮	/sound/voice/Bed4_100_550_10_00_00.ogg	unique_exact_anchor	exact	selected	1	same
bed4.fsb.txt	2888	689	一宮	Bed4_100_550_11_00	一宮	/sound/voice/Bed4_100_550_11_00_00.ogg	extended_same_speaker	medium	selected	1	same
bed4.fsb.txt	2891	690	一宮	Bed4_100_550_12_00	一宮	/sound/voice/Bed4_100_550_12_00_00.ogg	monotonic_tfidf	exact	selected	1	same
bed4.fsb.txt	2894	691	一宮	Bed4_100_550_13_00	一宮	/sound/voice/Bed4_100_550_13_00_00.ogg	monotonic_tfidf	exact	selected	1	same
bed4.fsb.txt	2897	692	一宮	Bed4_100_550_14_00	一宮	/sound/voice/Bed4_100_550_14_00_00.ogg	monotonic_tfidf	exact	selected	1	same
bed4.fsb.txt	2907	693	一宮	Bed4_100_550_15_00	一宮	/sound/voice/Bed4_100_550_15_00_00.ogg	unique_exact_anchor	exact	selected	1	same
bed4.fsb.txt	2952	701	セブン	Bed4_110_030_01_00	セブン	/sound/voice/Bed4_110_030_01_00_00.ogg	unique_exact_anchor	exact	selected	1	same
bed4.fsb.txt	2954	702	八代	Bed4_110_030_02_00	八代	/sound/voice/Bed4_110_030_02_00_00.ogg	unique_exact_anchor	exact	selected	1	same
bed4.fsb.txt	2963	704	淳平	Bed4_110_040_01_00	淳平	/sound/voice/Bed4_110_040_01_00_00.ogg	unique_exact_anchor	exact	selected	1	same
bed4.fsb.txt	2966	705	セブン	Bed4_110_040_02_00	セブン	/sound/voice/Bed4_110_040_02_00_00.ogg	unique_exact_anchor	exact	selected	1	same
bed4.fsb.txt	2974	706	八代	Bed4_110_040_03_00	八代	/sound/voice/Bed4_110_040_03_00_00.ogg	unique_exact_anchor	exact	selected	1	same
bed4.fsb.txt	2976	707	淳平	Bed4_110_040_04_00	淳平	/sound/voice/Bed4_110_040_04_00_00.ogg	unique_exact_anchor	exact	selected	1	same
bed4.fsb.txt	3038	722	淳平	Bed4_110_080_01_00	淳平	/sound/voice/Bed4_110_080_01_00_00.ogg	unique_exact_anchor	exact	selected	1	same
bed4.fsb.txt	3054	725	淳平	Bed4_110_090_02_00	淳平	/sound/voice/Bed4_110_090_02_00_00.ogg	unique_exact_anchor	exact	selected	1	same
bed4.fsb.txt	3056	726	淳平	Bed4_110_090_03_00	淳平	/sound/voice/Bed4_110_090_03_00_00.ogg	unique_exact_anchor	exact	selected	1	same
bed4.fsb.txt	3163	740	淳平	Bed4_130_020_04_00	淳平	/sound/voice/Bed4_130_020_04_00_00.ogg	monotonic_tfidf	exact	selected	1	same
bed4.fsb.txt	3177	743	淳平	Bed4_130_030_01_00	淳平	/sound/voice/Bed4_130_030_01_00_00.ogg	monotonic_tfidf	review	selected	1	same
bed4.fsb.txt	3205	751	淳平	Bed4_130_050_01_00	淳平	/sound/voice/Bed4_130_050_01_00_00.ogg	monotonic_tfidf	exact	selected	1	same
bed4.fsb.txt	3215	753	淳平	Bed4_130_060_01_00	淳平	/sound/voice/Bed4_130_060_01_00_00.ogg	unique_exact_anchor	exact	selected	1	same
bed4.fsb.txt	3217	754	茜	Bed4_130_060_02_00	茜	/sound/voice/Bed4_130_060_02_00_00.ogg	unique_exact_anchor	exact	selected	1	same
bed4.fsb.txt	3242	761	淳平	Bed4_130_090_03_00	淳平	/sound/voice/Bed4_130_090_03_00_00.ogg	monotonic_tfidf	exact	selected	1	same
bed4.fsb.txt	3244	762	淳平	Bed4_130_090_04_00	淳平	/sound/voice/Bed4_130_090_04_00_00.ogg	unique_exact_anchor	exact	selected	1	same
bed4.fsb.txt	3246	763	淳平	Bed4_130_090_05_00	淳平	/sound/voice/Bed4_130_090_05_00_00.ogg	unique_exact_anchor	exact	selected	1	same
bed4.fsb.txt	3248	764	茜	Bed4_130_090_06_00	茜	/sound/voice/Bed4_130_090_06_00_00.ogg	unique_exact_anchor	exact	selected	1	same
bed4.fsb.txt	3254	766	茜	Bed4_130_100_02_00	茜	/sound/voice/Bed4_130_100_02_00_00.ogg	unique_exact_anchor	exact	selected	1	same
bed4.fsb.txt	3256	767	淳平	Bed4_130_100_03_00	淳平	/sound/voice/Bed4_130_100_03_00_00.ogg	unique_exact_anchor	exact	selected	1	same
bed4.fsb.txt	3258	768	茜	Bed4_130_100_04_00	茜	/sound/voice/Bed4_130_100_04_00_00.ogg	unique_exact_anchor	exact	selected	1	same
bed4.fsb.txt	3260	769	茜	Bed4_130_100_05_00	茜	/sound/voice/Bed4_130_100_05_00_00.ogg	unique_exact_anchor	exact	selected	1	same
bed4.fsb.txt	3262	770	茜	Bed4_130_100_06_00	茜	/sound/voice/Bed4_130_100_06_00_00.ogg	unique_exact_anchor	exact	selected	1	same
bed4.fsb.txt	3264	771	茜	Bed4_130_100_07_00	茜	/sound/voice/Bed4_130_100_07_00_00.ogg	unique_exact_anchor	exact	selected	1	same
bed4.fsb.txt	3266	772	茜	Bed4_130_100_08_00	茜	/sound/voice/Bed4_130_100_08_00_00.ogg	unique_exact_anchor	exact	selected	1	same
bed4.fsb.txt	3269	773	淳平	Bed4_130_110_01_00	淳平	/sound/voice/Bed4_130_110_01_00_00.ogg	unique_exact_anchor	exact	selected	1	same
bed4.fsb.txt	3271	774	淳平	Bed4_130_110_02_00	淳平	/sound/voice/Bed4_130_110_02_00_00.ogg	unique_exact_anchor	exact	selected	1	same
bed4.fsb.txt	3273	775	茜	Bed4_130_110_03_00	茜	/sound/voice/Bed4_130_110_03_00_00.ogg	unique_exact_anchor	exact	selected	1	same
bed4.fsb.txt	3275	776	茜	Bed4_130_110_04_00	茜	/sound/voice/Bed4_130_110_04_00_00.ogg	unique_exact_anchor	exact	selected	1	same
bed4.fsb.txt	3277	777	茜	Bed4_130_110_05_00	茜	/sound/voice/Bed4_130_110_05_00_00.ogg	unique_exact_anchor	exact	selected	1	same
bed4.fsb.txt	3296	781	ゼロ	Bed4_130_160_01_00	ゼロ	/sound/voice/Bed4_130_160_01_00_00.ogg	unique_exact_anchor	exact	selected	1	same
bed4.fsb.txt	3312	784	淳平	Bed4_130_170_01_00	淳平	/sound/voice/Bed4_130_170_01_00_00.ogg	unique_exact_anchor	exact	selected	1	same
bed4.fsb.txt	3325	786	ゼロ	Bed4_130_180_01_00	ゼロ	/sound/voice/Bed4_130_180_01_00_00.ogg	unique_exact_anchor	exact	selected	1	same
bed4.fsb.txt	3327	787	淳平	Bed4_130_180_02_00	淳平	/sound/voice/Bed4_130_180_02_00_00.ogg	unique_exact_anchor	exact	selected	1	same
bed4.fsb.txt	3329	788	ゼロ	Bed4_130_180_03_00	ゼロ	/sound/voice/Bed4_130_180_03_00_00.ogg	unique_exact_anchor	exact	selected	1	same
bed4.fsb.txt	3331	789	ゼロ	Bed4_130_180_04_00	ゼロ	/sound/voice/Bed4_130_180_04_00_00.ogg	unique_exact_anchor	exact	selected	1	same
bed4.fsb.txt	3337	790	淳平	Bed4_130_190_01_00	淳平	/sound/voice/Bed4_130_190_01_00_00.ogg	unique_exact_anchor	exact	selected	1	same
bed4.fsb.txt	3339	791	淳平	Bed4_130_190_02_00	淳平	/sound/voice/Bed4_130_190_02_00_00.ogg	unique_exact_anchor	exact	selected	1	same
bed4.fsb.txt	3341	792	ゼロ	Bed4_130_190_03_00	ゼロ	/sound/voice/Bed4_130_190_03_00_00.ogg	unique_exact_anchor	exact	selected	1	same
bed4.fsb.txt	3343	793	淳平	Bed4_130_190_04_00	淳平	/sound/voice/Bed4_130_190_04_00_00.ogg	unique_exact_anchor	exact	selected	1	same
bed4.fsb.txt	3345	794	ゼロ	Bed4_130_190_05_00	ゼロ	/sound/voice/Bed4_130_190_05_00_00.ogg	unique_exact_anchor	exact	selected	1	same
bed4.fsb.txt	3347	795	淳平	Bed4_130_190_06_00	淳平	/sound/voice/Bed4_130_190_06_00_00.ogg	unique_exact_anchor	exact	selected	1	same
bed4.fsb.txt	3349	796	ゼロ	Bed4_130_190_07_00	ゼロ	/sound/voice/Bed4_130_190_07_00_00.ogg	unique_exact_anchor	exact	selected	1	same
bed4.fsb.txt	3351	797	ゼロ	Bed4_130_190_08_00	ゼロ	/sound/voice/Bed4_130_190_08_00_00.ogg	unique_exact_anchor	exact	selected	1	same
bed4.fsb.txt	3353	798	ゼロ	Bed4_130_190_09_00	ゼロ	/sound/voice/Bed4_130_190_09_00_00.ogg	monotonic_tfidf	high	selected	1	same
bed4.fsb.txt	3355	799	淳平	Bed4_130_190_10_00	淳平	/sound/voice/Bed4_130_190_10_00_00.ogg	unique_exact_anchor	exact	selected	1	same
bed4.fsb.txt	3357	800	ゼロ	Bed4_130_190_11_00	ゼロ	/sound/voice/Bed4_130_190_11_00_00.ogg	unique_exact_anchor	exact	selected	1	same
bed4.fsb.txt	3359	801	淳平	Bed4_130_190_12_00	淳平	/sound/voice/Bed4_130_190_12_00_00.ogg	unique_exact_anchor	exact	selected	1	same
bed4.fsb.txt	3361	802	ゼロ	Bed4_130_190_13_00	ゼロ	/sound/voice/Bed4_130_190_13_00_00.ogg	unique_exact_anchor	exact	selected	1	same
bed4.fsb.txt	3363	803	ゼロ	Bed4_130_190_14_00	ゼロ	/sound/voice/Bed4_130_190_14_00_00.ogg	unique_exact_anchor	exact	selected	1	same
bed4.fsb.txt	3371	804	ゼロ	Bed4_130_200_01_00	ゼロ	/sound/voice/Bed4_130_200_01_00_00.ogg	unique_exact_anchor	exact	selected	1	same
bed4.fsb.txt	3373	805	淳平	Bed4_130_200_02_00	淳平	/sound/voice/Bed4_130_200_02_00_00.ogg	unique_exact_anchor	exact	selected	1	same
bed4.fsb.txt	3397	810	淳平	Bed4_130_210_01_00	淳平	/sound/voice/Bed4_130_210_01_00_00.ogg	unique_exact_anchor	exact	selected	1	same
bed4.fsb.txt	3444	820	淳平	Bed4_130_230_03_00	淳平	/sound/voice/Bed4_130_230_03_00_00.ogg	unique_exact_anchor	exact	selected	1	same
bed4.fsb.txt	3455	824	淳平	Bed4_130_250_01_00	淳平	/sound/voice/Bed4_130_250_01_00_00.ogg	unique_exact_anchor	exact	selected	1	same
bed4.fsb.txt	3457	825	淳平	Bed4_130_250_02_00	淳平	/sound/voice/Bed4_130_250_02_00_00.ogg	unique_exact_anchor	exact	selected	1	same
bed4.fsb.txt	3459	826	淳平	Bed4_130_250_03_00	淳平	/sound/voice/Bed4_130_250_03_00_00.ogg	unique_exact_anchor	exact	selected	1	same
bed4.fsb.txt	3463	827	淳平	Bed4_130_250_04_00	淳平	/sound/voice/Bed4_130_250_04_00_00.ogg	monotonic_tfidf	exact	selected	1	same
bed4.fsb.txt	3467	828	淳平	Bed4_130_250_05_00	淳平	/sound/voice/Bed4_130_250_05_00_00.ogg	monotonic_tfidf	exact	selected	1	same
bed4.fsb.txt	3470	829	淳平	Bed4_130_250_06_00	淳平	/sound/voice/Bed4_130_250_06_00_00.ogg	monotonic_tfidf	exact	selected	1	same
bed4.fsb.txt	3479	830	淳平	Bed4_130_250_07_00	淳平	/sound/voice/Bed4_130_250_07_00_00.ogg	unique_exact_anchor	exact	selected	1	same
c21b.fsb.txt	21	0	淳平	C21b_010_010_01_00	淳平	/sound/voice/C21b_010_010_01_00_00.ogg	monotonic_tfidf	high	selected	1	same
c21b.fsb.txt	24	1	サンタ	C21b_010_010_02_00	サンタ	/sound/voice/C21b_010_010_02_00_00.ogg	unique_exact_anchor	exact	selected	1	same
c21b.fsb.txt	26	2	サンタ	C21b_010_010_03_00	サンタ	/sound/voice/C21b_010_010_03_00_00.ogg	unique_exact_anchor	exact	selected	1	same
c21b.fsb.txt	28	3	淳平	C21b_010_010_04_00	淳平	/sound/voice/C21b_010_010_04_00_00.ogg	unique_exact_anchor	exact	selected	1	same
c21b.fsb.txt	35	6	淳平	C21b_010_011_03_00	淳平	/sound/voice/C21b_010_011_03_00_00.ogg	monotonic_tfidf	high	selected	1	same
c21b.fsb.txt	37	7	サンタ	C21b_010_011_04_00	サンタ	/sound/voice/C21b_010_011_04_00_00.ogg	unique_exact_anchor	exact	selected	1	same
c21b.fsb.txt	39	8	淳平	C21b_010_011_05_00	淳平	/sound/voice/C21b_010_011_05_00_00.ogg | /sound/voice/C21b_010_011_05_00_01.ogg	monotonic_tfidf	high	selected	1	same
c21b.fsb.txt	64	15	淳平	C21b_010_030_02_00	淳平	/sound/voice/C21b_010_030_02_00_00.ogg	unique_exact_anchor	exact	selected	1	same
c21b.fsb.txt	66	16	淳平	C21b_010_030_03_00	淳平	/sound/voice/C21b_010_030_03_00_00.ogg	unique_exact_anchor	exact	selected	1	same
c21b.fsb.txt	69	17	セブン	C21b_010_030_04_00	セブン	/sound/voice/C21b_010_030_04_00_00.ogg	monotonic_tfidf	review	selected	1	same
c21b.fsb.txt	71	18	淳平	C21b_010_030_05_00	淳平	/sound/voice/C21b_010_030_05_00_00.ogg	unique_exact_anchor	exact	selected	1	same
c21b.fsb.txt	87	20	セブン	C21b_010_040_01_00	セブン	/sound/voice/C21b_010_040_01_00_00.ogg	unique_exact_anchor	exact	selected	1	same
c21b.fsb.txt	89	21	淳平	C21b_010_040_02_00	淳平	/sound/voice/C21b_010_040_02_00_00.ogg	unique_exact_anchor	exact	selected	1	same
c21b.fsb.txt	97	23	淳平	C21b_010_040_04_00	淳平	/sound/voice/C21b_010_040_04_00_00.ogg	unique_exact_anchor	exact	selected	1	same
c21b.fsb.txt	104	24	紫	C21b_010_050_01_00	紫	/sound/voice/C21b_010_050_01_00_00.ogg	unique_exact_anchor	exact	selected	1	same
c21b.fsb.txt	108	26	淳平	C21b_010_050_03_00	淳平	/sound/voice/C21b_010_050_03_00_00.ogg	unique_exact_anchor	exact	selected	1	same
c21b.fsb.txt	110	27	セブン	C21b_010_050_04_00	セブン	/sound/voice/C21b_010_050_04_00_00.ogg	extended_same_speaker	medium	selected	1	same
c21b.fsb.txt	118	28	サンタ	C21b_010_050_05_00	サンタ	/sound/voice/C21b_010_050_05_00_00.ogg	unique_exact_anchor	exact	selected	1	same
c21b.fsb.txt	120	29	八代	C21b_010_050_06_00	八代	/sound/voice/C21b_010_050_06_00_00.ogg	unique_exact_anchor	exact	selected	1	same
c21b.fsb.txt	125	31	淳平	C21b_010_050_08_00	淳平	/sound/voice/C21b_010_050_08_00_00.ogg	unique_exact_anchor	exact	selected	1	same
c21b.fsb.txt	127	32	紫	C21b_010_050_09_00	紫	/sound/voice/C21b_010_050_09_00_00.ogg	unique_exact_anchor	exact	selected	1	same
c21b.fsb.txt	158	37	淳平	C21b_010_070_02_00	淳平	/sound/voice/C21b_010_070_02_00_00.ogg	unique_exact_anchor	exact	selected	1	same
c21b.fsb.txt	166	38	八代	C21b_010_080_01_00	八代	/sound/voice/C21b_010_080_01_00_00.ogg	unique_exact_anchor	exact	selected	1	same
c21b.fsb.txt	168	39	淳平	C21b_010_080_02_00	淳平	/sound/voice/C21b_010_080_02_00_00.ogg	unique_exact_anchor	exact	selected	1	same
c21b.fsb.txt	170	40	八代	C21b_010_080_03_00	八代	/sound/voice/C21b_010_080_03_00_00.ogg	unique_exact_anchor	exact	selected	1	same
c21b.fsb.txt	172	41	淳平	C21b_010_080_04_00	淳平	/sound/voice/C21b_010_080_04_00_00.ogg	unique_exact_anchor	exact	selected	1	same
c21b.fsb.txt	174	42	八代	C21b_010_080_05_00	八代	/sound/voice/C21b_010_080_05_00_00.ogg	unique_exact_anchor	exact	selected	1	same
c21b.fsb.txt	176	43	淳平	C21b_010_080_06_00	淳平	/sound/voice/C21b_010_080_06_00_00.ogg	unique_exact_anchor	exact	selected	1	same
c21b.fsb.txt	178	44	八代	C21b_010_080_07_00	八代	/sound/voice/C21b_010_080_07_00_00.ogg	unique_exact_anchor	exact	selected	1	same
c21b.fsb.txt	180	45	淳平	C21b_010_080_08_00	淳平	/sound/voice/C21b_010_080_08_00_00.ogg	unique_exact_anchor	exact	selected	1	same
c21b.fsb.txt	182	46	淳平	C21b_010_080_09_00	淳平	/sound/voice/C21b_010_080_09_00_00.ogg	unique_exact_anchor	exact	selected	1	same
c21b.fsb.txt	184	47	八代	C21b_010_080_10_00	八代	/sound/voice/C21b_010_080_10_00_00.ogg	unique_exact_anchor	exact	selected	1	same
c21b.fsb.txt	186	48	淳平	C21b_010_080_11_00	淳平	/sound/voice/C21b_010_080_11_00_00.ogg	unique_exact_anchor	exact	selected	1	same
c21b.fsb.txt	188	49	八代	C21b_010_080_12_00	八代	/sound/voice/C21b_010_080_12_00_00.ogg	unique_exact_anchor	exact	selected	1	same
c21b.fsb.txt	190	50	淳平	C21b_010_080_13_00	淳平	/sound/voice/C21b_010_080_13_00_00.ogg	unique_exact_anchor	exact	selected	1	same
c21b.fsb.txt	195	51	サンタ	C21b_010_081_01_00	サンタ	/sound/voice/C21b_010_081_01_00_00.ogg	unique_exact_anchor	exact	selected	1	same
c21b.fsb.txt	197	52	淳平	C21b_010_081_02_00	淳平	/sound/voice/C21b_010_081_02_00_00.ogg | /sound/voice/C21b_010_081_02_00_01.ogg	monotonic_tfidf	high	selected	1	same
c21b.fsb.txt	200	53	サンタ	C21b_010_081_03_00	サンタ	/sound/voice/C21b_010_081_03_00_00.ogg	unique_exact_anchor	exact	selected	1	same
c21b.fsb.txt	202	54	淳平	C21b_010_081_04_00	淳平	/sound/voice/C21b_010_081_04_00_00.ogg	unique_exact_anchor	exact	selected	1	same
c21b.fsb.txt	204	55	淳平	C21b_010_081_05_00	淳平	/sound/voice/C21b_010_081_05_00_00.ogg	unique_exact_anchor	exact	selected	1	same
c21b.fsb.txt	206	56	淳平	C21b_010_081_06_00	淳平	/sound/voice/C21b_010_081_06_00_00.ogg	unique_exact_anchor	exact	selected	1	same
c21b.fsb.txt	208	57	淳平	C21b_010_081_07_00	淳平	/sound/voice/C21b_010_081_07_00_00.ogg	unique_exact_anchor	exact	selected	1	same
c21b.fsb.txt	215	59	サンタ	C21b_010_082_01_00	サンタ	/sound/voice/C21b_010_082_01_00_00.ogg	unique_exact_anchor	exact	selected	1	same
c21b.fsb.txt	217	60	サンタ	C21b_010_082_02_00	サンタ	/sound/voice/C21b_010_082_02_00_00.ogg	unique_exact_anchor	exact	selected	1	same
c21b.fsb.txt	219	61	淳平	C21b_010_082_03_00	淳平	/sound/voice/C21b_010_082_03_00_00.ogg	unique_exact_anchor	exact	selected	1	same
c21b.fsb.txt	221	62	サンタ	C21b_010_082_04_00	サンタ	/sound/voice/C21b_010_082_04_00_00.ogg	unique_exact_anchor	exact	selected	1	same
c21b.fsb.txt	234	64	紫	C21b_010_083_01_00	紫	/sound/voice/C21b_010_083_01_00_00.ogg	unique_exact_anchor	exact	selected	1	same
c21b.fsb.txt	236	65	サンタ	C21b_010_083_02_00	サンタ	/sound/voice/C21b_010_083_02_00_00.ogg	unique_exact_anchor	exact	selected	1	same
c21b.fsb.txt	238	66	サンタ	C21b_010_083_03_00	サンタ	/sound/voice/C21b_010_083_03_00_00.ogg	unique_exact_anchor	exact	selected	1	same
c21b.fsb.txt	250	69	淳平	C21b_010_090_03_00	淳平	/sound/voice/C21b_010_090_03_00_00.ogg	unique_exact_anchor	exact	selected	1	same
c21b.fsb.txt	252	70	淳平	C21b_010_090_04_00	淳平	/sound/voice/C21b_010_090_04_00_00.ogg | /sound/voice/C21b_010_090_04_00_01.ogg	monotonic_tfidf	high	selected	1	same
c21b.fsb.txt	256	71	サンタ	C21b_010_091_01_00	サンタ	/sound/voice/C21b_010_091_01_00_00.ogg	unique_exact_anchor	exact	selected	1	same
c21b.fsb.txt	265	75	八代	C21b_010_091_05_00	八代	/sound/voice/C21b_010_091_05_00_00.ogg	monotonic_tfidf	review	selected	1	same
c21b.fsb.txt	293	81	八代	C21b_010_101_03_00	八代	/sound/voice/C21b_010_101_03_00_00.ogg	unique_exact_anchor	exact	selected	1	same
c21b.fsb.txt	298	83	サンタ	C21b_010_101_05_00	サンタ	/sound/voice/C21b_010_101_05_00_00.ogg	unique_exact_anchor	exact	selected	1	same
c21b.fsb.txt	318	85	サンタ	C21b_010_110_01_00	サンタ	/sound/voice/C21b_010_110_01_00_00.ogg	unique_exact_anchor	exact	selected	1	same
c21b.fsb.txt	324	87	淳平	C21b_010_110_03_00	淳平	/sound/voice/C21b_010_110_03_00_00.ogg	unique_exact_anchor	exact	selected	1	same
c21b.fsb.txt	349	92	淳平	C21b_010_120_04_00	淳平	/sound/voice/C21b_010_120_04_00_00.ogg	unique_exact_anchor	exact	selected	1	same
c21b.fsb.txt	389	98	サンタ	C21b_020_010_01_00	サンタ	/sound/voice/C21b_020_010_01_00_00.ogg	unique_exact_anchor	exact	selected	1	same
c21b.fsb.txt	396	100	サンタ	C21b_020_010_03_00	サンタ	/sound/voice/C21b_020_010_03_00_00.ogg	unique_exact_anchor	exact	selected	1	same
c21b.fsb.txt	405	101	セブン	C21b_020_011_01_00	セブン	/sound/voice/C21b_020_011_01_00_00.ogg	unique_exact_anchor	exact	selected	1	same
c21b.fsb.txt	410	103	セブン	C21b_020_011_03_00	セブン	/sound/voice/C21b_020_011_03_00_00.ogg	unique_exact_anchor	exact	selected	1	same
c21b.fsb.txt	429	107	セブン	C21b_020_020_04_00	セブン	/sound/voice/C21b_020_020_04_00_00.ogg	unique_exact_anchor	exact	selected	1	same
c21b.fsb.txt	470	119	淳平	C21b_020_040_04_00	淳平	/sound/voice/C21b_020_040_04_00_00.ogg	unique_exact_anchor	exact	selected	1	same
c21b.fsb.txt	479	122	淳平	C21b_020_041_03_00	淳平	/sound/voice/C21b_020_041_03_00_00.ogg	monotonic_tfidf	medium	selected	1	same
c21b.fsb.txt	484	124	セブン	C21b_020_041_05_10	セブン	/sound/voice/C21b_020_041_05_10_00.ogg	monotonic_tfidf	high	selected	1	same
c21b.fsb.txt	503	129	セブン	C21b_020_050_04_00	セブン	/sound/voice/C21b_020_050_04_00_00.ogg	unique_exact_anchor	exact	selected	1	same
c21b.fsb.txt	576	135	セブン	C21b_030_010_01_00	セブン	/sound/voice/C21b_030_010_01_00_00.ogg	unique_exact_anchor	exact	selected	1	same
c21b.fsb.txt	578	136	紫	C21b_030_010_02_00	紫	/sound/voice/C21b_030_010_02_00_00.ogg	unique_exact_anchor	exact	selected	1	same
c21b.fsb.txt	580	137	サンタ	C21b_030_010_03_00	サンタ	/sound/voice/C21b_030_010_03_00_00.ogg	unique_exact_anchor	exact	selected	1	same
c21b.fsb.txt	589	139	セブン	C21b_030_011_01_00	セブン	/sound/voice/C21b_030_011_01_00_00.ogg	monotonic_tfidf	medium	selected	1	same
c21b.fsb.txt	591	140	セブン	C21b_030_011_02_00	セブン	/sound/voice/C21b_030_011_02_00_00.ogg	monotonic_tfidf	review	selected	1	same
c21b.fsb.txt	600	142	サンタ	C21b_030_012_01_00	サンタ	/sound/voice/C21b_030_012_01_00_00.ogg	unique_exact_anchor	exact	selected	1	same
c21b.fsb.txt	605	144	サンタ	C21b_030_012_03_00	サンタ	/sound/voice/C21b_030_012_03_00_00.ogg	monotonic_tfidf	medium	selected	1	same
c21b.fsb.txt	607	145	サンタ	C21b_030_012_04_00	サンタ	/sound/voice/C21b_030_012_04_00_00.ogg	unique_exact_anchor	exact	selected	1	same
c21b.fsb.txt	627	150	セブン	C21b_030_014_01_00	セブン	/sound/voice/C21b_030_014_01_00_00.ogg	unique_exact_anchor	exact	selected	1	same
c21b.fsb.txt	629	151	セブン	C21b_030_014_02_00	セブン	/sound/voice/C21b_030_014_02_00_00.ogg	unique_exact_anchor	exact	selected	1	same
c21b.fsb.txt	670	157	紫	C21b_030_040_01_00	紫	/sound/voice/C21b_030_040_01_00_00.ogg	unique_exact_anchor	exact	selected	1	same
c21b.fsb.txt	698	167	セブン	C21b_030_043_01_00	セブン	/sound/voice/C21b_030_043_01_00_00.ogg	unique_exact_anchor	exact	selected	1	same
c21b.fsb.txt	703	169	セブン	C21b_030_043_03_00	セブン	/sound/voice/C21b_030_043_03_00_00.ogg	unique_exact_anchor	exact	selected	1	same
c21b.fsb.txt	705	170	セブン	C21b_030_043_04_00	セブン	/sound/voice/C21b_030_043_04_00_00.ogg	unique_exact_anchor	exact	selected	1	same
c21b.fsb.txt	736	180	サンタ	C21b_030_060_01_00	サンタ	/sound/voice/C21b_030_060_01_00_00.ogg	unique_exact_anchor	exact	selected	1	same
c21b.fsb.txt	743	182	淳平	C21b_030_060_03_00	淳平	/sound/voice/C21b_030_060_03_00_00.ogg	unique_exact_anchor	exact	selected	1	same
c21b.fsb.txt	748	184	淳平	C21b_030_060_05_00	淳平	/sound/voice/C21b_030_060_05_00_00.ogg	unique_exact_anchor	exact	selected	1	same
c21b.fsb.txt	761	185	紫	C21b_030_070_01_00	紫	/sound/voice/C21b_030_070_01_00_00.ogg	monotonic_tfidf	exact	selected	1	same
c21b.fsb.txt	770	187	紫	C21b_030_071_01_00	紫	/sound/voice/C21b_030_071_01_00_00.ogg	unique_exact_anchor	exact	selected	1	same
c21b.fsb.txt	772	188	紫	C21b_030_071_02_00	紫	/sound/voice/C21b_030_071_02_00_00.ogg	monotonic_tfidf	exact	selected	1	same
c21b.fsb.txt	838	194	紫	C21b_030_073_01_00	紫	/sound/voice/C21b_030_073_01_00_00.ogg	unique_exact_anchor	exact	selected	1	same
c21b.fsb.txt	874	196	紫	C21b_030_074_01_00	紫	/sound/voice/C21b_030_074_01_00_00.ogg	unique_exact_anchor	exact	selected	1	same
c21b.fsb.txt	899	198	紫	C21b_030_080_01_00	紫	/sound/voice/C21b_030_080_01_00_00.ogg	unique_exact_anchor	exact	selected	1	same
c21b.fsb.txt	912	200	紫	C21b_030_090_01_00	紫	/sound/voice/C21b_030_090_01_00_00.ogg	unique_exact_anchor	exact	selected	1	same
c21b.fsb.txt	950	208	淳平	C21b_030_110_02_00	淳平	/sound/voice/C21b_030_110_02_00_00.ogg	unique_exact_anchor	exact	selected	1	same
c21b.fsb.txt	952	209	淳平	C21b_030_110_03_00	淳平	/sound/voice/C21b_030_110_03_00_00.ogg	unique_exact_anchor	exact	selected	1	same
c21b.fsb.txt	958	211	淳平	C21b_030_111_02_00	淳平	/sound/voice/C21b_030_111_02_00_00.ogg	unique_exact_anchor	exact	selected	1	same
c21b.fsb.txt	963	213	紫	C21b_030_111_04_00	紫	/sound/voice/C21b_030_111_04_00_00.ogg	unique_exact_anchor	exact	selected	1	same
c21b.fsb.txt	965	214	紫	C21b_030_111_05_00	紫	/sound/voice/C21b_030_111_05_00_00.ogg	unique_exact_anchor	exact	selected	1	same
c21b.fsb.txt	976	218	淳平	C21b_030_113_01_00	淳平	/sound/voice/C21b_030_113_01_00_00.ogg	unique_exact_anchor	exact	selected	1	same
c21b.fsb.txt	978	219	紫	C21b_030_113_02_00	紫	/sound/voice/C21b_030_113_02_00_00.ogg	unique_exact_anchor	exact	selected	1	same
c21b.fsb.txt	980	220	紫	C21b_030_113_03_00	紫	/sound/voice/C21b_030_113_03_00_00.ogg	unique_exact_anchor	exact	selected	1	same
c21b.fsb.txt	982	221	紫	C21b_030_113_04_00	紫	/sound/voice/C21b_030_113_04_00_00.ogg	unique_exact_anchor	exact	selected	1	same
c21b.fsb.txt	984	222	紫	C21b_030_113_05_00	紫	/sound/voice/C21b_030_113_05_00_00.ogg	unique_exact_anchor	exact	selected	1	same
c21d.fsb.txt	26	3	サンタ	C21d_010_010_04_00	サンタ	/sound/voice/C21d_010_010_04_00_00.ogg	unique_exact_anchor	exact	selected	1	same
c21d.fsb.txt	28	4	サンタ	C21d_010_010_05_00	サンタ	/sound/voice/C21d_010_010_05_00_00.ogg	monotonic_tfidf	medium	selected	1	same
c21d.fsb.txt	36	6	淳平	C21d_010_011_02_00	淳平	/sound/voice/C21d_010_011_02_00_00.ogg	unique_exact_anchor	exact	selected	1	same
c21d.fsb.txt	38	7	サンタ	C21d_010_011_03_00	サンタ	/sound/voice/C21d_010_011_03_00_00.ogg	unique_exact_anchor	exact	selected	1	same
c21d.fsb.txt	40	8	サンタ	C21d_010_011_04_00	サンタ	/sound/voice/C21d_010_011_04_00_00.ogg	unique_exact_anchor	exact	selected	1	same
c21d.fsb.txt	42	9	サンタ	C21d_010_011_05_00	サンタ	/sound/voice/C21d_010_011_05_00_00.ogg	unique_exact_anchor	exact	selected	1	same
c21d.fsb.txt	44	10	サンタ	C21d_010_011_06_00	サンタ	/sound/voice/C21d_010_011_06_00_00.ogg	unique_exact_anchor	exact	selected	1	same
c21d.fsb.txt	50	12	淳平	C21d_010_012_03_00	淳平	/sound/voice/C21d_010_012_03_00_00.ogg	unique_exact_anchor	exact	selected	1	same
c21d.fsb.txt	58	14	サンタ	C21d_010_013_01_00	サンタ	/sound/voice/C21d_010_013_01_00_00.ogg	unique_exact_anchor	exact	selected	1	same
c21d.fsb.txt	60	15	サンタ	C21d_010_013_02_00	サンタ	/sound/voice/C21d_010_013_02_00_00.ogg	unique_exact_anchor	exact	selected	1	same
c21d.fsb.txt	62	16	サンタ	C21d_010_013_03_00	サンタ	/sound/voice/C21d_010_013_03_00_00.ogg	unique_exact_anchor	exact	selected	1	same
c21d.fsb.txt	64	17	淳平	C21d_010_013_04_00	淳平	/sound/voice/C21d_010_013_04_00_00.ogg	unique_exact_anchor	exact	selected	1	same
c21d.fsb.txt	66	18	サンタ	C21d_010_013_05_00	サンタ	/sound/voice/C21d_010_013_05_00_00.ogg	unique_exact_anchor	exact	selected	1	same
c21d.fsb.txt	68	19	サンタ	C21d_010_013_06_00	サンタ	/sound/voice/C21d_010_013_06_00_00.ogg	unique_exact_anchor	exact	selected	1	same
c21d.fsb.txt	70	20	淳平	C21d_010_013_07_00	淳平	/sound/voice/C21d_010_013_07_00_00.ogg	unique_exact_anchor	exact	selected	1	same
c21d.fsb.txt	89	24	淳平	C21d_010_020_03_00	淳平	/sound/voice/C21d_010_020_03_00_00.ogg	unique_exact_anchor	exact	selected	1	same
c21d.fsb.txt	100	26	淳平	C21d_010_030_02_00	淳平	/sound/voice/C21d_010_030_02_00_00.ogg	unique_exact_anchor	exact	selected	1	same
c21d.fsb.txt	106	29	サンタ	C21d_010_030_05_00	サンタ	/sound/voice/C21d_010_030_05_00_00.ogg	unique_exact_anchor	exact	selected	1	same
c21d.fsb.txt	136	34	紫	C21d_030_010_04_00	紫	/sound/voice/C21d_030_010_04_00_00.ogg	unique_exact_anchor	exact	selected	1	same
c21d.fsb.txt	138	35	淳平	C21d_030_010_05_00	淳平	/sound/voice/C21d_030_010_05_00_00.ogg	unique_exact_anchor	exact	selected	1	same
c21d.fsb.txt	152	38	紫	C21d_030_020_03_00	紫	/sound/voice/C21d_030_020_03_00_00.ogg	unique_exact_anchor	exact	selected	1	same
c21d.fsb.txt	154	39	紫	C21d_030_020_04_00	紫	/sound/voice/C21d_030_020_04_00_00.ogg	unique_exact_anchor	exact	selected	1	same
c21d.fsb.txt	156	40	淳平	C21d_030_020_05_00	淳平	/sound/voice/C21d_030_020_05_00_00.ogg	unique_exact_anchor	exact	selected	1	same
c21d.fsb.txt	158	41	紫	C21d_030_020_06_00	紫	/sound/voice/C21d_030_020_06_00_00.ogg	unique_exact_anchor	exact	selected	1	same
c21d.fsb.txt	160	42	紫	C21d_030_020_07_00	紫	/sound/voice/C21d_030_020_07_00_00.ogg	unique_exact_anchor	exact	selected	1	same
c21d.fsb.txt	162	43	淳平	C21d_030_020_08_00	淳平	/sound/voice/C21d_030_020_08_00_00.ogg	unique_exact_anchor	exact	selected	1	same
c21d.fsb.txt	165	44	紫	C21d_030_020_09_00	紫	/sound/voice/C21d_030_020_09_00_00.ogg	unique_exact_anchor	exact	selected	1	same
c21d.fsb.txt	172	46	紫	C21d_030_021_01_00	紫	/sound/voice/C21d_030_021_01_00_00.ogg	unique_exact_anchor	exact	selected	1	same
c21d.fsb.txt	177	48	淳平	C21d_030_021_03_00	淳平	/sound/voice/C21d_030_021_03_00_00.ogg	unique_exact_anchor	exact	selected	1	same
c21d.fsb.txt	179	49	淳平	C21d_030_021_04_00	淳平	/sound/voice/C21d_030_021_04_00_00.ogg	unique_exact_anchor	exact	selected	1	same
c21d.fsb.txt	230	60	紫	C21d_030_050_01_00	紫	/sound/voice/C21d_030_050_01_00_00.ogg	unique_exact_anchor	exact	selected	1	same
c21d.fsb.txt	232	61	紫	C21d_030_050_02_00	紫	/sound/voice/C21d_030_050_02_00_00.ogg	unique_exact_anchor	exact	selected	1	same
c21d.fsb.txt	234	62	紫	C21d_030_050_03_00	紫	/sound/voice/C21d_030_050_03_00_00.ogg	unique_exact_anchor	exact	selected	1	same
c21d.fsb.txt	236	63	紫	C21d_030_050_04_00	紫	/sound/voice/C21d_030_050_04_00_00.ogg	unique_exact_anchor	exact	selected	1	same
c21d.fsb.txt	238	64	淳平	C21d_030_050_05_00	淳平	/sound/voice/C21d_030_050_05_00_00.ogg	unique_exact_anchor	exact	selected	1	same
c21d.fsb.txt	240	65	淳平	C21d_030_050_06_00	淳平	/sound/voice/C21d_030_050_06_00_00.ogg	unique_exact_anchor	exact	selected	1	same
c21d.fsb.txt	244	66	紫	C21d_030_051_01_00	紫	/sound/voice/C21d_030_051_01_00_00.ogg	unique_exact_anchor	exact	selected	1	same
c21d.fsb.txt	248	68	紫	C21d_030_051_03_00	紫	/sound/voice/C21d_030_051_03_00_00.ogg	unique_exact_anchor	exact	selected	1	same
c21d.fsb.txt	250	69	淳平	C21d_030_051_04_00	淳平	/sound/voice/C21d_030_051_04_00_00.ogg	unique_exact_anchor	exact	selected	1	same
c21d.fsb.txt	300	82	淳平	C21d_030_080_01_00	淳平	/sound/voice/C21d_030_080_01_00_00.ogg	unique_exact_anchor	exact	selected	1	same
c21d.fsb.txt	302	83	淳平	C21d_030_080_02_00	淳平	/sound/voice/C21d_030_080_02_00_00.ogg	unique_exact_anchor	exact	selected	1	same
c21d.fsb.txt	309	84	紫	C21d_030_090_01_00	紫	/sound/voice/C21d_030_090_01_00_00.ogg	unique_exact_anchor	exact	selected	1	same
c21d.fsb.txt	311	85	紫	C21d_030_090_02_00	紫	/sound/voice/C21d_030_090_02_00_00.ogg	unique_exact_anchor	exact	selected	1	same
c21d.fsb.txt	315	87	淳平	C21d_030_090_04_00	淳平	/sound/voice/C21d_030_090_04_00_00.ogg	unique_exact_anchor	exact	selected	1	same
c21d.fsb.txt	318	88	紫	C21d_030_090_05_00	紫	/sound/voice/C21d_030_090_05_00_00.ogg	unique_exact_anchor	exact	selected	1	same
c21d.fsb.txt	324	90	淳平	C21d_030_091_01_00	淳平	/sound/voice/C21d_030_091_01_00_00.ogg	unique_exact_anchor	exact	selected	1	same
c21d.fsb.txt	326	91	淳平	C21d_030_091_02_00	淳平	/sound/voice/C21d_030_091_02_00_00.ogg | /sound/voice/C21d_030_091_02_00_01.ogg	monotonic_tfidf	high	selected	1	same
c21d.fsb.txt	328	92	淳平	C21d_030_091_03_00	淳平	/sound/voice/C21d_030_091_03_00_00.ogg	unique_exact_anchor	exact	selected	1	same
c21d.fsb.txt	330	93	紫	C21d_030_091_04_00	紫	/sound/voice/C21d_030_091_04_00_00.ogg	unique_exact_anchor	exact	selected	1	same
c21d.fsb.txt	332	94	紫	C21d_030_091_05_00	紫	/sound/voice/C21d_030_091_05_00_00.ogg	unique_exact_anchor	exact	selected	1	same
c21d.fsb.txt	336	95	紫	C21d_030_091_06_00	紫	/sound/voice/C21d_030_091_06_00_00.ogg	unique_exact_anchor	exact	selected	1	same
c21d.fsb.txt	342	97	紫	C21d_030_092_01_00	紫	/sound/voice/C21d_030_092_01_00_00.ogg	unique_exact_anchor	exact	selected	1	same
c21d.fsb.txt	347	99	紫	C21d_030_092_03_00	紫	/sound/voice/C21d_030_092_03_00_00.ogg	unique_exact_anchor	exact	selected	1	same
c21d.fsb.txt	349	100	淳平	C21d_030_092_04_00	淳平	/sound/voice/C21d_030_092_04_00_00.ogg	unique_exact_anchor	exact	selected	1	same
c21d.fsb.txt	351	101	紫	C21d_030_092_05_00	紫	/sound/voice/C21d_030_092_05_00_00.ogg	unique_exact_anchor	exact	selected	1	same
c21d.fsb.txt	353	102	淳平	C21d_030_092_06_00	淳平	/sound/voice/C21d_030_092_06_00_00.ogg	unique_exact_anchor	exact	selected	1	same
c21d.fsb.txt	355	103	淳平	C21d_030_092_07_00	淳平	/sound/voice/C21d_030_092_07_00_00.ogg	unique_exact_anchor	exact	selected	1	same
c21d.fsb.txt	357	104	淳平	C21d_030_092_08_00	淳平	/sound/voice/C21d_030_092_08_00_00.ogg	unique_exact_anchor	exact	selected	1	same
c21d.fsb.txt	361	105	紫	C21d_030_093_01_00	紫	/sound/voice/C21d_030_093_01_00_00.ogg	unique_exact_anchor	exact	selected	1	same
c21d.fsb.txt	363	106	淳平	C21d_030_093_02_00	淳平	/sound/voice/C21d_030_093_02_00_00.ogg	unique_exact_anchor	exact	selected	1	same
c21d.fsb.txt	381	112	淳平	C21d_030_094_02_00	淳平	/sound/voice/C21d_030_094_02_00_00.ogg	unique_exact_anchor	exact	selected	1	same
c21d.fsb.txt	383	113	淳平	C21d_030_094_03_00	淳平	/sound/voice/C21d_030_094_03_00_00.ogg	unique_exact_anchor	exact	selected	1	same
c21d.fsb.txt	386	114	紫	C21d_030_094_04_00	紫	/sound/voice/C21d_030_094_04_00_00.ogg	unique_exact_anchor	exact	selected	1	same
c21e.fsb.txt	27	4	淳平	C21e_010_020_02_00	淳平	/sound/voice/C21e_010_020_02_00_00.ogg	unique_exact_anchor	exact	selected	1	same
c21e.fsb.txt	34	5	セブン	C21e_010_030_01_00	セブン	/sound/voice/C21e_010_030_01_00_00.ogg	unique_exact_anchor	exact	selected	1	same
c21e.fsb.txt	36	6	セブン	C21e_010_030_02_00	セブン	/sound/voice/C21e_010_030_02_00_00.ogg	unique_exact_anchor	exact	selected	1	same
c21e.fsb.txt	63	11	紫	C21e_010_060_02_00	紫	/sound/voice/C21e_010_060_02_00_00.ogg	unique_exact_anchor	exact	selected	1	same
c21e.fsb.txt	84	15	淳平	C21e_010_080_01_00	淳平	/sound/voice/C21e_010_080_01_00_00.ogg	unique_exact_anchor	exact	selected	1	same
c21e.fsb.txt	116	23	サンタ	C21e_010_100_05_00	サンタ	/sound/voice/C21e_010_100_05_00_00.ogg	unique_exact_anchor	exact	selected	1	same
c21e.fsb.txt	190	37	八代	C21e_020_030_01_00	八代	/sound/voice/C21e_020_030_01_00_00.ogg	unique_exact_anchor	exact	selected	1	same
c21e.fsb.txt	209	42	セブン	C21e_020_040_01_00	セブン	/sound/voice/C21e_020_040_01_00_00.ogg	unique_exact_anchor	exact	selected	1	same
c21e.fsb.txt	217	45	八代	C21e_020_050_01_00	八代	/sound/voice/C21e_020_050_01_00_00.ogg	unique_exact_anchor	exact	selected	1	same
c21e.fsb.txt	219	46	セブン	C21e_020_050_02_00	セブン	/sound/voice/C21e_020_050_02_00_00.ogg	unique_exact_anchor	exact	selected	1	same
c21e.fsb.txt	221	47	八代	C21e_020_050_03_00	八代	/sound/voice/C21e_020_050_03_00_00.ogg	unique_exact_anchor	exact	selected	1	same
c21e.fsb.txt	223	48	セブン	C21e_020_050_04_00	セブン	/sound/voice/C21e_020_050_04_00_00.ogg	unique_exact_anchor	exact	selected	1	same
c21e.fsb.txt	225	49	セブン	C21e_020_050_05_00	セブン	/sound/voice/C21e_020_050_05_00_00.ogg	unique_exact_anchor	exact	selected	1	same
c21e.fsb.txt	227	50	セブン	C21e_020_050_06_00	セブン	/sound/voice/C21e_020_050_06_00_00.ogg	unique_exact_anchor	exact	selected	1	same
c21e.fsb.txt	233	52	八代	C21e_020_060_02_00	八代	/sound/voice/C21e_020_060_02_00_00.ogg	unique_exact_anchor	exact	selected	1	same
c21e.fsb.txt	235	53	セブン	C21e_020_060_03_00	セブン	/sound/voice/C21e_020_060_03_00_00.ogg	unique_exact_anchor	exact	selected	1	same
c21e.fsb.txt	237	54	八代	C21e_020_060_04_00	八代	/sound/voice/C21e_020_060_04_00_00.ogg	unique_exact_anchor	exact	selected	1	same
c21e.fsb.txt	239	55	セブン	C21e_020_060_05_00	セブン	/sound/voice/C21e_020_060_05_00_00.ogg	unique_exact_anchor	exact	selected	1	same
c21e.fsb.txt	253	58	一宮	C21e_020_080_01_00	一宮	/sound/voice/C21e_020_080_01_00_00.ogg	unique_exact_anchor	exact	selected	1	same
c21e.fsb.txt	255	59	一宮	C21e_020_080_02_00	一宮	/sound/voice/C21e_020_080_02_00_00.ogg	unique_exact_anchor	exact	selected	1	same
c21e.fsb.txt	257	60	一宮	C21e_020_080_03_00	一宮	/sound/voice/C21e_020_080_03_00_00.ogg	unique_exact_anchor	exact	selected	1	same
c21e.fsb.txt	263	62	一宮	C21e_020_090_02_00	一宮	/sound/voice/C21e_020_090_02_00_00.ogg	unique_exact_anchor	exact	selected	1	same
c21e.fsb.txt	268	64	一宮	C21e_020_090_04_00	一宮	/sound/voice/C21e_020_090_04_00_00.ogg	unique_exact_anchor	exact	selected	1	same
c21e.fsb.txt	380	86	紫	C21e_040_090_01_00	紫	/sound/voice/C21e_040_090_01_00_00.ogg	unique_exact_anchor	exact	selected	1	same
c21e.fsb.txt	382	87	淳平	C21e_040_090_02_00	淳平	/sound/voice/C21e_040_090_02_00_00.ogg	monotonic_tfidf	high	selected	1	same
c21e.fsb.txt	430	93	淳平	C21e_040_130_01_00	淳平	/sound/voice/C21e_040_130_01_00_00.ogg	unique_exact_anchor	exact	selected	1	same
c21e.fsb.txt	433	94	紫	C21e_040_130_02_00	紫	/sound/voice/C21e_040_130_02_00_00.ogg	unique_exact_anchor	exact	selected	1	same
c21e.fsb.txt	442	95	セブン	C21e_040_130_03_00	セブン	/sound/voice/C21e_040_130_03_00_00.ogg	unique_exact_anchor	exact	selected	1	same
c21e.fsb.txt	466	99	八代	C21e_040_140_01_00	八代	/sound/voice/C21e_040_140_01_00_00.ogg	unique_exact_anchor	exact	selected	1	same
c31b.fsb.txt	38	4	淳平	C31b_010_010_01_00	淳平	/sound/voice/C31b_010_010_01_00_00.ogg	monotonic_tfidf	high	selected	1	same
c31b.fsb.txt	43	6	サンタ	C31b_010_010_03_00	サンタ	/sound/voice/C31b_010_010_03_00_00.ogg | /sound/voice/C31b_010_010_03_00_01.ogg	monotonic_tfidf	high	selected	1	same
c31b.fsb.txt	45	7	淳平	C31b_010_010_04_00	淳平	/sound/voice/C31b_010_010_04_00_00.ogg	unique_exact_anchor	exact	selected	1	same
c31b.fsb.txt	47	8	サンタ	C31b_010_010_05_00	サンタ	/sound/voice/C31b_010_010_05_00_00.ogg	unique_exact_anchor	exact	selected	1	same
c31b.fsb.txt	49	9	淳平	C31b_010_010_06_00	淳平	/sound/voice/C31b_010_010_06_00_00.ogg	unique_exact_anchor	exact	selected	1	same
c31b.fsb.txt	51	10	サンタ	C31b_010_010_07_00	サンタ	/sound/voice/C31b_010_010_07_00_00.ogg	unique_exact_anchor	exact	selected	1	same
c31b.fsb.txt	90	20	淳平	C31b_010_040_01_00	淳平	/sound/voice/C31b_010_040_01_00_00.ogg	unique_exact_anchor	exact	selected	1	same
c31b.fsb.txt	97	22	サンタ	C31b_010_050_01_00	サンタ	/sound/voice/C31b_010_050_01_00_00.ogg	unique_exact_anchor	exact	selected	1	same
c31b.fsb.txt	109	24	セブン	C31b_010_050_03_00	セブン	/sound/voice/C31b_010_050_03_00_00.ogg	unique_exact_anchor	exact	selected	1	same
c31b.fsb.txt	111	25	セブン	C31b_010_050_04_00	セブン	/sound/voice/C31b_010_050_04_00_00.ogg	monotonic_tfidf	high	selected	1	same
c31b.fsb.txt	113	26	セブン	C31b_010_050_05_00	セブン	/sound/voice/C31b_010_050_05_00_00.ogg	unique_exact_anchor	exact	selected	1	same
c31b.fsb.txt	119	28	セブン	C31b_010_051_02_00	セブン	/sound/voice/C31b_010_051_02_00_00.ogg	unique_exact_anchor	exact	selected	1	same
c31b.fsb.txt	121	29	サンタ	C31b_010_051_03_00	サンタ	/sound/voice/C31b_010_051_03_00_00.ogg	monotonic_tfidf	high	selected	1	same
c31b.fsb.txt	126	30	一宮	C31b_010_051_04_00	一宮	/sound/voice/C31b_010_051_04_00_00.ogg	monotonic_tfidf	high	selected	1	same
c31b.fsb.txt	131	31	紫	C31b_010_052_01_00	紫	/sound/voice/C31b_010_052_01_00_00.ogg	unique_exact_anchor	exact	selected	1	same
c31b.fsb.txt	133	32	紫	C31b_010_052_02_00	紫	/sound/voice/C31b_010_052_02_00_00.ogg	unique_exact_anchor	exact	selected	1	same
c31b.fsb.txt	153	38	四葉	C31b_010_053_03_00	四葉	/sound/voice/C31b_010_053_03_00_00.ogg	monotonic_tfidf	high	selected	1	same
c31b.fsb.txt	164	42	一宮	C31b_010_055_01_00	一宮	/sound/voice/C31b_010_055_01_00_00.ogg	unique_exact_anchor	exact	selected	1	same
c31b.fsb.txt	166	43	四葉	C31b_010_055_02_00	四葉	/sound/voice/C31b_010_055_02_00_00.ogg	unique_exact_anchor	exact	selected	1	same
c31b.fsb.txt	168	44	四葉	C31b_010_055_03_00	四葉	/sound/voice/C31b_010_055_03_00_00.ogg	unique_exact_anchor	exact	selected	1	same
c31b.fsb.txt	183	46	セブン	C31b_010_060_01_00	セブン	/sound/voice/C31b_010_060_01_00_00.ogg	monotonic_tfidf	review	selected	1	same
c31b.fsb.txt	185	47	セブン	C31b_010_060_02_00	セブン	/sound/voice/C31b_010_060_02_00_00.ogg	unique_exact_anchor	exact	selected	1	same
c31b.fsb.txt	187	48	セブン	C31b_010_060_03_00	セブン	/sound/voice/C31b_010_060_03_00_00.ogg	monotonic_tfidf	medium	selected	1	same
c31b.fsb.txt	189	49	セブン	C31b_010_060_04_00	セブン	/sound/voice/C31b_010_060_04_00_00.ogg	unique_exact_anchor	exact	selected	1	same
c31b.fsb.txt	199	50	四葉	C31b_010_070_01_00	四葉	/sound/voice/C31b_010_070_01_00_00.ogg | /sound/voice/C31b_010_070_01_00_01.ogg	monotonic_tfidf	high	selected	1	same
c31b.fsb.txt	218	55	サンタ	C31b_010_071_02_00	サンタ	/sound/voice/C31b_010_071_02_00_00.ogg	monotonic_tfidf	high	selected	1	same
c31b.fsb.txt	220	56	サンタ	C31b_010_071_03_00	サンタ	/sound/voice/C31b_010_071_03_00_00.ogg	unique_exact_anchor	exact	selected	1	same
c31b.fsb.txt	369	76	淳平	C31b_030_011_04_00	淳平	/sound/voice/C31b_030_011_04_00_00.ogg	unique_exact_anchor	exact	selected	1	same
c31b.fsb.txt	371	77	八代	C31b_030_011_05_00	八代	/sound/voice/C31b_030_011_05_00_00.ogg	unique_exact_anchor	exact	selected	1	same
c31b.fsb.txt	412	89	セブン	C31b_030_040_01_00	セブン	/sound/voice/C31b_030_040_01_00_00.ogg	unique_exact_anchor	exact	selected	1	same
c31b.fsb.txt	420	90	八代	C31b_030_040_02_00	八代	/sound/voice/C31b_030_040_02_00_00.ogg	unique_exact_anchor	exact	selected	1	same
c31b.fsb.txt	422	91	淳平	C31b_030_040_03_00	淳平	/sound/voice/C31b_030_040_03_00_00.ogg	unique_exact_anchor	exact	selected	1	same
c31b.fsb.txt	441	95	淳平	C31b_030_050_02_00	淳平	/sound/voice/C31b_030_050_02_00_00.ogg	unique_exact_anchor	exact	selected	1	same
c31d.fsb.txt	32	5	淳平	C31d_010_011_01_10	淳平	/sound/voice/C31d_010_011_01_10_00.ogg	unique_exact_anchor	exact	selected	1	same
c31d.fsb.txt	46	8	セブン	C31d_010_020_01_00	セブン	/sound/voice/C31d_010_020_01_00_00.ogg	monotonic_tfidf	high	selected	1	same
c31d.fsb.txt	54	11	淳平	C31d_010_021_01_00	淳平	/sound/voice/C31d_010_021_01_00_00.ogg	unique_exact_anchor	exact	selected	1	same
c31d.fsb.txt	63	14	セブン	C31d_010_022_01_00	セブン	/sound/voice/C31d_010_022_01_00_00.ogg	unique_exact_anchor	exact	selected	1	same
c31d.fsb.txt	65	15	淳平	C31d_010_022_02_00	淳平	/sound/voice/C31d_010_022_02_00_00.ogg	unique_exact_anchor	exact	selected	1	same
c31d.fsb.txt	70	17	淳平	C31d_010_022_04_00	淳平	/sound/voice/C31d_010_022_04_00_00.ogg	unique_exact_anchor	exact	selected	1	same
c31d.fsb.txt	72	18	淳平	C31d_010_022_05_00	淳平	/sound/voice/C31d_010_022_05_00_00.ogg	monotonic_tfidf	high	selected	1	same
c31d.fsb.txt	77	19	セブン	C31d_010_023_01_00	セブン	/sound/voice/C31d_010_023_01_00_00.ogg	unique_exact_anchor	exact	selected	1	same
c31d.fsb.txt	82	21	セブン	C31d_010_023_03_00	セブン	/sound/voice/C31d_010_023_03_00_00.ogg	unique_exact_anchor	exact	selected	1	same
c31d.fsb.txt	84	22	セブン	C31d_010_023_04_00	セブン	/sound/voice/C31d_010_023_04_00_00.ogg	unique_exact_anchor	exact	selected	1	same
c31d.fsb.txt	86	23	セブン	C31d_010_023_05_00	セブン	/sound/voice/C31d_010_023_05_00_00.ogg | /sound/voice/C31d_010_023_05_00_01.ogg	monotonic_tfidf	high	selected	1	same
c31d.fsb.txt	92	26	淳平	C31d_010_023_08_00	淳平	/sound/voice/C31d_010_023_08_00_00.ogg	monotonic_tfidf	review	selected	1	same
c31d.fsb.txt	96	27	セブン	C31d_010_024_01_00	セブン	/sound/voice/C31d_010_024_01_00_00.ogg	unique_exact_anchor	exact	selected	1	same
c31d.fsb.txt	98	28	淳平	C31d_010_024_02_00	淳平	/sound/voice/C31d_010_024_02_00_00.ogg	unique_exact_anchor	exact	selected	1	same
c31d.fsb.txt	107	29	セブン	C31d_010_030_01_00	セブン	/sound/voice/C31d_010_030_01_00_00.ogg	unique_exact_anchor	exact	selected	1	same
c31d.fsb.txt	117	32	淳平	C31d_010_031_02_00	淳平	/sound/voice/C31d_010_031_02_00_00.ogg	unique_exact_anchor	exact	selected	1	same
c31d.fsb.txt	124	34	セブン	C31d_010_032_02_00	セブン	/sound/voice/C31d_010_032_02_00_00.ogg	unique_exact_anchor	exact	selected	1	same
c31d.fsb.txt	126	35	セブン	C31d_010_032_03_00	セブン	/sound/voice/C31d_010_032_03_00_00.ogg	unique_exact_anchor	exact	selected	1	same
c31d.fsb.txt	135	38	セブン	C31d_010_033_01_00	セブン	/sound/voice/C31d_010_033_01_00_00.ogg	unique_exact_anchor	exact	selected	1	same
c31d.fsb.txt	137	39	セブン	C31d_010_033_02_00	セブン	/sound/voice/C31d_010_033_02_00_00.ogg	unique_exact_anchor	exact	selected	1	same
c31d.fsb.txt	141	40	淳平	C31d_010_033_03_00	淳平	/sound/voice/C31d_010_033_03_00_00.ogg	monotonic_tfidf	high	selected	1	same
c31d.fsb.txt	143	41	セブン	C31d_010_033_04_00	セブン	/sound/voice/C31d_010_033_04_00_00.ogg | /sound/voice/C31d_010_033_04_00_01.ogg	monotonic_tfidf	high	selected	1	same
c31d.fsb.txt	151	44	セブン	C31d_010_034_01_00	セブン	/sound/voice/C31d_010_034_01_00_00.ogg	unique_exact_anchor	exact	selected	1	same
c31d.fsb.txt	153	45	セブン	C31d_010_034_02_00	セブン	/sound/voice/C31d_010_034_02_00_00.ogg	monotonic_tfidf	high	selected	1	same
c31d.fsb.txt	155	46	セブン	C31d_010_034_03_00	セブン	/sound/voice/C31d_010_034_03_00_00.ogg	unique_exact_anchor	exact	selected	1	same
c31d.fsb.txt	159	48	セブン	C31d_010_034_05_00	セブン	/sound/voice/C31d_010_034_05_00_00.ogg	unique_exact_anchor	exact	selected	1	same
c31d.fsb.txt	177	52	セブン	C31d_010_050_01_00	セブン	/sound/voice/C31d_010_050_01_00_00.ogg | /sound/voice/C31d_010_050_01_00_01.ogg | /sound/voice/C31d_010_050_01_00_02.ogg	monotonic_tfidf	high	selected	1	same
c31d.fsb.txt	179	53	セブン	C31d_010_050_02_00	セブン	/sound/voice/C31d_010_050_02_00_00.ogg	unique_exact_anchor	exact	selected	1	same
c31d.fsb.txt	200	58	セブン	C31d_010_070_01_00	セブン	/sound/voice/C31d_010_070_01_00_00.ogg	unique_exact_anchor	exact	selected	1	same
c31d.fsb.txt	202	59	セブン	C31d_010_070_02_00	セブン	/sound/voice/C31d_010_070_02_00_00.ogg	unique_exact_anchor	exact	selected	1	same
c31d.fsb.txt	207	61	淳平	C31d_010_070_04_00	淳平	/sound/voice/C31d_010_070_04_00_00.ogg	unique_exact_anchor	exact	selected	1	same
c31d.fsb.txt	209	62	淳平	C31d_010_070_05_00	淳平	/sound/voice/C31d_010_070_05_00_00.ogg	monotonic_tfidf	high	selected	1	same
c31d.fsb.txt	217	64	セブン	C31d_010_071_02_00	セブン	/sound/voice/C31d_010_071_02_00_00.ogg	unique_exact_anchor	exact	selected	1	same
c31d.fsb.txt	219	65	セブン	C31d_010_071_03_00	セブン	/sound/voice/C31d_010_071_03_00_00.ogg	unique_exact_anchor	exact	selected	1	same
c31d.fsb.txt	221	66	淳平	C31d_010_071_04_00	淳平	/sound/voice/C31d_010_071_04_00_00.ogg	unique_exact_anchor	exact	selected	1	same
c31d.fsb.txt	236	69	セブン	C31d_010_080_02_00	セブン	/sound/voice/C31d_010_080_02_00_00.ogg	unique_exact_anchor	exact	selected	1	same
c31d.fsb.txt	238	70	セブン	C31d_010_080_03_00	セブン	/sound/voice/C31d_010_080_03_00_00.ogg	unique_exact_anchor	exact	selected	1	same
c31d.fsb.txt	240	71	淳平	C31d_010_080_04_00	淳平	/sound/voice/C31d_010_080_04_00_00.ogg	unique_exact_anchor	exact	selected	1	same
c31d.fsb.txt	242	72	セブン	C31d_010_080_05_00	セブン	/sound/voice/C31d_010_080_05_00_00.ogg	unique_exact_anchor	exact	selected	1	same
c31d.fsb.txt	244	73	セブン	C31d_010_080_06_00	セブン	/sound/voice/C31d_010_080_06_00_00.ogg	unique_exact_anchor	exact	selected	1	same
c31d.fsb.txt	248	74	セブン	C31d_010_081_01_00	セブン	/sound/voice/C31d_010_081_01_00_00.ogg	unique_exact_anchor	exact	selected	1	same
c31d.fsb.txt	250	75	淳平	C31d_010_081_02_00	淳平	/sound/voice/C31d_010_081_02_00_00.ogg	unique_exact_anchor	exact	selected	1	same
c31d.fsb.txt	252	76	淳平	C31d_010_081_03_00	淳平	/sound/voice/C31d_010_081_03_00_00.ogg	unique_exact_anchor	exact	selected	1	same
c31d.fsb.txt	267	79	淳平	C31d_010_090_03_00	淳平	/sound/voice/C31d_010_090_03_00_00.ogg	unique_exact_anchor	exact	selected	1	same
c31d.fsb.txt	269	80	淳平	C31d_010_090_04_00	淳平	/sound/voice/C31d_010_090_04_00_00.ogg	unique_exact_anchor	exact	selected	1	same
c31d.fsb.txt	272	81	セブン	C31d_010_091_01_00	セブン	/sound/voice/C31d_010_091_01_00_00.ogg	unique_exact_anchor	exact	selected	1	same
c31d.fsb.txt	274	82	セブン	C31d_010_091_02_00	セブン	/sound/voice/C31d_010_091_02_00_00.ogg	unique_exact_anchor	exact	selected	1	same
c31d.fsb.txt	276	83	セブン	C31d_010_091_03_00	セブン	/sound/voice/C31d_010_091_03_00_00.ogg	monotonic_tfidf	high	selected	1	same
c31d.fsb.txt	278	84	セブン	C31d_010_091_04_00	セブン	/sound/voice/C31d_010_091_04_00_00.ogg	unique_exact_anchor	exact	selected	1	same
c31d.fsb.txt	624	167	淳平	C31d_050_011_01_00	淳平	/sound/voice/C31d_050_011_01_00_00.ogg | /sound/voice/C31d_050_011_01_00_01.ogg	monotonic_tfidf	high	selected	1	same
c31d.fsb.txt	631	170	セブン	C31d_050_011_04_00	セブン	/sound/voice/C31d_050_011_04_00_00.ogg	unique_exact_anchor	exact	selected	1	same
c31d.fsb.txt	633	171	セブン	C31d_050_011_05_00	セブン	/sound/voice/C31d_050_011_05_00_00.ogg	unique_exact_anchor	exact	selected	1	same
c31d.fsb.txt	644	172	セブン	C31d_050_020_01_00	セブン	/sound/voice/C31d_050_020_01_00_00.ogg	unique_exact_anchor	exact	selected	1	same
c31d.fsb.txt	657	175	セブン	C31d_050_030_01_00	セブン	/sound/voice/C31d_050_030_01_00_00.ogg	monotonic_tfidf	medium	selected	1	same
c31d.fsb.txt	659	176	淳平	C31d_050_030_02_00	淳平	/sound/voice/C31d_050_030_02_00_00.ogg	unique_exact_anchor	exact	selected	1	same
c31d.fsb.txt	661	177	淳平	C31d_050_030_03_00	淳平	/sound/voice/C31d_050_030_03_00_00.ogg	unique_exact_anchor	exact	selected	1	same
c31d.fsb.txt	663	178	セブン	C31d_050_030_04_00	セブン	/sound/voice/C31d_050_030_04_00_00.ogg	unique_exact_anchor	exact	selected	1	same
c31d.fsb.txt	665	179	セブン	C31d_050_030_05_00	セブン	/sound/voice/C31d_050_030_05_00_00.ogg	unique_exact_anchor	exact	selected	1	same
c31d.fsb.txt	667	180	セブン	C31d_050_030_06_00	セブン	/sound/voice/C31d_050_030_06_00_00.ogg | /sound/voice/C31d_050_030_06_00_01.ogg	monotonic_tfidf	high	selected	1	same
c31d.fsb.txt	669	181	淳平	C31d_050_030_07_00	淳平	/sound/voice/C31d_050_030_07_00_00.ogg	monotonic_tfidf	exact	selected	1	same
c31d.fsb.txt	677	184	セブン	C31d_050_031_03_00	セブン	/sound/voice/C31d_050_031_03_00_00.ogg	unique_exact_anchor	exact	selected	1	same
c31d.fsb.txt	683	186	セブン	C31d_050_032_01_00	セブン	/sound/voice/C31d_050_032_01_00_00.ogg	unique_exact_anchor	exact	selected	1	same
c31d.fsb.txt	685	187	セブン	C31d_050_032_02_00	セブン	/sound/voice/C31d_050_032_02_00_00.ogg	unique_exact_anchor	exact	selected	1	same
c32b.fsb.txt	35	2	淳平	C32b_010_020_01_00	淳平	/sound/voice/C32b_010_020_01_00_00.ogg	unique_exact_anchor	exact	selected	1	same
c32b.fsb.txt	45	6	八代	C32b_010_020_05_00	八代	/sound/voice/C32b_010_020_05_00_00.ogg	unique_exact_anchor	exact	selected	1	same
c32b.fsb.txt	53	7	セブン	C32b_010_020_06_00	セブン	/sound/voice/C32b_010_020_06_00_00.ogg	unique_exact_anchor	exact	selected	1	same
c32b.fsb.txt	76	10	セブン	C32b_010_022_01_00	セブン	/sound/voice/C32b_010_022_01_00_00.ogg	unique_exact_anchor	exact	selected	1	same
c32b.fsb.txt	79	11	八代	C32b_010_022_02_00	八代	/sound/voice/C32b_010_022_02_00_00.ogg	unique_exact_anchor	exact	selected	1	same
c32b.fsb.txt	81	12	セブン	C32b_010_022_03_00	セブン	/sound/voice/C32b_010_022_03_00_00.ogg	unique_exact_anchor	exact	selected	1	same
c32b.fsb.txt	139	26	セブン	C32b_010_070_02_10	セブン	/sound/voice/C32b_010_070_02_10_00.ogg	monotonic_tfidf	review	selected	1	same
c32b.fsb.txt	141	27	セブン	C32b_010_070_03_00	セブン	/sound/voice/C32b_010_070_03_00_00.ogg	unique_exact_anchor	exact	selected	1	same
c32d.fsb.txt	21	2	淳平	C32d_010_010_03_00	淳平	/sound/voice/C32d_010_010_03_00_00.ogg	unique_exact_anchor	exact	selected	1	same
c32d.fsb.txt	28	3	八代	C32d_010_020_01_00	八代	/sound/voice/C32d_010_020_01_00_00.ogg	unique_exact_anchor	exact	selected	1	same
c32d.fsb.txt	30	4	淳平	C32d_010_020_02_00	淳平	/sound/voice/C32d_010_020_02_00_00.ogg | /sound/voice/C32d_010_020_02_00_01.ogg	monotonic_tfidf	high	selected	1	same
c32d.fsb.txt	38	5	セブン	C32d_010_020_03_00	セブン	/sound/voice/C32d_010_020_03_00_00.ogg	unique_exact_anchor	exact	selected	1	same
c32d.fsb.txt	55	10	八代	C32d_010_030_03_00	八代	/sound/voice/C32d_010_030_03_00_00.ogg	unique_exact_anchor	exact	selected	1	same
c32d.fsb.txt	57	11	淳平	C32d_010_030_04_00	淳平	/sound/voice/C32d_010_030_04_00_00.ogg	unique_exact_anchor	exact	selected	1	same
c32d.fsb.txt	64	12	八代	C32d_010_040_01_00	八代	/sound/voice/C32d_010_040_01_00_00.ogg	unique_exact_anchor	exact	selected	1	same
c32d.fsb.txt	66	13	八代	C32d_010_040_02_00	八代	/sound/voice/C32d_010_040_02_00_00.ogg	unique_exact_anchor	exact	selected	1	same
c32d.fsb.txt	89	18	八代	C32d_010_060_01_00	八代	/sound/voice/C32d_010_060_01_00_00.ogg	unique_exact_anchor	exact	selected	1	same
c32d.fsb.txt	91	19	淳平	C32d_010_060_02_00	淳平	/sound/voice/C32d_010_060_02_00_00.ogg	unique_exact_anchor	exact	selected	1	same
c32d.fsb.txt	93	20	セブン	C32d_010_060_03_00	セブン	/sound/voice/C32d_010_060_03_00_00.ogg	unique_exact_anchor	exact	selected	1	same
c32d.fsb.txt	95	21	八代	C32d_010_060_04_00	八代	/sound/voice/C32d_010_060_04_00_00.ogg	unique_exact_anchor	exact	selected	1	same
c32d.fsb.txt	97	22	八代	C32d_010_060_05_00	八代	/sound/voice/C32d_010_060_05_00_00.ogg	monotonic_tfidf	medium	selected	1	same
c32d.fsb.txt	99	23	八代	C32d_010_060_07_00	八代	/sound/voice/C32d_010_060_07_00_00.ogg	unique_exact_anchor	exact	selected	1	same
c32d.fsb.txt	102	24	淳平	C32d_010_061_01_00	淳平	/sound/voice/C32d_010_061_01_00_00.ogg	unique_exact_anchor	exact	selected	1	same
c32d.fsb.txt	104	25	セブン	C32d_010_061_02_00	セブン	/sound/voice/C32d_010_061_02_00_00.ogg	unique_exact_anchor	exact	selected	1	same
c32d.fsb.txt	106	26	八代	C32d_010_061_03_00	八代	/sound/voice/C32d_010_061_03_00_00.ogg	unique_exact_anchor	exact	selected	1	same
c32d.fsb.txt	109	27	八代	C32d_010_061_04_00	八代	/sound/voice/C32d_010_061_04_00_00.ogg	unique_exact_anchor	exact	selected	1	same
c32d.fsb.txt	111	28	八代	C32d_010_061_05_00	八代	/sound/voice/C32d_010_061_05_00_00.ogg	unique_exact_anchor	exact	selected	1	same
c32d.fsb.txt	114	29	淳平	C32d_010_061_06_00	淳平	/sound/voice/C32d_010_061_06_00_00.ogg | /sound/voice/C32d_010_061_06_00_01.ogg	monotonic_tfidf	high	selected	1	same
c32d.fsb.txt	137	34	八代	C32d_010_070_01_00	八代	/sound/voice/C32d_010_070_01_00_00.ogg	unique_exact_anchor	exact	selected	1	same
c32d.fsb.txt	152	38	セブン	C32d_010_071_01_00	セブン	/sound/voice/C32d_010_071_01_00_00.ogg	unique_exact_anchor	exact	selected	1	same
c32d.fsb.txt	154	39	セブン	C32d_010_071_02_00	セブン	/sound/voice/C32d_010_071_02_00_00.ogg | /sound/voice/C32d_010_071_02_00_01.ogg	monotonic_tfidf	high	selected	1	same
c32d.fsb.txt	160	41	八代	C32d_010_071_04_00	八代	/sound/voice/C32d_010_071_04_00_00.ogg	unique_exact_anchor	exact	selected	1	same
c32d.fsb.txt	162	42	セブン	C32d_010_071_05_00	セブン	/sound/voice/C32d_010_071_05_00_00.ogg	unique_exact_anchor	exact	selected	1	same
c32d.fsb.txt	164	43	セブン	C32d_010_071_06_00	セブン	/sound/voice/C32d_010_071_06_00_00.ogg	unique_exact_anchor	exact	selected	1	same
c32d.fsb.txt	168	44	八代	C32d_010_072_01_00	八代	/sound/voice/C32d_010_072_01_00_00.ogg	unique_exact_anchor	exact	selected	1	same
c32d.fsb.txt	170	45	八代	C32d_010_072_02_00	八代	/sound/voice/C32d_010_072_02_00_00.ogg	unique_exact_anchor	exact	selected	1	same
c32d.fsb.txt	177	47	セブン	C32d_010_073_01_00	セブン	/sound/voice/C32d_010_073_01_00_00.ogg	unique_exact_anchor	exact	selected	1	same
c32d.fsb.txt	179	48	八代	C32d_010_073_02_00	八代	/sound/voice/C32d_010_073_02_00_00.ogg	unique_exact_anchor	exact	selected	1	same
c32d.fsb.txt	181	49	セブン	C32d_010_073_03_00	セブン	/sound/voice/C32d_010_073_03_00_00.ogg | /sound/voice/C32d_010_073_03_00_01.ogg	monotonic_tfidf	high	selected	1	same
c32d.fsb.txt	183	50	八代	C32d_010_073_04_00	八代	/sound/voice/C32d_010_073_04_00_00.ogg	unique_exact_anchor	exact	selected	1	same
c32d.fsb.txt	185	51	セブン	C32d_010_073_05_00	セブン	/sound/voice/C32d_010_073_05_00_00.ogg	unique_exact_anchor	exact	selected	1	same
c32d.fsb.txt	187	52	八代	C32d_010_073_06_00	八代	/sound/voice/C32d_010_073_06_00_00.ogg	unique_exact_anchor	exact	selected	1	same
c32d.fsb.txt	189	53	セブン	C32d_010_073_07_00	セブン	/sound/voice/C32d_010_073_07_00_00.ogg	unique_exact_anchor	exact	selected	1	same
c32d.fsb.txt	191	54	八代	C32d_010_073_08_00	八代	/sound/voice/C32d_010_073_08_00_00.ogg	unique_exact_anchor	exact	selected	1	same
c32d.fsb.txt	193	55	セブン	C32d_010_073_09_00	セブン	/sound/voice/C32d_010_073_09_00_00.ogg	unique_exact_anchor	exact	selected	1	same
c32d.fsb.txt	195	56	八代	C32d_010_073_10_00	八代	/sound/voice/C32d_010_073_10_00_00.ogg	unique_exact_anchor	exact	selected	1	same
c32d.fsb.txt	262	70	八代	C32d_020_010_02_00	八代	/sound/voice/C32d_020_010_02_00_00.ogg	unique_exact_anchor	exact	selected	1	same
c32d.fsb.txt	264	71	八代	C32d_020_010_03_00	八代	/sound/voice/C32d_020_010_03_00_00.ogg	monotonic_tfidf	high	selected	1	same
c32d.fsb.txt	266	72	八代	C32d_020_010_04_00	八代	/sound/voice/C32d_020_010_04_00_00.ogg	unique_exact_anchor	exact	selected	1	same
c32d.fsb.txt	270	73	淳平	C32d_020_011_01_00	淳平	/sound/voice/C32d_020_011_01_00_00.ogg	unique_exact_anchor	exact	selected	1	same
c32d.fsb.txt	272	74	八代	C32d_020_011_02_00	八代	/sound/voice/C32d_020_011_02_00_00.ogg	unique_exact_anchor	exact	selected	1	same
c32d.fsb.txt	274	75	八代	C32d_020_011_03_00	八代	/sound/voice/C32d_020_011_03_00_00.ogg	unique_exact_anchor	exact	selected	1	same
c32d.fsb.txt	276	76	八代	C32d_020_011_04_00	八代	/sound/voice/C32d_020_011_04_00_00.ogg	unique_exact_anchor	exact	selected	1	same
c32d.fsb.txt	278	77	八代	C32d_020_011_05_00	八代	/sound/voice/C32d_020_011_05_00_00.ogg	unique_exact_anchor	exact	selected	1	same
c32d.fsb.txt	280	78	八代	C32d_020_011_06_00	八代	/sound/voice/C32d_020_011_06_00_00.ogg	unique_exact_anchor	exact	selected	1	same
c32d.fsb.txt	282	79	八代	C32d_020_011_07_00	八代	/sound/voice/C32d_020_011_07_00_00.ogg	unique_exact_anchor	exact	selected	1	same
c32d.fsb.txt	284	80	八代	C32d_020_011_08_00	八代	/sound/voice/C32d_020_011_08_00_00.ogg	unique_exact_anchor	exact	selected	1	same
c32d.fsb.txt	286	81	八代	C32d_020_011_09_00	八代	/sound/voice/C32d_020_011_09_00_00.ogg	monotonic_tfidf	high	selected	1	same
c32d.fsb.txt	293	84	八代	C32d_020_012_01_00	八代	/sound/voice/C32d_020_012_01_00_00.ogg	unique_exact_anchor	exact	selected	1	same
c32d.fsb.txt	295	85	八代	C32d_020_012_02_00	八代	/sound/voice/C32d_020_012_02_00_00.ogg	unique_exact_anchor	exact	selected	1	same
c32d.fsb.txt	297	86	八代	C32d_020_012_03_00	八代	/sound/voice/C32d_020_012_03_00_00.ogg	unique_exact_anchor	exact	selected	1	same
c32d.fsb.txt	299	87	八代	C32d_020_012_04_00	八代	/sound/voice/C32d_020_012_04_00_00.ogg	monotonic_tfidf	high	selected	1	same
c32d.fsb.txt	301	88	八代	C32d_020_012_05_00	八代	/sound/voice/C32d_020_012_05_00_00.ogg	unique_exact_anchor	exact	selected	1	same
c32d.fsb.txt	309	91	八代	C32d_020_013_01_00	八代	/sound/voice/C32d_020_013_01_00_00.ogg	unique_exact_anchor	exact	selected	1	same
c32d.fsb.txt	311	92	八代	C32d_020_013_02_00	八代	/sound/voice/C32d_020_013_02_00_00.ogg	monotonic_tfidf	high	selected	1	same
c32d.fsb.txt	313	93	八代	C32d_020_013_03_00	八代	/sound/voice/C32d_020_013_03_00_00.ogg	monotonic_tfidf	high	selected	1	same
c32d.fsb.txt	315	94	セブン	C32d_020_013_04_00	セブン	/sound/voice/C32d_020_013_04_00_00.ogg	unique_exact_anchor	exact	selected	1	same
c32d.fsb.txt	318	95	八代	C32d_020_014_01_00	八代	/sound/voice/C32d_020_014_01_00_00.ogg	unique_exact_anchor	exact	selected	1	same
c32d.fsb.txt	320	96	八代	C32d_020_014_02_00	八代	/sound/voice/C32d_020_014_02_00_00.ogg	unique_exact_anchor	exact	selected	1	same
c32d.fsb.txt	322	97	八代	C32d_020_014_03_00	八代	/sound/voice/C32d_020_014_03_00_00.ogg	unique_exact_anchor	exact	selected	1	same
c32d.fsb.txt	326	99	八代	C32d_020_014_05_10	八代	/sound/voice/C32d_020_014_05_10_00.ogg	unique_exact_anchor	exact	selected	1	same
c32d.fsb.txt	328	100	八代	C32d_020_014_06_00	八代	/sound/voice/C32d_020_014_06_00_00.ogg	unique_exact_anchor	exact	selected	1	same
c32d.fsb.txt	331	101	セブン	C32d_020_015_01_00	セブン	/sound/voice/C32d_020_015_01_00_00.ogg	monotonic_tfidf	medium	selected	1	same
c32d.fsb.txt	333	102	セブン	C32d_020_015_02_00	セブン	/sound/voice/C32d_020_015_02_00_00.ogg	unique_exact_anchor	exact	selected	1	same
c32d.fsb.txt	335	103	八代	C32d_020_015_03_00	八代	/sound/voice/C32d_020_015_03_00_00.ogg	monotonic_tfidf	medium	selected	1	same
c32d.fsb.txt	337	104	淳平	C32d_020_015_04_00	淳平	/sound/voice/C32d_020_015_04_00_00.ogg	unique_exact_anchor	exact	selected	1	same
c32d.fsb.txt	339	105	八代	C32d_020_015_05_00	八代	/sound/voice/C32d_020_015_05_00_00.ogg	unique_exact_anchor	exact	selected	1	same
c32d.fsb.txt	343	106	八代	C32d_020_016_01_00	八代	/sound/voice/C32d_020_016_01_00_00.ogg	monotonic_tfidf	high	selected	1	same
c32d.fsb.txt	351	107	セブン	C32d_020_016_02_00	セブン	/sound/voice/C32d_020_016_02_00_00.ogg	unique_exact_anchor	exact	selected	1	same
c32d.fsb.txt	353	108	淳平	C32d_020_016_03_00	淳平	/sound/voice/C32d_020_016_03_00_00.ogg	unique_exact_anchor	exact	selected	1	same
c32d.fsb.txt	355	109	セブン	C32d_020_016_04_00	セブン	/sound/voice/C32d_020_016_04_00_00.ogg	unique_exact_anchor	exact	selected	1	same
c32d.fsb.txt	366	110	セブン	C32d_020_020_01_00	セブン	/sound/voice/C32d_020_020_01_00_00.ogg	monotonic_tfidf	high	selected	1	same
c32d.fsb.txt	368	111	八代	C32d_020_020_02_00	八代	/sound/voice/C32d_020_020_02_00_00.ogg	unique_exact_anchor	exact	selected	1	same
c32d.fsb.txt	370	112	淳平	C32d_020_020_03_00	淳平	/sound/voice/C32d_020_020_03_00_00.ogg	unique_exact_anchor	exact	selected	1	same
c32d.fsb.txt	372	113	セブン	C32d_020_020_04_00	セブン	/sound/voice/C32d_020_020_04_00_00.ogg	monotonic_tfidf	medium	selected	1	same
c32d.fsb.txt	374	114	セブン	C32d_020_020_05_00	セブン	/sound/voice/C32d_020_020_05_00_00.ogg	unique_exact_anchor	exact	selected	1	same
c32d.fsb.txt	376	115	淳平	C32d_020_020_06_00	淳平	/sound/voice/C32d_020_020_06_00_00.ogg	unique_exact_anchor	exact	selected	1	same
c32d.fsb.txt	386	116	セブン	C32d_020_030_01_00	セブン	/sound/voice/C32d_020_030_01_00_00.ogg	unique_exact_anchor	exact	selected	1	same
c32d.fsb.txt	388	117	セブン	C32d_020_030_02_00	セブン	/sound/voice/C32d_020_030_02_00_00.ogg	unique_exact_anchor	exact	selected	1	same
c32d.fsb.txt	390	118	セブン	C32d_020_030_03_00	セブン	/sound/voice/C32d_020_030_03_00_00.ogg	unique_exact_anchor	exact	selected	1	same
c32d.fsb.txt	420	124	八代	C32d_020_060_01_00	八代	/sound/voice/C32d_020_060_01_00_00.ogg	unique_exact_anchor	exact	selected	1	same
c32d.fsb.txt	422	125	八代	C32d_020_060_02_00	八代	/sound/voice/C32d_020_060_02_00_00.ogg	unique_exact_anchor	exact	selected	1	same
c32d.fsb.txt	431	128	淳平	C32d_020_061_03_00	淳平	/sound/voice/C32d_020_061_03_00_00.ogg	unique_exact_anchor	exact	selected	1	same
c32d.fsb.txt	434	129	八代	C32d_020_061_04_00	八代	/sound/voice/C32d_020_061_04_00_00.ogg	unique_exact_anchor	exact	selected	1	same
c32d.fsb.txt	436	130	淳平	C32d_020_061_05_00	淳平	/sound/voice/C32d_020_061_05_00_00.ogg	unique_exact_anchor	exact	selected	1	same
c32d.fsb.txt	439	131	淳平	C32d_020_062_01_00	淳平	/sound/voice/C32d_020_062_01_00_00.ogg	unique_exact_anchor	exact	selected	1	same
c32d.fsb.txt	441	132	淳平	C32d_020_062_02_00	淳平	/sound/voice/C32d_020_062_02_00_00.ogg	monotonic_tfidf	high	selected	1	same
c32d.fsb.txt	443	133	八代	C32d_020_062_03_00	八代	/sound/voice/C32d_020_062_03_00_00.ogg	unique_exact_anchor	exact	selected	1	same
c32d.fsb.txt	457	136	セブン	C32d_020_063_02_00	セブン	/sound/voice/C32d_020_063_02_00_00.ogg	unique_exact_anchor	exact	selected	1	same
c32d.fsb.txt	459	137	セブン	C32d_020_063_03_00	セブン	/sound/voice/C32d_020_063_03_00_00.ogg	unique_exact_anchor	exact	selected	1	same
c32d.fsb.txt	461	138	セブン	C32d_020_063_04_00	セブン	/sound/voice/C32d_020_063_04_00_00.ogg	unique_exact_anchor	exact	selected	1	same
c32d.fsb.txt	463	139	セブン	C32d_020_063_05_00	セブン	/sound/voice/C32d_020_063_05_00_00.ogg	unique_exact_anchor	exact	selected	1	same
c32d.fsb.txt	465	140	セブン	C32d_020_063_06_00	セブン	/sound/voice/C32d_020_063_06_00_00.ogg	unique_exact_anchor	exact	selected	1	same
c32d.fsb.txt	467	141	セブン	C32d_020_063_07_00	セブン	/sound/voice/C32d_020_063_07_00_00.ogg	unique_exact_anchor	exact	selected	1	same
c32d.fsb.txt	489	147	放送	C32d_020_070_02_00	放送	/sound/voice/C32d_020_070_02_00_00.ogg	unique_exact_anchor	exact	selected	1	same
c32d.fsb.txt	491	148	放送	C32d_020_070_03_00	放送	/sound/voice/C32d_020_070_03_00_00.ogg	unique_exact_anchor	exact	selected	1	same
c32d.fsb.txt	493	149	放送	C32d_020_070_04_00	放送	/sound/voice/C32d_020_070_04_00_00.ogg	unique_exact_anchor	exact	selected	1	same
c32d.fsb.txt	504	150	セブン	C32d_020_080_01_00	セブン	/sound/voice/C32d_020_080_01_00_00.ogg	unique_exact_anchor	exact	selected	1	same
c32d.fsb.txt	506	151	淳平	C32d_020_080_02_00	淳平	/sound/voice/C32d_020_080_02_00_00.ogg	unique_exact_anchor	exact	selected	1	same
c32d.fsb.txt	509	152	八代	C32d_020_080_03_00	八代	/sound/voice/C32d_020_080_03_00_00.ogg	unique_exact_anchor	exact	selected	1	same
c32d.fsb.txt	512	153	セブン	C32d_020_080_04_00	セブン	/sound/voice/C32d_020_080_04_00_00.ogg	unique_exact_anchor	exact	selected	1	same
c32d.fsb.txt	515	154	八代	C32d_020_080_05_00	八代	/sound/voice/C32d_020_080_05_00_00.ogg	unique_exact_anchor	exact	selected	1	same
c32d.fsb.txt	517	155	八代	C32d_020_080_06_00	八代	/sound/voice/C32d_020_080_06_00_00.ogg	unique_exact_anchor	exact	selected	1	same
c32d.fsb.txt	519	156	淳平	C32d_020_080_07_00	淳平	/sound/voice/C32d_020_080_07_00_00.ogg	unique_exact_anchor	exact	selected	1	same
c32d.fsb.txt	536	159	淳平	C32d_020_100_01_00	淳平	/sound/voice/C32d_020_100_01_00_00.ogg	unique_exact_anchor	exact	selected	1	same
c32d.fsb.txt	538	160	八代	C32d_020_100_02_00	八代	/sound/voice/C32d_020_100_02_00_00.ogg	unique_exact_anchor	exact	selected	1	same
ced1.fsb.txt	79	12	セブン	Ced1_010_050_02_00	セブン	/sound/voice/Ced1_010_050_02_00_00.ogg	unique_exact_anchor	exact	selected	1	same
ced1.fsb.txt	87	13	八代	Ced1_010_050_03_00	八代	/sound/voice/Ced1_010_050_03_00_00.ogg	unique_exact_anchor	exact	selected	1	same
ced1.fsb.txt	199	35	セブン	Ced1_010_120_01_00	セブン	/sound/voice/Ced1_010_120_01_00_00.ogg	unique_exact_anchor	exact	selected	1	same
ced1.fsb.txt	201	36	淳平	Ced1_010_120_02_00	淳平	/sound/voice/Ced1_010_120_02_00_00.ogg	unique_exact_anchor	exact	selected	1	same
ced1.fsb.txt	203	37	セブン	Ced1_010_120_03_00	セブン	/sound/voice/Ced1_010_120_03_00_00.ogg	unique_exact_anchor	exact	selected	1	same
ced1.fsb.txt	215	40	淳平	Ced1_010_130_03_00	淳平	/sound/voice/Ced1_010_130_03_00_00.ogg	unique_exact_anchor	exact	selected	1	same
ced1.fsb.txt	218	41	八代	Ced1_010_130_04_00	八代	/sound/voice/Ced1_010_130_04_00_00.ogg	unique_exact_anchor	exact	selected	1	same
ced1.fsb.txt	220	42	淳平	Ced1_010_130_05_00	淳平	/sound/voice/Ced1_010_130_05_00_00.ogg	unique_exact_anchor	exact	selected	1	same
ced1.fsb.txt	233	45	淳平	Ced1_010_140_02_00	淳平	/sound/voice/Ced1_010_140_02_00_00.ogg	unique_exact_anchor	exact	selected	1	same
ced1.fsb.txt	238	46	セブン	Ced1_010_140_03_00	セブン	/sound/voice/Ced1_010_140_03_00_00.ogg	unique_exact_anchor	exact	selected	1	same
ced1.fsb.txt	246	47	八代	Ced1_010_140_04_00	八代	/sound/voice/Ced1_010_140_04_00_00.ogg	monotonic_tfidf	high	selected	1	same
ced1.fsb.txt	248	48	淳平	Ced1_010_140_05_00	淳平	/sound/voice/Ced1_010_140_05_00_00.ogg	unique_exact_anchor	exact	selected	1	same
ced1.fsb.txt	314	62	セブン	Ced1_020_030_02_00	セブン	/sound/voice/Ced1_020_030_02_00_00.ogg	unique_exact_anchor	exact	selected	1	same
ced1.fsb.txt	316	63	セブン	Ced1_020_030_03_00	セブン	/sound/voice/Ced1_020_030_03_00_00.ogg	unique_exact_anchor	exact	selected	1	same
ced1.fsb.txt	329	67	セブン	Ced1_020_031_02_00	セブン	/sound/voice/Ced1_020_031_02_00_00.ogg	unique_exact_anchor	exact	selected	1	same
ced1.fsb.txt	347	70	淳平	Ced1_020_050_01_00	淳平	/sound/voice/Ced1_020_050_01_00_00.ogg	unique_exact_anchor	exact	selected	1	same
ced1.fsb.txt	356	73	八代	Ced1_020_050_04_00	八代	/sound/voice/Ced1_020_050_04_00_00.ogg	monotonic_tfidf	high	selected	1	same
ced1.fsb.txt	358	74	淳平	Ced1_020_050_05_00	淳平	/sound/voice/Ced1_020_050_05_00_00.ogg	unique_exact_anchor	exact	selected	1	same
ced1.fsb.txt	361	75	八代	Ced1_020_050_06_00	八代	/sound/voice/Ced1_020_050_06_00_00.ogg	unique_exact_anchor	exact	selected	1	same
ced1.fsb.txt	405	83	八代	Ced1_020_070_01_00	八代	/sound/voice/Ced1_020_070_01_00_00.ogg	unique_exact_anchor	exact	selected	1	same
ced1.fsb.txt	455	92	八代	Ced1_030_031_01_00	八代	/sound/voice/Ced1_030_031_01_00_00.ogg	unique_exact_anchor	exact	selected	1	same
ced1.fsb.txt	458	93	セブン	Ced1_030_031_02_00	セブン	/sound/voice/Ced1_030_031_02_00_00.ogg	unique_exact_anchor	exact	selected	1	same
ced1.fsb.txt	460	94	八代	Ced1_030_031_03_00	八代	/sound/voice/Ced1_030_031_03_00_00.ogg	unique_exact_anchor	exact	selected	1	same
ced1.fsb.txt	462	95	セブン	Ced1_030_031_04_00	セブン	/sound/voice/Ced1_030_031_04_00_00.ogg	unique_exact_anchor	exact	selected	1	same
ced1.fsb.txt	464	96	八代	Ced1_030_031_05_00	八代	/sound/voice/Ced1_030_031_05_00_00.ogg	unique_exact_anchor	exact	selected	1	same
ced1.fsb.txt	487	100	セブン	Ced1_030_040_01_00	セブン	/sound/voice/Ced1_030_040_01_00_00.ogg	unique_exact_anchor	exact	selected	1	same
ced1.fsb.txt	489	101	八代	Ced1_030_040_02_00	八代	/sound/voice/Ced1_030_040_02_00_00.ogg	unique_exact_anchor	exact	selected	1	same
ced1.fsb.txt	491	102	セブン	Ced1_030_040_03_00	セブン	/sound/voice/Ced1_030_040_03_00_00.ogg	unique_exact_anchor	exact	selected	1	same
ced1.fsb.txt	493	103	八代	Ced1_030_040_04_00	八代	/sound/voice/Ced1_030_040_04_00_00.ogg	unique_exact_anchor	exact	selected	1	same
ced1.fsb.txt	497	105	八代	Ced1_030_040_06_00	八代	/sound/voice/Ced1_030_040_06_00_00.ogg	unique_exact_anchor	exact	selected	1	same
ced1.fsb.txt	547	114	淳平	Ced1_030_080_02_00	淳平	/sound/voice/Ced1_030_080_02_00_00.ogg	unique_exact_anchor	exact	selected	1	same
ced1.fsb.txt	552	116	淳平	Ced1_030_080_04_00	淳平	/sound/voice/Ced1_030_080_04_00_00.ogg	unique_exact_anchor	exact	selected	1	same
ced1.fsb.txt	554	117	淳平	Ced1_030_080_05_00	淳平	/sound/voice/Ced1_030_080_05_00_00.ogg	unique_exact_anchor	exact	selected	1	same
ced1.fsb.txt	556	118	淳平	Ced1_030_080_06_00	淳平	/sound/voice/Ced1_030_080_06_00_00.ogg	unique_exact_anchor	exact	selected	1	same
ced1.fsb.txt	560	119	セブン	Ced1_030_090_01_00	セブン	/sound/voice/Ced1_030_090_01_00_00.ogg	unique_exact_anchor	exact	selected	1	same
ced1.fsb.txt	563	120	八代	Ced1_030_090_02_00	八代	/sound/voice/Ced1_030_090_02_00_00.ogg	unique_exact_anchor	exact	selected	1	same
ced1.fsb.txt	568	122	セブン	Ced1_030_090_04_00	セブン	/sound/voice/Ced1_030_090_04_00_00.ogg	unique_exact_anchor	exact	selected	1	same
ced1.fsb.txt	584	126	セブン	Ced1_030_091_03_00	セブン	/sound/voice/Ced1_030_091_03_00_00.ogg	unique_exact_anchor	exact	selected	1	same
ced1.fsb.txt	586	127	セブン	Ced1_030_091_04_00	セブン	/sound/voice/Ced1_030_091_04_00_00.ogg	unique_exact_anchor	exact	selected	1	same
ced1.fsb.txt	588	128	セブン	Ced1_030_091_05_00	セブン	/sound/voice/Ced1_030_091_05_00_00.ogg	unique_exact_anchor	exact	selected	1	same
ced1.fsb.txt	635	139	淳平	Ced1_040_010_05_00	淳平	/sound/voice/Ced1_040_010_05_00_00.ogg	monotonic_tfidf	exact	selected	1	same
ced1.fsb.txt	654	142	淳平	Ced1_040_020_01_00	淳平	/sound/voice/Ced1_040_020_01_00_00.ogg	unique_exact_anchor	exact	selected	1	same
ced1.fsb.txt	666	145	淳平	Ced1_040_030_01_00	淳平	/sound/voice/Ced1_040_030_01_00_00.ogg	monotonic_tfidf	exact	selected	1	same
ced1.fsb.txt	668	146	茜	Ced1_040_030_02_00	茜	/sound/voice/Ced1_040_030_02_00_00.ogg	unique_exact_anchor	exact	selected	1	same
ced1.fsb.txt	684	152	淳平	Ced1_040_032_01_00	淳平	/sound/voice/Ced1_040_032_01_00_00.ogg	unique_exact_anchor	exact	selected	1	same
ced1.fsb.txt	686	153	淳平	Ced1_040_032_02_00	淳平	/sound/voice/Ced1_040_032_02_00_00.ogg	unique_exact_anchor	exact	selected	1	same
ced1.fsb.txt	688	154	淳平	Ced1_040_032_03_00	淳平	/sound/voice/Ced1_040_032_03_00_00.ogg	unique_exact_anchor	exact	selected	1	same
ced1.fsb.txt	694	156	茜	Ced1_040_033_01_00	茜	/sound/voice/Ced1_040_033_01_00_00.ogg	unique_exact_anchor	exact	selected	1	same
ced1.fsb.txt	699	158	茜	Ced1_040_033_03_00	茜	/sound/voice/Ced1_040_033_03_00_00.ogg	unique_exact_anchor	exact	selected	1	same
ced1.fsb.txt	701	159	淳平	Ced1_040_033_04_00	淳平	/sound/voice/Ced1_040_033_04_00_00.ogg	monotonic_tfidf	high	selected	1	same
ced1.fsb.txt	703	160	茜	Ced1_040_033_05_00	茜	/sound/voice/Ced1_040_033_05_00_00.ogg	unique_exact_anchor	exact	selected	1	same
ced1.fsb.txt	705	161	茜	Ced1_040_033_06_00	茜	/sound/voice/Ced1_040_033_06_00_00.ogg	unique_exact_anchor	exact	selected	1	same
ced1.fsb.txt	707	162	茜	Ced1_040_033_07_00	茜	/sound/voice/Ced1_040_033_07_00_00.ogg	unique_exact_anchor	exact	selected	1	same
ced1.fsb.txt	709	163	茜	Ced1_040_033_08_00	茜	/sound/voice/Ced1_040_033_08_00_00.ogg	unique_exact_anchor	exact	selected	1	same
ced1.fsb.txt	711	164	茜	Ced1_040_033_09_00	茜	/sound/voice/Ced1_040_033_09_00_00.ogg	unique_exact_anchor	exact	selected	1	same
ced1.fsb.txt	714	165	淳平	Ced1_040_034_01_00	淳平	/sound/voice/Ced1_040_034_01_00_00.ogg	unique_exact_anchor	exact	selected	1	same
ced1.fsb.txt	716	166	淳平	Ced1_040_034_02_00	淳平	/sound/voice/Ced1_040_034_02_00_00.ogg	unique_exact_anchor	exact	selected	1	same
ced1.fsb.txt	720	168	淳平	Ced1_040_034_04_00	淳平	/sound/voice/Ced1_040_034_04_00_00.ogg	unique_exact_anchor	exact	selected	1	same
ced1.fsb.txt	751	176	淳平	Ced1_040_050_02_00	淳平	/sound/voice/Ced1_040_050_02_00_00.ogg	unique_exact_anchor	exact	selected	1	same
ced1.fsb.txt	753	177	茜	Ced1_040_050_03_00	茜	/sound/voice/Ced1_040_050_03_00_00.ogg | /sound/voice/Ced1_040_050_03_00_01.ogg	monotonic_tfidf	high	selected	1	same
ced1.fsb.txt	755	178	茜	Ced1_040_050_04_00	茜	/sound/voice/Ced1_040_050_04_00_00.ogg	unique_exact_anchor	exact	selected	1	same
ced1.fsb.txt	757	179	茜	Ced1_040_050_05_00	茜	/sound/voice/Ced1_040_050_05_00_00.ogg	unique_exact_anchor	exact	selected	1	same
ced1.fsb.txt	759	180	淳平	Ced1_040_050_06_00	淳平	/sound/voice/Ced1_040_050_06_00_00.ogg	unique_exact_anchor	exact	selected	1	same
ced1.fsb.txt	762	181	茜	Ced1_040_051_01_00	茜	/sound/voice/Ced1_040_051_01_00_00.ogg	unique_exact_anchor	exact	selected	1	same
ced1.fsb.txt	764	182	茜	Ced1_040_051_02_00	茜	/sound/voice/Ced1_040_051_02_00_00.ogg	unique_exact_anchor	exact	selected	1	same
ced1.fsb.txt	766	183	茜	Ced1_040_051_03_00	茜	/sound/voice/Ced1_040_051_03_00_00.ogg | /sound/voice/Ced1_040_051_03_00_01.ogg	monotonic_tfidf	high	selected	1	same
ced1.fsb.txt	774	186	茜	Ced1_040_052_01_00	茜	/sound/voice/Ced1_040_052_01_00_00.ogg	unique_exact_anchor	exact	selected	1	same
ced1.fsb.txt	776	187	茜	Ced1_040_052_02_00	茜	/sound/voice/Ced1_040_052_02_00_00.ogg	unique_exact_anchor	exact	selected	1	same
ced1.fsb.txt	778	188	茜	Ced1_040_052_03_00	茜	/sound/voice/Ced1_040_052_03_00_00.ogg	unique_exact_anchor	exact	selected	1	same
ced1.fsb.txt	780	189	茜	Ced1_040_052_04_00	茜	/sound/voice/Ced1_040_052_04_00_00.ogg	unique_exact_anchor	exact	selected	1	same
ced1.fsb.txt	782	190	茜	Ced1_040_052_05_00	茜	/sound/voice/Ced1_040_052_05_00_00.ogg	unique_exact_anchor	exact	selected	1	same
ced1.fsb.txt	784	191	淳平	Ced1_040_052_06_00	淳平	/sound/voice/Ced1_040_052_06_00_00.ogg	unique_exact_anchor	exact	selected	1	same
ced1.fsb.txt	787	192	茜	Ced1_040_053_01_00	茜	/sound/voice/Ced1_040_053_01_00_00.ogg	unique_exact_anchor	exact	selected	1	same
ced1.fsb.txt	789	193	茜	Ced1_040_053_02_00	茜	/sound/voice/Ced1_040_053_02_00_00.ogg	monotonic_tfidf	medium	selected	1	same
ced1.fsb.txt	791	194	淳平	Ced1_040_053_03_00	淳平	/sound/voice/Ced1_040_053_03_00_00.ogg	unique_exact_anchor	exact	selected	1	same
ced1.fsb.txt	793	195	淳平	Ced1_040_053_04_00	淳平	/sound/voice/Ced1_040_053_04_00_00.ogg	unique_exact_anchor	exact	selected	1	same
ced1.fsb.txt	795	196	茜	Ced1_040_053_05_00	茜	/sound/voice/Ced1_040_053_05_00_00.ogg	unique_exact_anchor	exact	selected	1	same
ced1.fsb.txt	797	197	淳平	Ced1_040_053_06_00	淳平	/sound/voice/Ced1_040_053_06_00_00.ogg	unique_exact_anchor	exact	selected	1	same
ced1.fsb.txt	799	198	茜	Ced1_040_053_07_00	茜	/sound/voice/Ced1_040_053_07_00_00.ogg	unique_exact_anchor	exact	selected	1	same
ced1.fsb.txt	805	200	茜	Ced1_040_054_01_00	茜	/sound/voice/Ced1_040_054_01_00_00.ogg	unique_exact_anchor	exact	selected	1	same
ced1.fsb.txt	807	201	茜	Ced1_040_054_02_00	茜	/sound/voice/Ced1_040_054_02_00_00.ogg	unique_exact_anchor	exact	selected	1	same
ced1.fsb.txt	809	202	淳平	Ced1_040_054_03_00	淳平	/sound/voice/Ced1_040_054_03_00_00.ogg	unique_exact_anchor	exact	selected	1	same
ced1.fsb.txt	811	203	茜	Ced1_040_054_04_00	茜	/sound/voice/Ced1_040_054_04_00_00.ogg | /sound/voice/Ced1_040_054_04_00_01.ogg	monotonic_tfidf	high	selected	1	same
ced1.fsb.txt	823	206	淳平	Ced1_040_055_03_00	淳平	/sound/voice/Ced1_040_055_03_00_00.ogg	unique_exact_anchor	exact	selected	1	same
ced1.fsb.txt	826	207	淳平	Ced1_040_055_04_00	淳平	/sound/voice/Ced1_040_055_04_00_00.ogg	unique_exact_anchor	exact	selected	1	same
ced1.fsb.txt	875	217	淳平	Ced1_050_020_02_00	淳平	/sound/voice/Ced1_050_020_02_00_00.ogg	unique_exact_anchor	exact	selected	1	same
m10a.fsb.txt	70	12	王子	M10a_050_040_03_10	王子	/sound/voice/M10a_050_040_03_10_00.ogg	unique_exact_anchor	exact	selected	1	same
m10a.fsb.txt	72	13	王子	M10a_050_040_04_00	王子	/sound/voice/M10a_050_040_04_00_00.ogg	unique_exact_anchor	exact	selected	1	same
m10a.fsb.txt	74	14	王子	M10a_050_040_05_00	王子	/sound/voice/M10a_050_040_05_00_00.ogg	unique_exact_anchor	exact	selected	1	same
m10a.fsb.txt	77	15	岩男	M10a_050_040_06_00	岩男	/sound/voice/M10a_050_040_06_00_00.ogg	unique_exact_anchor	exact	selected	1	same
m10a.fsb.txt	79	16	王子	M10a_050_040_07_00	王子	/sound/voice/M10a_050_040_07_00_00.ogg	unique_exact_anchor	exact	selected	1	same
m10a.fsb.txt	137	31	茜２	M10a_050_090_04_00	茜２	/sound/voice/M10a_050_090_04_00_00.ogg	monotonic_tfidf	high	selected	1	same
m10a.fsb.txt	139	32	茜２	M10a_050_090_05_00	茜２	/sound/voice/M10a_050_090_05_00_00.ogg	unique_exact_anchor	exact	selected	1	same
m10a.fsb.txt	141	33	淳平	M10a_050_090_06_00	淳平	/sound/voice/M10a_050_090_06_00_00.ogg	unique_exact_anchor	exact	selected	1	same
m10a.fsb.txt	146	34	茜２	M10a_050_090_07_00	茜２	/sound/voice/M10a_050_090_07_00_00.ogg	monotonic_tfidf	high	selected	1	same
m10a.fsb.txt	166	38	茜２	M10a_050_110_01_00	茜２	/sound/voice/M10a_050_110_01_00_00.ogg	monotonic_tfidf	high	selected	1	same
m10a.fsb.txt	168	39	茜２	M10a_050_110_02_00	茜２	/sound/voice/M10a_050_110_02_00_00.ogg	unique_exact_anchor	exact	selected	1	same
m10a.fsb.txt	207	45	淳平	M10a_050_130_04_00	淳平	/sound/voice/M10a_050_130_04_00_00.ogg	unique_exact_anchor	exact	selected	1	same
m10a.fsb.txt	218	48	桃色髪	M10a_050_130_07_00	桃色髪	/sound/voice/M10a_050_130_07_00_00.ogg	unique_exact_anchor	exact	selected	1	same
m10a.fsb.txt	229	50	岩男	M10a_050_130_09_00	岩男	/sound/voice/M10a_050_130_09_00_00.ogg	unique_exact_anchor	exact	selected	1	same
m10a.fsb.txt	236	52	王子	M10a_050_130_11_00	王子	/sound/voice/M10a_050_130_11_00_00.ogg	unique_exact_anchor	exact	selected	1	same
m10a.fsb.txt	238	53	王子	M10a_050_130_12_00	王子	/sound/voice/M10a_050_130_12_00_00.ogg	unique_exact_anchor	exact	selected	1	same
m10a.fsb.txt	250	54	淳平	M10a_050_140_01_00	淳平	/sound/voice/M10a_050_140_01_00_00.ogg	unique_exact_anchor	exact	selected	1	same
m10a.fsb.txt	265	57	踊り子	M10a_060_010_01_00	踊り子	/sound/voice/M10a_060_010_01_00_00.ogg	unique_exact_anchor	exact	selected	1	same
m10a.fsb.txt	268	58	踊り子	M10a_060_010_02_00	踊り子	/sound/voice/M10a_060_010_02_00_00.ogg	unique_exact_anchor	exact	selected	1	same
m10a.fsb.txt	273	60	踊り子	M10a_060_010_04_00	踊り子	/sound/voice/M10a_060_010_04_00_00.ogg	unique_exact_anchor	exact	selected	1	same
m10a.fsb.txt	275	61	踊り子	M10a_060_010_05_00	踊り子	/sound/voice/M10a_060_010_05_00_00.ogg	unique_exact_anchor	exact	selected	1	same
m10a.fsb.txt	300	68	淳平	M10a_060_030_03_00	淳平	/sound/voice/M10a_060_030_03_00_00.ogg	unique_exact_anchor	exact	selected	1	same
m10a.fsb.txt	310	71	淳平	M10a_060_040_01_00	淳平	/sound/voice/M10a_060_040_01_00_00.ogg	unique_exact_anchor	exact	selected	1	same
m10a.fsb.txt	313	72	桃色髪	M10a_060_040_02_00	桃色髪	/sound/voice/M10a_060_040_02_00_00.ogg	unique_exact_anchor	exact	selected	1	same
m10a.fsb.txt	315	73	淳平	M10a_060_040_03_00	淳平	/sound/voice/M10a_060_040_03_00_00.ogg	unique_exact_anchor	exact	selected	1	same
m10a.fsb.txt	317	74	淳平	M10a_060_040_04_00	淳平	/sound/voice/M10a_060_040_04_00_00.ogg	unique_exact_anchor	exact	selected	1	same
m10a.fsb.txt	319	75	淳平	M10a_060_040_05_00	淳平	/sound/voice/M10a_060_040_05_00_00.ogg	unique_exact_anchor	exact	selected	1	same
m10a.fsb.txt	321	76	淳平	M10a_060_040_06_00	淳平	/sound/voice/M10a_060_040_06_00_00.ogg	unique_exact_anchor	exact	selected	1	same
m10a.fsb.txt	323	77	淳平	M10a_060_040_07_00	淳平	/sound/voice/M10a_060_040_07_00_00.ogg	unique_exact_anchor	exact	selected	1	same
m10a.fsb.txt	337	81	茜２	M10a_060_060_01_00	茜２	/sound/voice/M10a_060_060_01_00_00.ogg	unique_exact_anchor	exact	selected	1	same
m10a.fsb.txt	339	82	岩男	M10a_060_060_02_00	岩男	/sound/voice/M10a_060_060_02_00_00.ogg	unique_exact_anchor	exact	selected	1	same
m10a.fsb.txt	341	83	茜２	M10a_060_060_03_00	茜２	/sound/voice/M10a_060_060_03_00_00.ogg	unique_exact_anchor	exact	selected	1	same
m10a.fsb.txt	346	85	茜２	M10a_060_060_05_00	茜２	/sound/voice/M10a_060_060_05_00_00.ogg	unique_exact_anchor	exact	selected	1	same
m10a.fsb.txt	356	86	岩男	M10a_060_070_01_00	岩男	/sound/voice/M10a_060_070_01_00_00.ogg	unique_exact_anchor	exact	selected	1	same
m10a.fsb.txt	358	87	岩男	M10a_060_070_02_00	岩男	/sound/voice/M10a_060_070_02_00_00.ogg	unique_exact_anchor	exact	selected	1	same
m10a.fsb.txt	360	88	岩男	M10a_060_070_03_00	岩男	/sound/voice/M10a_060_070_03_00_00.ogg	unique_exact_anchor	exact	selected	1	same
m10a.fsb.txt	362	89	岩男	M10a_060_070_04_00	岩男	/sound/voice/M10a_060_070_04_00_00.ogg	unique_exact_anchor	exact	selected	1	same
m10a.fsb.txt	364	90	茜２	M10a_060_070_05_00	茜２	/sound/voice/M10a_060_070_05_00_00.ogg	unique_exact_anchor	exact	selected	1	same
m10a.fsb.txt	366	91	岩男	M10a_060_070_06_00	岩男	/sound/voice/M10a_060_070_06_00_00.ogg	unique_exact_anchor	exact	selected	1	same
m10a.fsb.txt	368	92	岩男	M10a_060_070_07_00	岩男	/sound/voice/M10a_060_070_07_00_00.ogg	unique_exact_anchor	exact	selected	1	same
m10a.fsb.txt	370	93	岩男	M10a_060_070_08_00	岩男	/sound/voice/M10a_060_070_08_00_00.ogg	unique_exact_anchor	exact	selected	1	same
m10a.fsb.txt	372	94	岩男	M10a_060_070_09_00	岩男	/sound/voice/M10a_060_070_09_00_00.ogg	unique_exact_anchor	exact	selected	1	same
m10a.fsb.txt	374	95	岩男	M10a_060_070_10_00	岩男	/sound/voice/M10a_060_070_10_00_00.ogg	unique_exact_anchor	exact	selected	1	same
m10a.fsb.txt	376	96	岩男	M10a_060_070_11_00	岩男	/sound/voice/M10a_060_070_11_00_00.ogg	unique_exact_anchor	exact	selected	1	same
m10a.fsb.txt	379	97	茜２	M10a_060_070_12_00	茜２	/sound/voice/M10a_060_070_12_00_00.ogg	unique_exact_anchor	exact	selected	1	same
m10a.fsb.txt	381	98	茜２	M10a_060_070_13_00	茜２	/sound/voice/M10a_060_070_13_00_00.ogg	unique_exact_anchor	exact	selected	1	same
m10a.fsb.txt	384	99	岩男	M10a_060_070_14_00	岩男	/sound/voice/M10a_060_070_14_00_00.ogg	unique_exact_anchor	exact	selected	1	same
m10a.fsb.txt	390	101	茜２	M10a_060_080_01_00	茜２	/sound/voice/M10a_060_080_01_00_00.ogg	unique_exact_anchor	exact	selected	1	same
m10a.fsb.txt	392	102	岩男	M10a_060_080_02_00	岩男	/sound/voice/M10a_060_080_02_00_00.ogg	unique_exact_anchor	exact	selected	1	same
m10a.fsb.txt	394	103	岩男	M10a_060_080_03_00	岩男	/sound/voice/M10a_060_080_03_00_00.ogg	monotonic_tfidf	high	selected	1	same
m10a.fsb.txt	396	104	淳平	M10a_060_080_04_00	淳平	/sound/voice/M10a_060_080_04_00_00.ogg	unique_exact_anchor	exact	selected	1	same
m10a.fsb.txt	408	107	岩男	M10a_060_080_07_10	岩男	/sound/voice/M10a_060_080_07_10_00.ogg	monotonic_tfidf	high	selected	1	same
m10a.fsb.txt	410	108	銀髪	M10a_060_080_08_00	銀髪	/sound/voice/M10a_060_080_08_00_00.ogg	unique_exact_anchor	exact	selected	1	same
m10a.fsb.txt	420	110	銀髪	M10a_060_090_02_00	銀髪	/sound/voice/M10a_060_090_02_00_00.ogg	monotonic_tfidf	high	selected	1	same
m10a.fsb.txt	422	111	銀髪	M10a_060_090_03_00	銀髪	/sound/voice/M10a_060_090_03_00_00.ogg	unique_exact_anchor	exact	selected	1	same
m10a.fsb.txt	430	112	獅子翁	M10a_060_090_04_00	獅子翁	/sound/voice/M10a_060_090_04_00_00.ogg	unique_exact_anchor	exact	selected	1	same
m10a.fsb.txt	432	113	銀髪	M10a_060_090_05_00	銀髪	/sound/voice/M10a_060_090_05_00_00.ogg	unique_exact_anchor	exact	selected	1	same
m10a.fsb.txt	448	116	獅子翁	M10a_060_091_01_00	獅子翁	/sound/voice/M10a_060_091_01_00_00.ogg	unique_exact_anchor	exact	selected	1	same
m10a.fsb.txt	450	117	獅子翁	M10a_060_091_02_00	獅子翁	/sound/voice/M10a_060_091_02_00_00.ogg	unique_exact_anchor	exact	selected	1	same
m10a.fsb.txt	457	118	獅子翁	M10a_060_091_03_00	獅子翁	/sound/voice/M10a_060_091_03_00_00.ogg	unique_exact_anchor	exact	selected	1	same
m10a.fsb.txt	464	119	踊り子	M10a_060_100_01_00	踊り子	/sound/voice/M10a_060_100_01_00_00.ogg	unique_exact_anchor	exact	selected	1	same
m10a.fsb.txt	466	120	踊り子	M10a_060_100_02_00	踊り子	/sound/voice/M10a_060_100_02_00_00.ogg	unique_exact_anchor	exact	selected	1	same
m10a.fsb.txt	473	121	踊り子	M10a_060_100_03_00	踊り子	/sound/voice/M10a_060_100_03_00_00.ogg	unique_exact_anchor	exact	selected	1	same
m10a.fsb.txt	480	122	王子	M10a_060_110_01_00	王子	/sound/voice/M10a_060_110_01_00_00.ogg	monotonic_tfidf	high	selected	1	same
m10a.fsb.txt	487	123	王子	M10a_060_110_02_00	王子	/sound/voice/M10a_060_110_02_00_00.ogg	unique_exact_anchor	exact	selected	1	same
m10a.fsb.txt	489	124	王子	M10a_060_110_03_00	王子	/sound/voice/M10a_060_110_03_00_00.ogg	monotonic_tfidf	high	selected	1	same
m10a.fsb.txt	514	130	桃色髪	M10a_060_130_01_00	桃色髪	/sound/voice/M10a_060_130_01_00_00.ogg	monotonic_tfidf	high	selected	1	same
m10a.fsb.txt	516	131	桃色髪	M10a_060_130_02_10	桃色髪	/sound/voice/M10a_060_130_02_10_00.ogg	unique_exact_anchor	exact	selected	1	same
m10a.fsb.txt	537	136	淳平	M10a_060_140_01_00	淳平	/sound/voice/M10a_060_140_01_00_00.ogg | /sound/voice/M10a_060_140_01_00_01.ogg	monotonic_tfidf	high	selected	1	same
m10a.fsb.txt	539	137	踊り子	M10a_060_140_02_00	踊り子	/sound/voice/M10a_060_140_02_00_00.ogg	unique_exact_anchor	exact	selected	1	same
m10a.fsb.txt	547	139	踊り子	M10a_060_140_04_00	踊り子	/sound/voice/M10a_060_140_04_00_00.ogg	unique_exact_anchor	exact	selected	1	same
m10a.fsb.txt	549	140	淳平	M10a_060_140_05_00	淳平	/sound/voice/M10a_060_140_05_00_00.ogg	unique_exact_anchor	exact	selected	1	same
m10a.fsb.txt	559	143	茜２	M10a_060_150_03_00	茜２	/sound/voice/M10a_060_150_03_00_00.ogg	unique_exact_anchor	exact	selected	1	same
m10a.fsb.txt	561	144	茜２	M10a_060_150_04_00	茜２	/sound/voice/M10a_060_150_04_00_00.ogg	unique_exact_anchor	exact	selected	1	same
m10a.fsb.txt	563	145	岩男	M10a_060_150_05_00	岩男	/sound/voice/M10a_060_150_05_00_00.ogg	unique_exact_anchor	exact	selected	1	same
m10a.fsb.txt	565	146	銀髪	M10a_060_150_06_00	銀髪	/sound/voice/M10a_060_150_06_00_00.ogg	unique_exact_anchor	exact	selected	1	same
m10a.fsb.txt	575	150	淳平	M10a_060_160_03_00	淳平	/sound/voice/M10a_060_160_03_00_00.ogg	unique_exact_anchor	exact	selected	1	same
m10a.fsb.txt	577	151	茜２	M10a_060_160_04_00	茜２	/sound/voice/M10a_060_160_04_00_00.ogg	unique_exact_anchor	exact	selected	1	same
m10a.fsb.txt	590	155	淳平	M10a_060_160_08_00	淳平	/sound/voice/M10a_060_160_08_00_00.ogg	unique_exact_anchor	exact	selected	1	same
m10a.fsb.txt	592	156	獅子翁	M10a_060_160_09_00	獅子翁	/sound/voice/M10a_060_160_09_00_00.ogg	unique_exact_anchor	exact	selected	1	same
m10a.fsb.txt	599	157	淳平	M10a_060_170_01_00	淳平	/sound/voice/M10a_060_170_01_00_00.ogg	unique_exact_anchor	exact	selected	1	same
m10a.fsb.txt	601	158	淳平	M10a_060_170_02_00	淳平	/sound/voice/M10a_060_170_02_00_00.ogg	monotonic_tfidf	high	selected	1	same
m10a.fsb.txt	603	159	茜２	M10a_060_170_03_00	茜２	/sound/voice/M10a_060_170_03_00_00.ogg	unique_exact_anchor	exact	selected	1	same
m10a.fsb.txt	610	162	淳平	M10a_060_170_06_00	淳平	/sound/voice/M10a_060_170_06_00_00.ogg	unique_exact_anchor	exact	selected	1	same
m10a.fsb.txt	744	182	四葉	M10a_070_030_01_00	四葉	/sound/voice/M10a_070_030_01_00_00.ogg	unique_exact_anchor	exact	selected	1	same
m10a.fsb.txt	751	185	四葉	M10a_070_030_04_00	四葉	/sound/voice/M10a_070_030_04_00_00.ogg	unique_exact_anchor	exact	selected	1	same
m10a.fsb.txt	757	187	鳥の巣	M10a_070_040_03_00	鳥の巣	/sound/voice/M10a_070_040_03_00_00.ogg	unique_exact_anchor	exact	selected	1	same
m10a.fsb.txt	759	188	鳥の巣	M10a_070_040_04_00	鳥の巣	/sound/voice/M10a_070_040_04_00_00.ogg	unique_exact_anchor	exact	selected	1	same
m10a.fsb.txt	761	189	鳥の巣	M10a_070_040_05_00	鳥の巣	/sound/voice/M10a_070_040_05_00_00.ogg	unique_exact_anchor	exact	selected	1	same
m10a.fsb.txt	763	190	鳥の巣	M10a_070_040_06_00	鳥の巣	/sound/voice/M10a_070_040_06_00_00.ogg	unique_exact_anchor	exact	selected	1	same
m10a.fsb.txt	765	191	四葉	M10a_070_040_07_00	四葉	/sound/voice/M10a_070_040_07_00_00.ogg	unique_exact_anchor	exact	selected	1	same
m10a.fsb.txt	767	192	鳥の巣	M10a_070_040_08_00	鳥の巣	/sound/voice/M10a_070_040_08_00_00.ogg	unique_exact_anchor	exact	selected	1	same
m10a.fsb.txt	783	196	四葉	M10a_070_050_03_00	四葉	/sound/voice/M10a_070_050_03_00_00.ogg	unique_exact_anchor	exact	selected	1	same
m10a.fsb.txt	785	197	鳥の巣	M10a_070_050_04_00	鳥の巣	/sound/voice/M10a_070_050_04_00_00.ogg	unique_exact_anchor	exact	selected	1	same
m10a.fsb.txt	787	198	四葉	M10a_070_050_05_00	四葉	/sound/voice/M10a_070_050_05_00_00.ogg	unique_exact_anchor	exact	selected	1	same
m10a.fsb.txt	789	199	鳥の巣	M10a_070_050_06_00	鳥の巣	/sound/voice/M10a_070_050_06_00_00.ogg	unique_exact_anchor	exact	selected	1	same
m10a.fsb.txt	791	200	四葉	M10a_070_050_07_00	四葉	/sound/voice/M10a_070_050_07_00_00.ogg	unique_exact_anchor	exact	selected	1	same
m10a.fsb.txt	793	201	鳥の巣	M10a_070_050_08_00	鳥の巣	/sound/voice/M10a_070_050_08_00_00.ogg	unique_exact_anchor	exact	selected	1	same
m10a.fsb.txt	807	204	四葉	M10a_070_070_01_00	四葉	/sound/voice/M10a_070_070_01_00_00.ogg	unique_exact_anchor	exact	selected	1	same
m10a.fsb.txt	809	205	鳥の巣	M10a_070_070_02_00	鳥の巣	/sound/voice/M10a_070_070_02_00_00.ogg	unique_exact_anchor	exact	selected	1	same
m10a.fsb.txt	811	206	四葉	M10a_070_070_03_00	四葉	/sound/voice/M10a_070_070_03_00_00.ogg	unique_exact_anchor	exact	selected	1	same
m10a.fsb.txt	813	207	鳥の巣	M10a_070_070_04_00	鳥の巣	/sound/voice/M10a_070_070_04_00_00.ogg	unique_exact_anchor	exact	selected	1	same
m10a.fsb.txt	815	208	四葉	M10a_070_070_05_00	四葉	/sound/voice/M10a_070_070_05_00_00.ogg	unique_exact_anchor	exact	selected	1	same
m10a.fsb.txt	817	209	鳥の巣	M10a_070_070_06_00	鳥の巣	/sound/voice/M10a_070_070_06_00_00.ogg	unique_exact_anchor	exact	selected	1	same
m10a.fsb.txt	820	210	鳥の巣	M10a_070_070_07_00	鳥の巣	/sound/voice/M10a_070_070_07_00_00.ogg	unique_exact_anchor	exact	selected	1	same
m10a.fsb.txt	842	214	サンタ	M10a_070_080_03_00	サンタ	/sound/voice/M10a_070_080_03_00_00.ogg	unique_exact_anchor	exact	selected	1	same
m10a.fsb.txt	852	217	鳥の巣	M10a_070_080_07_00	鳥の巣	/sound/voice/M10a_070_080_07_00_00.ogg	unique_exact_anchor	exact	selected	1	same
m10a.fsb.txt	867	221	鳥の巣	M10a_070_090_03_00	鳥の巣	/sound/voice/M10a_070_090_03_00_00.ogg	unique_exact_anchor	exact	selected	1	same
m10a.fsb.txt	869	222	鳥の巣	M10a_070_090_04_00	鳥の巣	/sound/voice/M10a_070_090_04_00_00.ogg	unique_exact_anchor	exact	selected	1	same
m10a.fsb.txt	875	224	鳥の巣	M10a_070_100_02_00	鳥の巣	/sound/voice/M10a_070_100_02_00_00.ogg	monotonic_tfidf	medium	selected	1	same
m10a.fsb.txt	892	226	ニルス	M10a_080_010_01_00	ニルス	/sound/voice/M10a_080_010_01_00_00.ogg	unique_exact_anchor	exact	selected	1	same
m10a.fsb.txt	901	228	四葉	M10a_080_010_03_00	四葉	/sound/voice/M10a_080_010_03_00_00.ogg	unique_exact_anchor	exact	selected	1	same
m10a.fsb.txt	908	230	淳平	M10a_080_020_01_00	淳平	/sound/voice/M10a_080_020_01_00_00.ogg	unique_exact_anchor	exact	selected	1	same
m10a.fsb.txt	910	231	鳥の巣	M10a_080_020_02_00	鳥の巣	/sound/voice/M10a_080_020_02_00_00.ogg	unique_exact_anchor	exact	selected	1	same
m10a.fsb.txt	912	232	鳥の巣	M10a_080_020_03_00	鳥の巣	/sound/voice/M10a_080_020_03_00_00.ogg	unique_exact_anchor	exact	selected	1	same
m10a.fsb.txt	914	233	セブン	M10a_080_020_04_00	セブン	/sound/voice/M10a_080_020_04_00_00.ogg	unique_exact_anchor	exact	selected	1	same
m10a.fsb.txt	916	234	鳥の巣	M10a_080_020_05_00	鳥の巣	/sound/voice/M10a_080_020_05_00_00.ogg	unique_exact_anchor	exact	selected	1	same
m10a.fsb.txt	918	235	鳥の巣	M10a_080_020_06_00	鳥の巣	/sound/voice/M10a_080_020_06_00_00.ogg	unique_exact_anchor	exact	selected	1	same
m10a.fsb.txt	937	240	鳥の巣	M10a_080_030_01_10	鳥の巣	/sound/voice/M10a_080_030_01_10_00.ogg	monotonic_tfidf	medium	selected	1	same
m10a.fsb.txt	939	241	四葉	M10a_080_030_02_00	四葉	/sound/voice/M10a_080_030_02_00_00.ogg	unique_exact_anchor	exact	selected	1	same
m10a.fsb.txt	941	242	鳥の巣	M10a_080_030_03_00	鳥の巣	/sound/voice/M10a_080_030_03_00_00.ogg | /sound/voice/M10a_080_030_03_00_01.ogg	monotonic_tfidf	high	selected	1	same
m10a.fsb.txt	946	243	鳥の巣	M10a_080_030_04_00	鳥の巣	/sound/voice/M10a_080_030_04_00_00.ogg	unique_exact_anchor	exact	selected	1	same
m10a.fsb.txt	948	244	四葉	M10a_080_030_05_00	四葉	/sound/voice/M10a_080_030_05_00_00.ogg	unique_exact_anchor	exact	selected	1	same
m10a.fsb.txt	957	246	鳥の巣	M10a_080_040_01_00	鳥の巣	/sound/voice/M10a_080_040_01_00_00.ogg	unique_exact_anchor	exact	selected	1	same
m10a.fsb.txt	959	247	鳥の巣	M10a_080_040_02_00	鳥の巣	/sound/voice/M10a_080_040_02_00_00.ogg	unique_exact_anchor	exact	selected	1	same
m10a.fsb.txt	961	248	鳥の巣	M10a_080_040_03_00	鳥の巣	/sound/voice/M10a_080_040_03_00_00.ogg	unique_exact_anchor	exact	selected	1	same
m10a.fsb.txt	963	249	鳥の巣	M10a_080_040_04_00	鳥の巣	/sound/voice/M10a_080_040_04_00_00.ogg	unique_exact_anchor	exact	selected	1	same
m10a.fsb.txt	967	251	鳥の巣	M10a_080_040_06_00	鳥の巣	/sound/voice/M10a_080_040_06_00_00.ogg	unique_exact_anchor	exact	selected	1	same
m10a.fsb.txt	1034	264	鳥の巣	M10a_080_070_03_00	鳥の巣	/sound/voice/M10a_080_070_03_00_00.ogg	unique_exact_anchor	exact	selected	1	same
m10a.fsb.txt	1036	265	鳥の巣	M10a_080_070_04_00	鳥の巣	/sound/voice/M10a_080_070_04_00_00.ogg	unique_exact_anchor	exact	selected	1	same
m10a.fsb.txt	1044	268	鳥の巣	M10a_080_080_03_00	鳥の巣	/sound/voice/M10a_080_080_03_00_00.ogg	unique_exact_anchor	exact	selected	1	same
m10a.fsb.txt	1047	269	一宮	M10a_080_080_04_00	一宮	/sound/voice/M10a_080_080_04_00_00.ogg	unique_exact_anchor	exact	selected	1	same
m10a.fsb.txt	1049	270	鳥の巣	M10a_080_080_05_00	鳥の巣	/sound/voice/M10a_080_080_05_00_00.ogg	unique_exact_anchor	exact	selected	1	same
m10a.fsb.txt	1051	271	鳥の巣	M10a_080_080_06_00	鳥の巣	/sound/voice/M10a_080_080_06_00_00.ogg	unique_exact_anchor	exact	selected	1	same
m10a.fsb.txt	1055	273	鳥の巣	M10a_080_080_08_00	鳥の巣	/sound/voice/M10a_080_080_08_00_00.ogg	unique_exact_anchor	exact	selected	1	same
m10a.fsb.txt	1057	274	鳥の巣	M10a_080_080_09_00	鳥の巣	/sound/voice/M10a_080_080_09_00_00.ogg	unique_exact_anchor	exact	selected	1	same
m10a.fsb.txt	1061	275	一宮	M10a_080_090_01_00	一宮	/sound/voice/M10a_080_090_01_00_00.ogg	unique_exact_anchor	exact	selected	1	same
m10a.fsb.txt	1080	280	鳥の巣	M10a_080_110_01_00	鳥の巣	/sound/voice/M10a_080_110_01_00_00.ogg	unique_exact_anchor	exact	selected	1	same
m10a.fsb.txt	1132	290	鳥の巣	M10a_080_140_01_00	鳥の巣	/sound/voice/M10a_080_140_01_00_00.ogg	unique_exact_anchor	exact	selected	1	same
m10a.fsb.txt	1139	293	鳥の巣	M10a_080_140_04_00	鳥の巣	/sound/voice/M10a_080_140_04_00_00.ogg	unique_exact_anchor	exact	selected	1	same
m10a.fsb.txt	1162	300	鳥の巣	M10a_080_151_01_00	鳥の巣	/sound/voice/M10a_080_151_01_00_00.ogg	unique_exact_anchor	exact	selected	1	same
m10a.fsb.txt	1164	301	鳥の巣	M10a_080_151_02_00	鳥の巣	/sound/voice/M10a_080_151_02_00_00.ogg	unique_exact_anchor	exact	selected	1	same
m10a.fsb.txt	1169	302	鳥の巣	M10a_080_151_03_00	鳥の巣	/sound/voice/M10a_080_151_03_00_00.ogg	unique_exact_anchor	exact	selected	1	same
m10a.fsb.txt	1171	303	鳥の巣	M10a_080_151_04_00	鳥の巣	/sound/voice/M10a_080_151_04_00_00.ogg	unique_exact_anchor	exact	selected	1	same
m10a.fsb.txt	1199	309	淳平	M10a_080_170_01_00	淳平	/sound/voice/M10a_080_170_01_00_00.ogg	unique_exact_anchor	exact	selected	1	same
m10a.fsb.txt	1210	312	四葉	M10a_080_170_05_00	四葉	/sound/voice/M10a_080_170_05_00_00.ogg	monotonic_tfidf	exact	selected	1	same
m10a.fsb.txt	1222	314	鳥の巣	M10a_080_180_01_00	鳥の巣	/sound/voice/M10a_080_180_01_00_00.ogg	unique_exact_anchor	exact	selected	1	same
m10a.fsb.txt	1224	315	鳥の巣	M10a_080_180_02_00	鳥の巣	/sound/voice/M10a_080_180_02_00_00.ogg	unique_exact_anchor	exact	selected	1	same
m10a.fsb.txt	1226	316	鳥の巣	M10a_080_180_03_00	鳥の巣	/sound/voice/M10a_080_180_03_00_00.ogg	monotonic_tfidf	review	selected	1	same
m10a.fsb.txt	1252	320	ニルス	M10a_090_010_01_00	ニルス	/sound/voice/M10a_090_010_01_00_00.ogg	unique_exact_anchor	exact	selected	1	same
m10a.fsb.txt	1263	322	四葉	M10a_090_010_03_00	四葉	/sound/voice/M10a_090_010_03_00_00.ogg	unique_exact_anchor	exact	selected	1	same
m10a.fsb.txt	1293	328	淳平	M10a_090_020_04_00	淳平	/sound/voice/M10a_090_020_04_00_00.ogg	unique_exact_anchor	exact	selected	1	same
m10a.fsb.txt	1300	330	八代	M10a_090_021_02_00	八代	/sound/voice/M10a_090_021_02_00_00.ogg	unique_exact_anchor	exact	selected	1	same
m10a.fsb.txt	1302	331	淳平	M10a_090_021_03_00	淳平	/sound/voice/M10a_090_021_03_00_00.ogg	unique_exact_anchor	exact	selected	1	same
m10a.fsb.txt	1304	332	八代	M10a_090_021_04_00	八代	/sound/voice/M10a_090_021_04_00_00.ogg	unique_exact_anchor	exact	selected	1	same
m10a.fsb.txt	1317	335	紫	M10a_090_030_03_00	紫	/sound/voice/M10a_090_030_03_00_00.ogg	unique_exact_anchor	exact	selected	1	same
m10a.fsb.txt	1320	336	サンタ	M10a_090_030_04_00	サンタ	/sound/voice/M10a_090_030_04_00_00.ogg	unique_exact_anchor	exact	selected	1	same
m10a.fsb.txt	1329	339	鳥の巣	M10a_090_040_01_00	鳥の巣	/sound/voice/M10a_090_040_01_00_00.ogg	unique_exact_anchor	exact	selected	1	same
m10a.fsb.txt	1331	340	鳥の巣	M10a_090_040_02_00	鳥の巣	/sound/voice/M10a_090_040_02_00_00.ogg	unique_exact_anchor	exact	selected	1	same
m10a.fsb.txt	1348	342	鳥の巣	M10a_090_050_01_00	鳥の巣	/sound/voice/M10a_090_050_01_00_00.ogg	unique_exact_anchor	exact	selected	1	same
m10a.fsb.txt	1350	343	鳥の巣	M10a_090_050_02_00	鳥の巣	/sound/voice/M10a_090_050_02_00_00.ogg	monotonic_tfidf	exact	selected	1	same
m10a.fsb.txt	1352	344	鳥の巣	M10a_090_050_03_00	鳥の巣	/sound/voice/M10a_090_050_03_00_00.ogg	monotonic_tfidf	exact	selected	1	same
m10a.fsb.txt	1360	347	一宮	M10a_090_050_06_00	一宮	/sound/voice/M10a_090_050_06_00_00.ogg	unique_exact_anchor	exact	selected	1	same
m10a.fsb.txt	1385	348	鳥の巣	M10a_090_051_01_00	鳥の巣	/sound/voice/M10a_090_051_01_00_00.ogg	unique_exact_anchor	exact	selected	1	same
m10a.fsb.txt	1387	349	鳥の巣	M10a_090_051_02_00	鳥の巣	/sound/voice/M10a_090_051_02_00_00.ogg	unique_exact_anchor	exact	selected	1	same
m10a.fsb.txt	1446	354	鳥の巣	M10a_090_061_01_00	鳥の巣	/sound/voice/M10a_090_061_01_00_00.ogg	unique_exact_anchor	exact	selected	1	same
m10a.fsb.txt	1448	355	鳥の巣	M10a_090_061_02_00	鳥の巣	/sound/voice/M10a_090_061_02_00_00.ogg	unique_exact_anchor	exact	selected	1	same
m10a.fsb.txt	1450	356	鳥の巣	M10a_090_061_03_00	鳥の巣	/sound/voice/M10a_090_061_03_00_00.ogg	unique_exact_anchor	exact	selected	1	same
m10a.fsb.txt	1452	357	鳥の巣	M10a_090_061_04_00	鳥の巣	/sound/voice/M10a_090_061_04_00_00.ogg	unique_exact_anchor	exact	selected	1	same
m10a.fsb.txt	1455	358	鳥の巣	M10a_090_061_05_00	鳥の巣	/sound/voice/M10a_090_061_05_00_00.ogg	unique_exact_anchor	exact	selected	1	same
m10a.fsb.txt	1513	369	セブン	M10a_100_030_03_00	セブン	/sound/voice/M10a_100_030_03_00_00.ogg	unique_exact_anchor	exact	selected	1	same
m10a.fsb.txt	1551	381	淳平	M10a_100_050_01_00	淳平	/sound/voice/M10a_100_050_01_00_00.ogg	unique_exact_anchor	exact	selected	1	same
m10a.fsb.txt	1578	386	淳平	M10a_100_060_01_00	淳平	/sound/voice/M10a_100_060_01_00_00.ogg	unique_exact_anchor	exact	selected	1	same
m10a.fsb.txt	1605	391	淳平	M10a_100_070_01_00	淳平	/sound/voice/M10a_100_070_01_00_00.ogg	unique_exact_anchor	exact	selected	1	same
m10a.fsb.txt	1636	398	淳平	M10a_100_080_03_00	淳平	/sound/voice/M10a_100_080_03_00_00.ogg	unique_exact_anchor	exact	selected	1	same
m10a.fsb.txt	1670	408	八代	M10a_100_100_04_00	八代	/sound/voice/M10a_100_100_04_00_00.ogg	unique_exact_anchor	exact	selected	1	same
m10a.fsb.txt	1673	409	一宮	M10a_100_100_05_00	一宮	/sound/voice/M10a_100_100_05_00_00.ogg	unique_exact_anchor	exact	selected	1	same
m10a.fsb.txt	1684	412	セブン	M10a_100_101_03_00	セブン	/sound/voice/M10a_100_101_03_00_00.ogg	unique_exact_anchor	exact	selected	1	same
m10a.fsb.txt	1691	414	サンタ	M10a_100_102_02_00	サンタ	/sound/voice/M10a_100_102_02_00_00.ogg	unique_exact_anchor	exact	selected	1	same
m10a.fsb.txt	1708	417	紫	M10a_100_103_01_00	紫	/sound/voice/M10a_100_103_01_00_00.ogg	unique_exact_anchor	exact	selected	1	same
m10a.fsb.txt	1728	423	淳平	M10a_100_104_02_00	淳平	/sound/voice/M10a_100_104_02_00_00.ogg	monotonic_tfidf	high	selected	1	same
m10a.fsb.txt	1745	427	淳平	M10a_100_110_03_00	淳平	/sound/voice/M10a_100_110_03_00_00.ogg	unique_exact_anchor	exact	selected	1	same
m10a.fsb.txt	1755	431	淳平	M10a_100_120_01_00	淳平	/sound/voice/M10a_100_120_01_00_00.ogg	unique_exact_anchor	exact	selected	1	same
m10a.fsb.txt	1765	434	淳平	M10a_100_120_04_00	淳平	/sound/voice/M10a_100_120_04_00_00.ogg	unique_exact_anchor	exact	selected	1	same
m10a.fsb.txt	1775	436	淳平	M10a_100_121_01_00	淳平	/sound/voice/M10a_100_121_01_00_00.ogg	unique_exact_anchor	exact	selected	1	same
m10a.fsb.txt	1781	438	紫	M10a_100_130_01_00	紫	/sound/voice/M10a_100_130_01_00_00.ogg	unique_exact_anchor	exact	selected	1	same
m10a.fsb.txt	1786	440	紫	M10a_100_130_03_00	紫	/sound/voice/M10a_100_130_03_00_00.ogg	unique_exact_anchor	exact	selected	1	same
m10a.fsb.txt	1792	442	淳平	M10a_100_140_01_00	淳平	/sound/voice/M10a_100_140_01_00_00.ogg	unique_exact_anchor	exact	selected	1	same
m10a.fsb.txt	1794	443	淳平	M10a_100_140_02_00	淳平	/sound/voice/M10a_100_140_02_00_00.ogg	unique_exact_anchor	exact	selected	1	same
m10a.fsb.txt	1796	444	淳平	M10a_100_140_03_00	淳平	/sound/voice/M10a_100_140_03_00_00.ogg	unique_exact_anchor	exact	selected	1	same
m10a.fsb.txt	1847	454	一宮	M10a_110_011_01_00	一宮	/sound/voice/M10a_110_011_01_00_00.ogg	unique_exact_anchor	exact	selected	1	same
m10a.fsb.txt	1852	456	セブン	M10a_110_011_03_00	セブン	/sound/voice/M10a_110_011_03_00_00.ogg	unique_exact_anchor	exact	selected	1	same
m10a.fsb.txt	1861	458	サンタ	M10a_110_012_01_00	サンタ	/sound/voice/M10a_110_012_01_00_00.ogg	unique_exact_anchor	exact	selected	1	same
m10a.fsb.txt	1865	460	サンタ	M10a_110_012_03_00	サンタ	/sound/voice/M10a_110_012_03_00_00.ogg	unique_exact_anchor	exact	selected	1	same
m10a.fsb.txt	1867	461	サンタ	M10a_110_012_04_00	サンタ	/sound/voice/M10a_110_012_04_00_00.ogg	unique_exact_anchor	exact	selected	1	same
m10a.fsb.txt	1869	462	サンタ	M10a_110_012_05_00	サンタ	/sound/voice/M10a_110_012_05_00_00.ogg	unique_exact_anchor	exact	selected	1	same
m10a.fsb.txt	1886	466	八代	M10a_110_020_02_00	八代	/sound/voice/M10a_110_020_02_00_00.ogg	unique_exact_anchor	exact	selected	1	same
m10a.fsb.txt	1888	467	サンタ	M10a_110_020_03_00	サンタ	/sound/voice/M10a_110_020_03_00_00.ogg	unique_exact_anchor	exact	selected	1	same
m10a.fsb.txt	1890	468	八代	M10a_110_020_04_00	八代	/sound/voice/M10a_110_020_04_00_00.ogg	unique_exact_anchor	exact	selected	1	same
m10a.fsb.txt	1928	479	サンタ	M10a_110_050_02_00	サンタ	/sound/voice/M10a_110_050_02_00_00.ogg	unique_exact_anchor	exact	selected	1	same
m10a.fsb.txt	1933	481	サンタ	M10a_110_050_04_00	サンタ	/sound/voice/M10a_110_050_04_00_00.ogg	unique_exact_anchor	exact	selected	1	same
m10a.fsb.txt	1935	482	サンタ	M10a_110_050_05_00	サンタ	/sound/voice/M10a_110_050_05_00_00.ogg	unique_exact_anchor	exact	selected	1	same
m10a.fsb.txt	1938	483	ニルス	M10a_110_051_01_00	ニルス	/sound/voice/M10a_110_051_01_00_00.ogg	unique_exact_anchor	exact	selected	1	same
m10a.fsb.txt	1950	485	サンタ	M10a_110_060_01_00	サンタ	/sound/voice/M10a_110_060_01_00_00.ogg	unique_exact_anchor	exact	selected	1	same
m10a.fsb.txt	1952	486	ニルス	M10a_110_060_02_00	ニルス	/sound/voice/M10a_110_060_02_00_00.ogg	unique_exact_anchor	exact	selected	1	same
m10a.fsb.txt	1954	487	サンタ	M10a_110_060_03_00	サンタ	/sound/voice/M10a_110_060_03_00_00.ogg	unique_exact_anchor	exact	selected	1	same
m10a.fsb.txt	1956	488	ニルス	M10a_110_060_04_00	ニルス	/sound/voice/M10a_110_060_04_00_00.ogg	unique_exact_anchor	exact	selected	1	same
m10a.fsb.txt	1959	489	サンタ	M10a_110_060_05_00	サンタ	/sound/voice/M10a_110_060_05_00_00.ogg	unique_exact_anchor	exact	selected	1	same
m10a.fsb.txt	1961	490	ニルス	M10a_110_060_06_00	ニルス	/sound/voice/M10a_110_060_06_00_00.ogg	unique_exact_anchor	exact	selected	1	same
m10a.fsb.txt	1963	491	サンタ	M10a_110_060_07_00	サンタ	/sound/voice/M10a_110_060_07_00_00.ogg	unique_exact_anchor	exact	selected	1	same
m10a.fsb.txt	1965	492	ニルス	M10a_110_060_08_00	ニルス	/sound/voice/M10a_110_060_08_00_00.ogg	unique_exact_anchor	exact	selected	1	same
m10a.fsb.txt	1967	493	サンタ	M10a_110_060_09_00	サンタ	/sound/voice/M10a_110_060_09_00_00.ogg	monotonic_tfidf	exact	selected	1	same
m10a.fsb.txt	1971	494	ニルス	M10a_110_070_01_00	ニルス	/sound/voice/M10a_110_070_01_00_00.ogg	unique_exact_anchor	exact	selected	1	same
m10a.fsb.txt	1973	495	ニルス	M10a_110_070_02_00	ニルス	/sound/voice/M10a_110_070_02_00_00.ogg	unique_exact_anchor	exact	selected	1	same
m10a.fsb.txt	1976	496	サンタ	M10a_110_070_03_00	サンタ	/sound/voice/M10a_110_070_03_00_00.ogg	monotonic_tfidf	high	selected	1	same
m10a.fsb.txt	1978	497	ニルス	M10a_110_070_04_00	ニルス	/sound/voice/M10a_110_070_04_00_00.ogg	unique_exact_anchor	exact	selected	1	same
m10a.fsb.txt	1980	498	ニルス	M10a_110_070_05_00	ニルス	/sound/voice/M10a_110_070_05_00_00.ogg	unique_exact_anchor	exact	selected	1	same
m10a.fsb.txt	1982	499	サンタ	M10a_110_070_06_00	サンタ	/sound/voice/M10a_110_070_06_00_00.ogg	monotonic_tfidf	exact	selected	1	same
m10a.fsb.txt	2018	511	八代	M10a_110_090_01_00	八代	/sound/voice/M10a_110_090_01_00_00.ogg	monotonic_tfidf	high	selected	1	same
m10a.fsb.txt	2020	512	八代	M10a_110_090_02_00	八代	/sound/voice/M10a_110_090_02_00_00.ogg	monotonic_tfidf	exact	selected	1	same
m10a.fsb.txt	2024	513	ニルス	M10a_110_090_03_00	ニルス	/sound/voice/M10a_110_090_03_00_00.ogg	monotonic_tfidf	exact	selected	1	same
m10a.fsb.txt	2033	515	淳平	M10a_110_100_01_00	淳平	/sound/voice/M10a_110_100_01_00_00.ogg	monotonic_tfidf	high	selected	1	same
m10a.fsb.txt	2035	516	淳平	M10a_110_100_02_00	淳平	/sound/voice/M10a_110_100_02_00_00.ogg	unique_exact_anchor	exact	selected	1	same
m10a.fsb.txt	2037	517	淳平	M10a_110_100_03_00	淳平	/sound/voice/M10a_110_100_03_00_00.ogg	unique_exact_anchor	exact	selected	1	same
m10a.fsb.txt	2045	518	ニルス	M10a_110_110_01_00	ニルス	/sound/voice/M10a_110_110_01_00_00.ogg	unique_exact_anchor	exact	selected	1	same
m10a.fsb.txt	2069	524	八代	M10a_110_130_01_00	八代	/sound/voice/M10a_110_130_01_00_00.ogg	monotonic_tfidf	high	selected	1	same
m10a.fsb.txt	2071	525	八代	M10a_110_130_02_00	八代	/sound/voice/M10a_110_130_02_00_00.ogg	monotonic_tfidf	exact	selected	1	same
m10a.fsb.txt	2075	526	ニルス	M10a_110_130_03_00	ニルス	/sound/voice/M10a_110_130_03_00_00.ogg	monotonic_tfidf	exact	selected	1	same
m10a.fsb.txt	2082	528	ニルス	M10a_110_131_01_00	ニルス	/sound/voice/M10a_110_131_01_00_00.ogg	unique_exact_anchor	exact	selected	1	same
m10a.fsb.txt	2084	529	ニルス	M10a_110_131_02_00	ニルス	/sound/voice/M10a_110_131_02_00_00.ogg	unique_exact_anchor	exact	selected	1	same
m10a.fsb.txt	2086	530	ニルス	M10a_110_131_03_00	ニルス	/sound/voice/M10a_110_131_03_00_00.ogg	unique_exact_anchor	exact	selected	1	same
m10a.fsb.txt	2096	531	セブン	M10a_110_140_01_00	セブン	/sound/voice/M10a_110_140_01_00_00.ogg	unique_exact_anchor	exact	selected	1	same
m10a.fsb.txt	2098	532	セブン	M10a_110_140_02_00	セブン	/sound/voice/M10a_110_140_02_00_00.ogg	unique_exact_anchor	exact	selected	1	same
m10a.fsb.txt	2101	533	ニルス	M10a_110_140_03_00	ニルス	/sound/voice/M10a_110_140_03_00_00.ogg	unique_exact_anchor	exact	selected	1	same
m10a.fsb.txt	2103	534	セブン	M10a_110_140_04_00	セブン	/sound/voice/M10a_110_140_04_00_00.ogg	unique_exact_anchor	exact	selected	1	same
m10a.fsb.txt	2105	535	ニルス	M10a_110_140_05_00	ニルス	/sound/voice/M10a_110_140_05_00_00.ogg	unique_exact_anchor	exact	selected	1	same
m10a.fsb.txt	2107	536	ニルス	M10a_110_140_06_00	ニルス	/sound/voice/M10a_110_140_06_00_00.ogg	unique_exact_anchor	exact	selected	1	same
m10a.fsb.txt	2109	537	セブン	M10a_110_140_07_00	セブン	/sound/voice/M10a_110_140_07_00_00.ogg	unique_exact_anchor	exact	selected	1	same
m10a.fsb.txt	2115	539	ニルス	M10a_110_150_02_00	ニルス	/sound/voice/M10a_110_150_02_00_00.ogg	unique_exact_anchor	exact	selected	1	same
m10a.fsb.txt	2117	540	ニルス	M10a_110_150_03_00	ニルス	/sound/voice/M10a_110_150_03_00_00.ogg	unique_exact_anchor	exact	selected	1	same
m10a.fsb.txt	2119	541	ニルス	M10a_110_150_04_00	ニルス	/sound/voice/M10a_110_150_04_00_00.ogg	unique_exact_anchor	exact	selected	1	same
m10a.fsb.txt	2121	542	ニルス	M10a_110_150_05_00	ニルス	/sound/voice/M10a_110_150_05_00_00.ogg	unique_exact_anchor	exact	selected	1	same
m10a.fsb.txt	2131	545	一宮	M10a_110_151_03_00	一宮	/sound/voice/M10a_110_151_03_00_00.ogg	unique_exact_anchor	exact	selected	1	same
m10a.fsb.txt	2134	546	ニルス	M10a_110_151_04_00	ニルス	/sound/voice/M10a_110_151_04_00_00.ogg	unique_exact_anchor	exact	selected	1	same
m10a.fsb.txt	2136	547	一宮	M10a_110_151_05_00	一宮	/sound/voice/M10a_110_151_05_00_00.ogg	unique_exact_anchor	exact	selected	1	same
m10a.fsb.txt	2138	548	ニルス	M10a_110_151_06_00	ニルス	/sound/voice/M10a_110_151_06_00_00.ogg	unique_exact_anchor	exact	selected	1	same
m10a.fsb.txt	2148	551	一宮	M10a_110_160_04_00	一宮	/sound/voice/M10a_110_160_04_00_00.ogg	unique_exact_anchor	exact	selected	1	same
m10a.fsb.txt	2152	552	サンタ	M10a_110_160_05_00	サンタ	/sound/voice/M10a_110_160_05_00_00.ogg	unique_exact_anchor	exact	selected	1	same
m10a.fsb.txt	2159	554	サンタ	M10a_110_170_02_00	サンタ	/sound/voice/M10a_110_170_02_00_00.ogg	unique_exact_anchor	exact	selected	1	same
m10a.fsb.txt	2166	556	セブン	M10a_110_170_04_00	セブン	/sound/voice/M10a_110_170_04_00_00.ogg	unique_exact_anchor	exact	selected	1	same
m10a.fsb.txt	2179	559	淳平	M10a_110_180_01_00	淳平	/sound/voice/M10a_110_180_01_00_00.ogg	unique_exact_anchor	exact	selected	1	same
m10a.fsb.txt	2194	565	八代	M10a_110_190_03_00	八代	/sound/voice/M10a_110_190_03_00_00.ogg	unique_exact_anchor	exact	selected	1	same
m10a.fsb.txt	2201	566	ニルス	M10a_110_200_01_00	ニルス	/sound/voice/M10a_110_200_01_00_00.ogg	unique_exact_anchor	exact	selected	1	same
m10a.fsb.txt	2203	567	ニルス	M10a_110_200_02_00	ニルス	/sound/voice/M10a_110_200_02_00_00.ogg	unique_exact_anchor	exact	selected	1	same
m10a.fsb.txt	2205	568	一宮	M10a_110_200_03_00	一宮	/sound/voice/M10a_110_200_03_00_00.ogg	unique_exact_anchor	exact	selected	1	same
m10a.fsb.txt	2207	569	サンタ	M10a_110_200_04_00	サンタ	/sound/voice/M10a_110_200_04_00_00.ogg	unique_exact_anchor	exact	selected	1	same
m10a.fsb.txt	2209	570	紫	M10a_110_200_05_00	紫	/sound/voice/M10a_110_200_05_00_00.ogg	unique_exact_anchor	exact	selected	1	same
m10a.fsb.txt	2219	574	ニルス	M10a_110_210_04_00	ニルス	/sound/voice/M10a_110_210_04_00_00.ogg	unique_exact_anchor	exact	selected	1	same
m10a.fsb.txt	2221	575	ニルス	M10a_110_210_05_00	ニルス	/sound/voice/M10a_110_210_05_00_00.ogg	unique_exact_anchor	exact	selected	1	same
m10a.fsb.txt	2244	580	ニルス	M10a_110_230_01_00	ニルス	/sound/voice/M10a_110_230_01_00_00.ogg	unique_exact_anchor	exact	selected	1	same
m10a.fsb.txt	2246	581	ニルス	M10a_110_230_02_00	ニルス	/sound/voice/M10a_110_230_02_00_00.ogg	unique_exact_anchor	exact	selected	1	same
m10a.fsb.txt	2248	582	ニルス	M10a_110_230_03_00	ニルス	/sound/voice/M10a_110_230_03_00_00.ogg	unique_exact_anchor	exact	selected	1	same
m10a.fsb.txt	2250	583	ニルス	M10a_110_230_04_00	ニルス	/sound/voice/M10a_110_230_04_00_00.ogg	monotonic_tfidf	medium	selected	1	same
m10a.fsb.txt	2354	615	ニルス	M10a_110_301_01_00	ニルス	/sound/voice/M10a_110_301_01_00_00.ogg	unique_exact_anchor	exact	selected	1	same
m10a.fsb.txt	2356	616	ニルス	M10a_110_301_02_00	ニルス	/sound/voice/M10a_110_301_02_00_00.ogg	unique_exact_anchor	exact	selected	1	same
m10a.fsb.txt	2358	617	ニルス	M10a_110_301_03_00	ニルス	/sound/voice/M10a_110_301_03_00_00.ogg	monotonic_tfidf	high	selected	1	same
m10a.fsb.txt	2360	618	ニルス	M10a_110_301_04_00	ニルス	/sound/voice/M10a_110_301_04_00_00.ogg	unique_exact_anchor	exact	selected	1	same
m10a.fsb.txt	2415	631	淳平	M10a_120_050_03_00	淳平	/sound/voice/M10a_120_050_03_00_00.ogg	unique_exact_anchor	exact	selected	1	same
m10a.fsb.txt	2417	632	淳平	M10a_120_050_04_00	淳平	/sound/voice/M10a_120_050_04_00_00.ogg	unique_exact_anchor	exact	selected	1	same
m10a.fsb.txt	2429	635	サンタ	M10a_120_060_01_00	サンタ	/sound/voice/M10a_120_060_01_00_00.ogg	unique_exact_anchor	exact	selected	1	same
m10a.fsb.txt	2431	636	サンタ	M10a_120_060_02_00	サンタ	/sound/voice/M10a_120_060_02_00_00.ogg	unique_exact_anchor	exact	selected	1	same
m10a.fsb.txt	2433	637	サンタ	M10a_120_060_03_00	サンタ	/sound/voice/M10a_120_060_03_00_00.ogg	unique_exact_anchor	exact	selected	1	same
m10a.fsb.txt	2440	639	サンタ	M10a_120_070_01_00	サンタ	/sound/voice/M10a_120_070_01_00_00.ogg | /sound/voice/M10a_120_070_01_00_01.ogg	monotonic_tfidf	high	selected	1	same
m10a.fsb.txt	2442	640	サンタ	M10a_120_070_02_00	サンタ	/sound/voice/M10a_120_070_02_00_00.ogg	unique_exact_anchor	exact	selected	1	same
m10a.fsb.txt	2477	651	セブン	M10a_120_090_01_00	セブン	/sound/voice/M10a_120_090_01_00_00.ogg	unique_exact_anchor	exact	selected	1	same
m10a.fsb.txt	2479	652	セブン	M10a_120_090_02_00	セブン	/sound/voice/M10a_120_090_02_00_00.ogg	unique_exact_anchor	exact	selected	1	same
m10a.fsb.txt	2512	659	淳平	M10a_120_100_02_00	淳平	/sound/voice/M10a_120_100_02_00_00.ogg	unique_exact_anchor	exact	selected	1	same
m10a.fsb.txt	2520	662	四葉	M10a_120_101_01_00	四葉	/sound/voice/M10a_120_101_01_00_00.ogg	unique_exact_anchor	exact	selected	1	same
m10a.fsb.txt	2522	663	淳平	M10a_120_101_02_00	淳平	/sound/voice/M10a_120_101_02_00_00.ogg	unique_exact_anchor	exact	selected	1	same
m10a.fsb.txt	2524	664	四葉	M10a_120_101_03_00	四葉	/sound/voice/M10a_120_101_03_00_00.ogg	unique_exact_anchor	exact	selected	1	same
m10a.fsb.txt	2526	665	四葉	M10a_120_101_04_00	四葉	/sound/voice/M10a_120_101_04_00_00.ogg	unique_exact_anchor	exact	selected	1	same
m10a.fsb.txt	2528	666	四葉	M10a_120_101_05_00	四葉	/sound/voice/M10a_120_101_05_00_00.ogg	unique_exact_anchor	exact	selected	1	same
m10a.fsb.txt	2537	669	ニルス	M10a_120_110_03_00	ニルス	/sound/voice/M10a_120_110_03_00_00.ogg	unique_exact_anchor	exact	selected	1	same
m10a.fsb.txt	2542	671	ニルス	M10a_120_110_05_00	ニルス	/sound/voice/M10a_120_110_05_00_00.ogg	unique_exact_anchor	exact	selected	1	same
m10a.fsb.txt	2544	672	セブン	M10a_120_110_06_00	セブン	/sound/voice/M10a_120_110_06_00_00.ogg	unique_exact_anchor	exact	selected	1	same
m10a.fsb.txt	2547	673	ニルス	M10a_120_110_07_00	ニルス	/sound/voice/M10a_120_110_07_00_00.ogg	unique_exact_anchor	exact	selected	1	same
m10a.fsb.txt	2549	674	ニルス	M10a_120_110_08_00	ニルス	/sound/voice/M10a_120_110_08_00_00.ogg	unique_exact_anchor	exact	selected	1	same
m10a.fsb.txt	2558	676	紫	M10a_120_120_01_00	紫	/sound/voice/M10a_120_120_01_00_00.ogg	unique_exact_anchor	exact	selected	1	same
m10a.fsb.txt	2560	677	一宮	M10a_120_120_02_00	一宮	/sound/voice/M10a_120_120_02_00_00.ogg	unique_exact_anchor	exact	selected	1	same
m10a.fsb.txt	2562	678	八代	M10a_120_120_03_00	八代	/sound/voice/M10a_120_120_03_00_00.ogg	unique_exact_anchor	exact	selected	1	same
m10a.fsb.txt	2565	679	紫	M10a_120_120_04_00	紫	/sound/voice/M10a_120_120_04_00_00.ogg	unique_exact_anchor	exact	selected	1	same
m10a.fsb.txt	2579	682	サンタ	M10a_120_130_01_00	サンタ	/sound/voice/M10a_120_130_01_00_00.ogg	unique_exact_anchor	exact	selected	1	same
m10a.fsb.txt	2583	683	セブン	M10a_120_130_02_00	セブン	/sound/voice/M10a_120_130_02_00_00.ogg	unique_exact_anchor	exact	selected	1	same
m10a.fsb.txt	2585	684	セブン	M10a_120_130_03_00	セブン	/sound/voice/M10a_120_130_03_00_00.ogg	unique_exact_anchor	exact	selected	1	same
m10a.fsb.txt	2589	685	八代	M10a_120_130_04_00	八代	/sound/voice/M10a_120_130_04_00_00.ogg	unique_exact_anchor	exact	selected	1	same
m10a.fsb.txt	2591	686	淳平	M10a_120_130_05_00	淳平	/sound/voice/M10a_120_130_05_00_00.ogg	unique_exact_anchor	exact	selected	1	same
m10a.fsb.txt	2593	687	紫	M10a_120_130_06_00	紫	/sound/voice/M10a_120_130_06_00_00.ogg	unique_exact_anchor	exact	selected	1	same
m10a.fsb.txt	2601	690	八代	M10a_120_140_01_00	八代	/sound/voice/M10a_120_140_01_00_00.ogg	unique_exact_anchor	exact	selected	1	same
m10a.fsb.txt	2603	691	紫	M10a_120_140_02_00	紫	/sound/voice/M10a_120_140_02_00_00.ogg	unique_exact_anchor	exact	selected	1	same
m10a.fsb.txt	2605	692	淳平	M10a_120_140_03_00	淳平	/sound/voice/M10a_120_140_03_00_00.ogg	unique_exact_anchor	exact	selected	1	same
m10a.fsb.txt	2607	693	八代	M10a_120_140_04_00	八代	/sound/voice/M10a_120_140_04_00_00.ogg	unique_exact_anchor	exact	selected	1	same
m10a.fsb.txt	2609	694	八代	M10a_120_140_05_00	八代	/sound/voice/M10a_120_140_05_00_00.ogg	unique_exact_anchor	exact	selected	1	same
m10a.fsb.txt	2613	695	一宮	M10a_120_140_06_00	一宮	/sound/voice/M10a_120_140_06_00_00.ogg	unique_exact_anchor	exact	selected	1	same
m10a.fsb.txt	2615	696	一宮	M10a_120_140_07_00	一宮	/sound/voice/M10a_120_140_07_00_00.ogg	unique_exact_anchor	exact	selected	1	same
m10a.fsb.txt	2617	697	一宮	M10a_120_140_08_00	一宮	/sound/voice/M10a_120_140_08_00_00.ogg	monotonic_tfidf	high	selected	1	same
m10a.fsb.txt	2619	698	セブン	M10a_120_140_09_00	セブン	/sound/voice/M10a_120_140_09_00_00.ogg	unique_exact_anchor	exact	selected	1	same
m10a.fsb.txt	2621	699	一宮	M10a_120_140_10_00	一宮	/sound/voice/M10a_120_140_10_00_00.ogg	unique_exact_anchor	exact	selected	1	same
m10a.fsb.txt	2623	700	一宮	M10a_120_140_11_00	一宮	/sound/voice/M10a_120_140_11_00_00.ogg	unique_exact_anchor	exact	selected	1	same
m10a.fsb.txt	2627	701	サンタ	M10a_120_140_12_00	サンタ	/sound/voice/M10a_120_140_12_00_00.ogg	unique_exact_anchor	exact	selected	1	same
m10a.fsb.txt	2629	702	サンタ	M10a_120_140_13_00	サンタ	/sound/voice/M10a_120_140_13_00_00.ogg	unique_exact_anchor	exact	selected	1	same
m10a.fsb.txt	2651	705	サンタ	M10a_120_150_03_00	サンタ	/sound/voice/M10a_120_150_03_00_00.ogg	unique_exact_anchor	exact	selected	1	same
m10a.fsb.txt	2653	706	サンタ	M10a_120_150_04_00	サンタ	/sound/voice/M10a_120_150_04_00_00.ogg	unique_exact_anchor	exact	selected	1	same
m10a.fsb.txt	2686	712	サンタ	M10a_130_020_02_10	サンタ	/sound/voice/M10a_130_020_02_10_00.ogg	unique_exact_anchor	exact	selected	1	same
m10a.fsb.txt	2699	714	一宮	M10a_130_030_01_00	一宮	/sound/voice/M10a_130_030_01_00_00.ogg	unique_exact_anchor	exact	selected	1	same
m10a.fsb.txt	2703	715	セブン	M10a_130_030_02_00	セブン	/sound/voice/M10a_130_030_02_00_00.ogg	unique_exact_anchor	exact	selected	1	same
m10a.fsb.txt	2707	716	四葉	M10a_130_030_03_00	四葉	/sound/voice/M10a_130_030_03_00_00.ogg	unique_exact_anchor	exact	selected	1	same
m10a.fsb.txt	2711	717	八代	M10a_130_030_04_00	八代	/sound/voice/M10a_130_030_04_00_00.ogg	unique_exact_anchor	exact	selected	1	same
m10a.fsb.txt	2715	718	ニルス	M10a_130_030_05_00	ニルス	/sound/voice/M10a_130_030_05_00_00.ogg	unique_exact_anchor	exact	selected	1	same
m10a.fsb.txt	2719	719	紫	M10a_130_030_06_00	紫	/sound/voice/M10a_130_030_06_00_00.ogg	unique_exact_anchor	exact	selected	1	same
m10a.fsb.txt	2721	720	淳平	M10a_130_030_07_00	淳平	/sound/voice/M10a_130_030_07_00_00.ogg	unique_exact_anchor	exact	selected	1	same
m10a.fsb.txt	2724	721	紫	M10a_130_030_08_00	紫	/sound/voice/M10a_130_030_08_00_00.ogg	unique_exact_anchor	exact	selected	1	same
m10a.fsb.txt	2735	723	淳平	M10a_130_040_01_00	淳平	/sound/voice/M10a_130_040_01_00_00.ogg	unique_exact_anchor	exact	selected	1	same
m10a.fsb.txt	2737	724	淳平	M10a_130_040_02_00	淳平	/sound/voice/M10a_130_040_02_00_00.ogg	unique_exact_anchor	exact	selected	1	same
m10a.fsb.txt	2740	725	一宮	M10a_130_040_03_00	一宮	/sound/voice/M10a_130_040_03_00_00.ogg	unique_exact_anchor	exact	selected	1	same
m10a.fsb.txt	2750	726	八代	M10a_130_040_04_00	八代	/sound/voice/M10a_130_040_04_00_00.ogg	unique_exact_anchor	exact	selected	1	same
m10a.fsb.txt	2756	728	八代	M10a_130_041_02_00	八代	/sound/voice/M10a_130_041_02_00_00.ogg	monotonic_tfidf	high	selected	1	same
m10a.fsb.txt	2758	729	一宮	M10a_130_041_03_00	一宮	/sound/voice/M10a_130_041_03_00_00.ogg	unique_exact_anchor	exact	selected	1	same
m10a.fsb.txt	2760	730	八代	M10a_130_041_04_00	八代	/sound/voice/M10a_130_041_04_00_00.ogg	unique_exact_anchor	exact	selected	1	same
m10a.fsb.txt	2762	731	八代	M10a_130_041_05_00	八代	/sound/voice/M10a_130_041_05_00_00.ogg	unique_exact_anchor	exact	selected	1	same
m10a.fsb.txt	2765	732	一宮	M10a_130_041_06_00	一宮	/sound/voice/M10a_130_041_06_00_00.ogg	unique_exact_anchor	exact	selected	1	same
m10a.fsb.txt	2773	734	サンタ	M10a_130_050_03_00	サンタ	/sound/voice/M10a_130_050_03_00_00.ogg	monotonic_tfidf	high	selected	1	same
m10a.fsb.txt	2776	735	一宮	M10a_130_050_04_00	一宮	/sound/voice/M10a_130_050_04_00_00.ogg	unique_exact_anchor	exact	selected	1	same
m10a.fsb.txt	2778	736	サンタ	M10a_130_050_05_00	サンタ	/sound/voice/M10a_130_050_05_00_00.ogg	unique_exact_anchor	exact	selected	1	same
m10a.fsb.txt	2780	737	サンタ	M10a_130_050_06_00	サンタ	/sound/voice/M10a_130_050_06_00_00.ogg	unique_exact_anchor	exact	selected	1	same
m10a.fsb.txt	2786	739	淳平	M10a_130_060_02_00	淳平	/sound/voice/M10a_130_060_02_00_00.ogg	unique_exact_anchor	exact	selected	1	same
m10a.fsb.txt	2788	740	淳平	M10a_130_060_03_00	淳平	/sound/voice/M10a_130_060_03_00_00.ogg	unique_exact_anchor	exact	selected	1	same
m10a.fsb.txt	2791	741	サンタ	M10a_130_060_04_00	サンタ	/sound/voice/M10a_130_060_04_00_00.ogg	unique_exact_anchor	exact	selected	1	same
m10a.fsb.txt	2793	742	サンタ	M10a_130_060_05_00	サンタ	/sound/voice/M10a_130_060_05_00_00.ogg	monotonic_tfidf	high	selected	1	same
m10a.fsb.txt	2795	743	一宮	M10a_130_060_06_00	一宮	/sound/voice/M10a_130_060_06_00_00.ogg	unique_exact_anchor	exact	selected	1	same
m10a.fsb.txt	2805	746	セブン	M10a_130_070_03_00	セブン	/sound/voice/M10a_130_070_03_00_00.ogg	monotonic_tfidf	high	selected	1	same
m10a.fsb.txt	2807	747	セブン	M10a_130_070_04_00	セブン	/sound/voice/M10a_130_070_04_00_00.ogg	unique_exact_anchor	exact	selected	1	same
m10a.fsb.txt	2809	748	セブン	M10a_130_070_05_00	セブン	/sound/voice/M10a_130_070_05_00_00.ogg	unique_exact_anchor	exact	selected	1	same
m10a.fsb.txt	2819	751	ニルス	M10a_130_080_03_00	ニルス	/sound/voice/M10a_130_080_03_00_00.ogg	unique_exact_anchor	exact	selected	1	same
m10a.fsb.txt	2827	752	四葉	M10a_130_080_04_00	四葉	/sound/voice/M10a_130_080_04_00_00.ogg	unique_exact_anchor	exact	selected	1	same
m10a.fsb.txt	2829	753	ニルス	M10a_130_080_05_00	ニルス	/sound/voice/M10a_130_080_05_00_00.ogg	unique_exact_anchor	exact	selected	1	same
m10a.fsb.txt	2831	754	ニルス	M10a_130_080_06_00	ニルス	/sound/voice/M10a_130_080_06_00_00.ogg	unique_exact_anchor	exact	selected	1	same
m10a.fsb.txt	2833	755	四葉	M10a_130_080_07_00	四葉	/sound/voice/M10a_130_080_07_00_00.ogg	unique_exact_anchor	exact	selected	1	same
m10a.fsb.txt	2835	756	ニルス	M10a_130_080_08_00	ニルス	/sound/voice/M10a_130_080_08_00_00.ogg	unique_exact_anchor	exact	selected	1	same
m10a.fsb.txt	2839	757	四葉	M10a_130_080_09_00	四葉	/sound/voice/M10a_130_080_09_00_00.ogg	unique_exact_anchor	exact	selected	1	same
m10a.fsb.txt	2841	758	四葉	M10a_130_080_10_00	四葉	/sound/voice/M10a_130_080_10_00_00.ogg	monotonic_tfidf	high	selected	1	same
m10a.fsb.txt	2844	759	ニルス	M10a_130_080_11_00	ニルス	/sound/voice/M10a_130_080_11_00_00.ogg	unique_exact_anchor	exact	selected	1	same
m10a.fsb.txt	2846	760	一宮	M10a_130_080_12_00	一宮	/sound/voice/M10a_130_080_12_00_00.ogg	unique_exact_anchor	exact	selected	1	same
m10a.fsb.txt	2854	762	一宮	M10a_130_090_02_00	一宮	/sound/voice/M10a_130_090_02_00_00.ogg	unique_exact_anchor	exact	selected	1	same
m10a.fsb.txt	2856	763	一宮	M10a_130_090_03_00	一宮	/sound/voice/M10a_130_090_03_00_00.ogg	unique_exact_anchor	exact	selected	1	same
m10a.fsb.txt	2858	764	一宮	M10a_130_090_04_00	一宮	/sound/voice/M10a_130_090_04_00_00.ogg	monotonic_tfidf	high	selected	1	same
m10a.fsb.txt	2866	766	四葉	M10a_130_100_01_00	四葉	/sound/voice/M10a_130_100_01_00_00.ogg	unique_exact_anchor	exact	selected	1	same
m10a.fsb.txt	2868	767	四葉	M10a_130_100_02_00	四葉	/sound/voice/M10a_130_100_02_00_00.ogg	monotonic_tfidf	high	selected	1	same
m10a.fsb.txt	2872	768	セブン	M10a_130_100_03_00	セブン	/sound/voice/M10a_130_100_03_00_00.ogg	unique_exact_anchor	exact	selected	1	same
m10a.fsb.txt	2874	769	セブン	M10a_130_100_04_00	セブン	/sound/voice/M10a_130_100_04_00_00.ogg	unique_exact_anchor	exact	selected	1	same
m10a.fsb.txt	2951	789	淳平	M10a_130_160_02_00	淳平	/sound/voice/M10a_130_160_02_00_00.ogg	monotonic_tfidf	medium	selected	1	same
m10a.fsb.txt	2953	790	淳平	M10a_130_160_03_00	淳平	/sound/voice/M10a_130_160_03_00_00.ogg	monotonic_tfidf	high	selected	1	same
m10a.fsb.txt	2956	791	紫	M10a_130_160_04_00	紫	/sound/voice/M10a_130_160_04_00_00.ogg	monotonic_tfidf	high	selected	1	same
m10a.fsb.txt	2964	792	サンタ	M10a_130_160_05_00	サンタ	/sound/voice/M10a_130_160_05_00_00.ogg	unique_exact_anchor	exact	selected	1	same
m10a.fsb.txt	3017	807	一宮	M10a_130_180_01_00	一宮	/sound/voice/M10a_130_180_01_00_00.ogg	unique_exact_anchor	exact	selected	1	same
m10a.fsb.txt	3019	808	一宮	M10a_130_180_02_00	一宮	/sound/voice/M10a_130_180_02_00_00.ogg	unique_exact_anchor	exact	selected	1	same
m20a.fsb.txt	56	7	淳平	M20a_010_020_01_00	淳平	/sound/voice/M20a_010_020_01_00_00.ogg	unique_exact_anchor	exact	selected	1	same
m20a.fsb.txt	66	9	紫	M20a_010_030_01_00	紫	/sound/voice/M20a_010_030_01_00_00.ogg	unique_exact_anchor	exact	selected	1	same
m20a.fsb.txt	86	15	淳平	M20a_010_040_04_00	淳平	/sound/voice/M20a_010_040_04_00_00.ogg	unique_exact_anchor	exact	selected	1	same
m20a.fsb.txt	88	16	淳平	M20a_010_040_05_00	淳平	/sound/voice/M20a_010_040_05_00_00.ogg	unique_exact_anchor	exact	selected	1	same
m20a.fsb.txt	95	17	紫	M20a_010_050_01_00	紫	/sound/voice/M20a_010_050_01_00_00.ogg	unique_exact_anchor	exact	selected	1	same
m20a.fsb.txt	102	20	淳平	M20a_010_050_04_00	淳平	/sound/voice/M20a_010_050_04_00_00.ogg	unique_exact_anchor	exact	selected	1	same
m20a.fsb.txt	116	23	八代	M20a_010_060_03_00	八代	/sound/voice/M20a_010_060_03_00_00.ogg	unique_exact_anchor	exact	selected	1	same
m20a.fsb.txt	118	24	淳平	M20a_010_060_04_00	淳平	/sound/voice/M20a_010_060_04_00_00.ogg	unique_exact_anchor	exact	selected	1	same
m20a.fsb.txt	120	25	八代	M20a_010_060_05_00	八代	/sound/voice/M20a_010_060_05_00_00.ogg	unique_exact_anchor	exact	selected	1	same
m20a.fsb.txt	122	26	八代	M20a_010_060_06_00	八代	/sound/voice/M20a_010_060_06_00_00.ogg	unique_exact_anchor	exact	selected	1	same
m20a.fsb.txt	124	27	八代	M20a_010_060_07_00	八代	/sound/voice/M20a_010_060_07_00_00.ogg	unique_exact_anchor	exact	selected	1	same
m20a.fsb.txt	126	28	八代	M20a_010_060_08_00	八代	/sound/voice/M20a_010_060_08_00_00.ogg	unique_exact_anchor	exact	selected	1	same
m20a.fsb.txt	142	32	淳平	M20a_010_080_01_00	淳平	/sound/voice/M20a_010_080_01_00_00.ogg	unique_exact_anchor	exact	selected	1	same
m20a.fsb.txt	148	33	八代	M20a_010_080_02_00	八代	/sound/voice/M20a_010_080_02_00_00.ogg	unique_exact_anchor	exact	selected	1	same
m20a.fsb.txt	167	36	淳平	M20a_010_090_02_00	淳平	/sound/voice/M20a_010_090_02_00_00.ogg	unique_exact_anchor	exact	selected	1	same
m20a.fsb.txt	169	37	淳平	M20a_010_090_03_00	淳平	/sound/voice/M20a_010_090_03_00_00.ogg	unique_exact_anchor	exact	selected	1	same
m20a.fsb.txt	182	41	淳平	M20a_010_091_02_00	淳平	/sound/voice/M20a_010_091_02_00_00.ogg	unique_exact_anchor	exact	selected	1	same
m20a.fsb.txt	187	43	淳平	M20a_010_091_04_00	淳平	/sound/voice/M20a_010_091_04_00_00.ogg	unique_exact_anchor	exact	selected	1	same
m20a.fsb.txt	199	45	淳平	M20a_010_100_03_00	淳平	/sound/voice/M20a_010_100_03_00_00.ogg	unique_exact_anchor	exact	selected	1	same
m20a.fsb.txt	206	46	一宮	M20a_010_100_04_00	一宮	/sound/voice/M20a_010_100_04_00_00.ogg	unique_exact_anchor	exact	selected	1	same
m20a.fsb.txt	208	47	八代	M20a_010_100_05_00	八代	/sound/voice/M20a_010_100_05_00_00.ogg	unique_exact_anchor	exact	selected	1	same
m20a.fsb.txt	212	48	セブン	M20a_010_100_06_00	セブン	/sound/voice/M20a_010_100_06_00_00.ogg	unique_exact_anchor	exact	selected	1	same
m20a.fsb.txt	216	49	紫	M20a_010_100_07_00	紫	/sound/voice/M20a_010_100_07_00_00.ogg	unique_exact_anchor	exact	selected	1	same
m20a.fsb.txt	220	50	サンタ	M20a_010_100_08_00	サンタ	/sound/voice/M20a_010_100_08_00_00.ogg	unique_exact_anchor	exact	selected	1	same
m20a.fsb.txt	233	52	四葉	M20a_010_110_02_00	四葉	/sound/voice/M20a_010_110_02_00_00.ogg	unique_exact_anchor	exact	selected	1	same
m20a.fsb.txt	240	54	四葉	M20a_010_110_04_00	四葉	/sound/voice/M20a_010_110_04_00_00.ogg	unique_exact_anchor	exact	selected	1	same
m20a.fsb.txt	242	55	四葉	M20a_010_110_05_00	四葉	/sound/voice/M20a_010_110_05_00_00.ogg	unique_exact_anchor	exact	selected	1	same
m20a.fsb.txt	251	58	四葉	M20a_010_111_04_00	四葉	/sound/voice/M20a_010_111_04_00_00.ogg	unique_exact_anchor	exact	selected	1	same
m20a.fsb.txt	258	60	淳平	M20a_010_112_01_00	淳平	/sound/voice/M20a_010_112_01_00_00.ogg	unique_exact_anchor	exact	selected	1	same
m20a.fsb.txt	269	63	淳平	M20a_010_112_05_00	淳平	/sound/voice/M20a_010_112_05_00_00.ogg	unique_exact_anchor	exact	selected	1	same
m20a.fsb.txt	277	64	八代	M20a_010_120_01_00	八代	/sound/voice/M20a_010_120_01_00_00.ogg	unique_exact_anchor	exact	selected	1	same
m20a.fsb.txt	279	65	紫	M20a_010_120_02_00	紫	/sound/voice/M20a_010_120_02_00_00.ogg	unique_exact_anchor	exact	selected	1	same
m20a.fsb.txt	283	66	セブン	M20a_010_120_03_00	セブン	/sound/voice/M20a_010_120_03_00_00.ogg	unique_exact_anchor	exact	selected	1	same
m20a.fsb.txt	287	67	サンタ	M20a_010_120_04_00	サンタ	/sound/voice/M20a_010_120_04_00_00.ogg	unique_exact_anchor	exact	selected	1	same
m20a.fsb.txt	291	68	一宮	M20a_010_120_05_00	一宮	/sound/voice/M20a_010_120_05_00_00.ogg	unique_exact_anchor	exact	selected	1	same
m20a.fsb.txt	293	69	一宮	M20a_010_120_06_00	一宮	/sound/voice/M20a_010_120_06_00_00.ogg	unique_exact_anchor	exact	selected	1	same
m20a.fsb.txt	325	77	淳平	M20a_020_020_02_00	淳平	/sound/voice/M20a_020_020_02_00_00.ogg	unique_exact_anchor	exact	selected	1	same
m20a.fsb.txt	327	78	紫	M20a_020_020_03_00	紫	/sound/voice/M20a_020_020_03_00_00.ogg	unique_exact_anchor	exact	selected	1	same
m20a.fsb.txt	329	79	紫	M20a_020_020_04_00	紫	/sound/voice/M20a_020_020_04_00_00.ogg	unique_exact_anchor	exact	selected	1	same
m20a.fsb.txt	332	80	淳平	M20a_020_020_05_00	淳平	/sound/voice/M20a_020_020_05_00_00.ogg	unique_exact_anchor	exact	selected	1	same
m20a.fsb.txt	343	86	淳平	M20a_020_030_01_00	淳平	/sound/voice/M20a_020_030_01_00_00.ogg	unique_exact_anchor	exact	selected	1	same
m20a.fsb.txt	359	89	淳平	M20a_020_040_01_00	淳平	/sound/voice/M20a_020_040_01_00_00.ogg	unique_exact_anchor	exact	selected	1	same
m20a.fsb.txt	375	92	淳平	M20a_020_050_01_00	淳平	/sound/voice/M20a_020_050_01_00_00.ogg	unique_exact_anchor	exact	selected	1	same
m20a.fsb.txt	377	93	紫	M20a_020_050_02_00	紫	/sound/voice/M20a_020_050_02_00_00.ogg	monotonic_tfidf	exact	selected	1	same
m20a.fsb.txt	391	95	淳平	M20a_020_060_01_00	淳平	/sound/voice/M20a_020_060_01_00_00.ogg	monotonic_tfidf	high	selected	1	same
m20a.fsb.txt	393	96	紫	M20a_020_060_02_00	紫	/sound/voice/M20a_020_060_02_00_00.ogg	unique_exact_anchor	exact	selected	1	same
m20a.fsb.txt	395	97	淳平	M20a_020_060_03_00	淳平	/sound/voice/M20a_020_060_03_00_00.ogg	unique_exact_anchor	exact	selected	1	same
m20a.fsb.txt	397	98	紫	M20a_020_060_04_00	紫	/sound/voice/M20a_020_060_04_00_00.ogg	unique_exact_anchor	exact	selected	1	same
m20a.fsb.txt	445	106	淳平	M20a_030_030_01_00	淳平	/sound/voice/M20a_030_030_01_00_00.ogg	unique_exact_anchor	exact	selected	1	same
m20a.fsb.txt	451	108	八代	M20a_030_030_04_00	八代	/sound/voice/M20a_030_030_04_00_00.ogg	unique_exact_anchor	exact	selected	1	same
m20a.fsb.txt	453	109	淳平	M20a_030_030_05_00	淳平	/sound/voice/M20a_030_030_05_00_00.ogg	unique_exact_anchor	exact	selected	1	same
m20a.fsb.txt	456	110	八代	M20a_030_030_06_00	八代	/sound/voice/M20a_030_030_06_00_00.ogg	unique_exact_anchor	exact	selected	1	same
m20a.fsb.txt	462	112	八代	M20a_030_040_01_00	八代	/sound/voice/M20a_030_040_01_00_00.ogg	unique_exact_anchor	exact	selected	1	same
m20a.fsb.txt	466	113	八代	M20a_030_040_02_00	八代	/sound/voice/M20a_030_040_02_00_00.ogg	unique_exact_anchor	exact	selected	1	same
m20a.fsb.txt	475	117	淳平	M20a_030_050_01_00	淳平	/sound/voice/M20a_030_050_01_00_00.ogg	unique_exact_anchor	exact	selected	1	same
m20a.fsb.txt	477	118	八代	M20a_030_050_02_00	八代	/sound/voice/M20a_030_050_02_00_00.ogg	unique_exact_anchor	exact	selected	1	same
m20a.fsb.txt	479	119	八代	M20a_030_050_03_00	八代	/sound/voice/M20a_030_050_03_00_00.ogg	unique_exact_anchor	exact	selected	1	same
m20a.fsb.txt	481	120	淳平	M20a_030_050_04_00	淳平	/sound/voice/M20a_030_050_04_00_00.ogg	unique_exact_anchor	exact	selected	1	same
m20a.fsb.txt	483	121	八代	M20a_030_050_05_00	八代	/sound/voice/M20a_030_050_05_00_00.ogg	unique_exact_anchor	exact	selected	1	same
m20a.fsb.txt	485	122	八代	M20a_030_050_06_00	八代	/sound/voice/M20a_030_050_06_00_00.ogg	unique_exact_anchor	exact	selected	1	same
m20a.fsb.txt	494	123	紫	M20a_030_060_01_00	紫	/sound/voice/M20a_030_060_01_00_00.ogg	unique_exact_anchor	exact	selected	1	same
m20a.fsb.txt	496	124	八代	M20a_030_060_02_00	八代	/sound/voice/M20a_030_060_02_00_00.ogg	unique_exact_anchor	exact	selected	1	same
m20a.fsb.txt	498	125	紫	M20a_030_060_03_00	紫	/sound/voice/M20a_030_060_03_00_00.ogg	unique_exact_anchor	exact	selected	1	same
m20a.fsb.txt	500	126	紫	M20a_030_060_04_00	紫	/sound/voice/M20a_030_060_04_00_00.ogg	unique_exact_anchor	exact	selected	1	same
m20a.fsb.txt	509	130	紫	M20a_030_060_08_00	紫	/sound/voice/M20a_030_060_08_00_00.ogg	monotonic_tfidf	high	selected	1	same
m20a.fsb.txt	511	131	紫	M20a_030_060_09_00	紫	/sound/voice/M20a_030_060_09_00_00.ogg	monotonic_tfidf	high	selected	1	same
m20a.fsb.txt	514	132	八代	M20a_030_061_01_00	八代	/sound/voice/M20a_030_061_01_00_00.ogg	unique_exact_anchor	exact	selected	1	same
m20a.fsb.txt	516	133	紫	M20a_030_061_02_00	紫	/sound/voice/M20a_030_061_02_00_00.ogg	monotonic_tfidf	review	selected	1	same
m20a.fsb.txt	518	134	淳平	M20a_030_061_03_00	淳平	/sound/voice/M20a_030_061_03_00_00.ogg	unique_exact_anchor	exact	selected	1	same
m20a.fsb.txt	522	135	八代	M20a_030_061_04_00	八代	/sound/voice/M20a_030_061_04_00_00.ogg | /sound/voice/M20a_030_061_04_00_01.ogg	monotonic_tfidf	high	selected	1	same
m20a.fsb.txt	545	141	淳平	M20a_030_062_02_00	淳平	/sound/voice/M20a_030_062_02_00_00.ogg | /sound/voice/M20a_030_062_02_00_01.ogg	monotonic_tfidf	review	selected	1	same
m20a.fsb.txt	555	142	八代	M20a_030_062_03_00	八代	/sound/voice/M20a_030_062_03_00_00.ogg	unique_exact_anchor	exact	selected	1	same
m20a.fsb.txt	563	145	淳平	M20a_030_063_01_00	淳平	/sound/voice/M20a_030_063_01_00_00.ogg	unique_exact_anchor	exact	selected	1	same
m20a.fsb.txt	565	146	八代	M20a_030_063_02_00	八代	/sound/voice/M20a_030_063_02_00_00.ogg	unique_exact_anchor	exact	selected	1	same
m20a.fsb.txt	567	147	淳平	M20a_030_063_03_00	淳平	/sound/voice/M20a_030_063_03_00_00.ogg	monotonic_tfidf	high	selected	1	same
m20a.fsb.txt	569	148	八代	M20a_030_063_04_00	八代	/sound/voice/M20a_030_063_04_00_00.ogg	unique_exact_anchor	exact	selected	1	same
m20a.fsb.txt	574	149	紫	M20a_030_070_01_00	紫	/sound/voice/M20a_030_070_01_00_00.ogg	unique_exact_anchor	exact	selected	1	same
m20a.fsb.txt	576	150	八代	M20a_030_070_02_00	八代	/sound/voice/M20a_030_070_02_00_00.ogg	unique_exact_anchor	exact	selected	1	same
m20a.fsb.txt	578	151	八代	M20a_030_070_03_00	八代	/sound/voice/M20a_030_070_03_00_00.ogg	unique_exact_anchor	exact	selected	1	same
m20a.fsb.txt	580	152	八代	M20a_030_070_04_00	八代	/sound/voice/M20a_030_070_04_00_00.ogg	unique_exact_anchor	exact	selected	1	same
m20a.fsb.txt	582	153	紫	M20a_030_070_05_00	紫	/sound/voice/M20a_030_070_05_00_00.ogg | /sound/voice/M20a_030_070_05_00_01.ogg	monotonic_tfidf	high	selected	1	same
m20a.fsb.txt	585	154	八代	M20a_030_071_01_00	八代	/sound/voice/M20a_030_071_01_00_00.ogg	unique_exact_anchor	exact	selected	1	same
m20a.fsb.txt	588	155	紫	M20a_030_071_02_00	紫	/sound/voice/M20a_030_071_02_00_00.ogg	unique_exact_anchor	exact	selected	1	same
m20a.fsb.txt	590	156	紫	M20a_030_071_03_00	紫	/sound/voice/M20a_030_071_03_00_00.ogg	unique_exact_anchor	exact	selected	1	same
m20a.fsb.txt	593	157	紫	M20a_030_071_04_00	紫	/sound/voice/M20a_030_071_04_00_00.ogg	unique_exact_anchor	exact	selected	1	same
m20a.fsb.txt	595	158	八代	M20a_030_071_05_00	八代	/sound/voice/M20a_030_071_05_00_00.ogg	unique_exact_anchor	exact	selected	1	same
m20a.fsb.txt	598	159	淳平	M20a_030_072_01_00	淳平	/sound/voice/M20a_030_072_01_00_00.ogg	unique_exact_anchor	exact	selected	1	same
m20a.fsb.txt	600	160	淳平	M20a_030_072_02_00	淳平	/sound/voice/M20a_030_072_02_00_00.ogg	unique_exact_anchor	exact	selected	1	same
m20a.fsb.txt	602	161	淳平	M20a_030_072_03_00	淳平	/sound/voice/M20a_030_072_03_00_00.ogg	monotonic_tfidf	high	selected	1	same
m20a.fsb.txt	623	164	紫	M20a_030_081_01_00	紫	/sound/voice/M20a_030_081_01_00_00.ogg	unique_exact_anchor	exact	selected	1	same
m20a.fsb.txt	625	165	紫	M20a_030_081_02_00	紫	/sound/voice/M20a_030_081_02_00_00.ogg	monotonic_tfidf	high	selected	1	same
m20a.fsb.txt	627	166	淳平	M20a_030_081_03_00	淳平	/sound/voice/M20a_030_081_03_00_00.ogg	monotonic_tfidf	medium	selected	1	same
m20a.fsb.txt	629	167	淳平	M20a_030_081_04_00	淳平	/sound/voice/M20a_030_081_04_00_00.ogg	unique_exact_anchor	exact	selected	1	same
m20a.fsb.txt	636	169	八代	M20a_030_090_01_00	八代	/sound/voice/M20a_030_090_01_00_00.ogg	unique_exact_anchor	exact	selected	1	same
m20a.fsb.txt	647	173	紫	M20a_030_090_05_00	紫	/sound/voice/M20a_030_090_05_00_00.ogg | /sound/voice/M20a_030_090_05_00_01.ogg	monotonic_tfidf	high	selected	1	same
m20a.fsb.txt	649	174	八代	M20a_030_090_06_00	八代	/sound/voice/M20a_030_090_06_00_00.ogg	unique_exact_anchor	exact	selected	1	same
m20a.fsb.txt	651	175	八代	M20a_030_090_07_00	八代	/sound/voice/M20a_030_090_07_00_00.ogg	unique_exact_anchor	exact	selected	1	same
m20a.fsb.txt	653	176	八代	M20a_030_090_08_00	八代	/sound/voice/M20a_030_090_08_00_00.ogg	monotonic_tfidf	high	selected	1	same
m20a.fsb.txt	675	184	八代	M20a_030_100_02_00	八代	/sound/voice/M20a_030_100_02_00_00.ogg	unique_exact_anchor	exact	selected	1	same
m20a.fsb.txt	677	185	八代	M20a_030_100_03_00	八代	/sound/voice/M20a_030_100_03_00_00.ogg	unique_exact_anchor	exact	selected	1	same
m20a.fsb.txt	704	193	淳平	M20a_030_120_03_10	淳平	/sound/voice/M20a_030_120_03_10_00.ogg	unique_exact_anchor	exact	selected	1	same
m20a.fsb.txt	706	194	紫	M20a_030_120_04_00	紫	/sound/voice/M20a_030_120_04_00_00.ogg	unique_exact_anchor	exact	selected	1	same
m20a.fsb.txt	708	195	紫	M20a_030_120_05_00	紫	/sound/voice/M20a_030_120_05_00_00.ogg	unique_exact_anchor	exact	selected	1	same
m20a.fsb.txt	716	197	淳平	M20a_030_120_07_00	淳平	/sound/voice/M20a_030_120_07_00_00.ogg	unique_exact_anchor	exact	selected	1	same
m20a.fsb.txt	723	198	淳平	M20a_030_130_01_00	淳平	/sound/voice/M20a_030_130_01_00_00.ogg | /sound/voice/M20a_030_130_01_00_01.ogg	monotonic_tfidf	high	selected	1	same
m20a.fsb.txt	736	200	紫	M20a_030_140_01_00	紫	/sound/voice/M20a_030_140_01_00_00.ogg	unique_exact_anchor	exact	selected	1	same
m20a.fsb.txt	738	201	淳平	M20a_030_140_02_00	淳平	/sound/voice/M20a_030_140_02_00_00.ogg	unique_exact_anchor	exact	selected	1	same
m20a.fsb.txt	740	202	淳平	M20a_030_140_03_00	淳平	/sound/voice/M20a_030_140_03_00_00.ogg	unique_exact_anchor	exact	selected	1	same
m20a.fsb.txt	746	204	淳平	M20a_030_140_05_00	淳平	/sound/voice/M20a_030_140_05_00_00.ogg	unique_exact_anchor	exact	selected	1	same
m20a.fsb.txt	759	209	淳平	M20a_030_150_01_00	淳平	/sound/voice/M20a_030_150_01_00_00.ogg	unique_exact_anchor	exact	selected	1	same
m20a.fsb.txt	772	211	淳平	M20a_030_160_01_00	淳平	/sound/voice/M20a_030_160_01_00_00.ogg	monotonic_tfidf	high	selected	1	same
m20a.fsb.txt	785	213	淳平	M20a_030_170_01_00	淳平	/sound/voice/M20a_030_170_01_00_00.ogg	unique_exact_anchor	exact	selected	1	same
m20a.fsb.txt	787	214	紫	M20a_030_170_02_00	紫	/sound/voice/M20a_030_170_02_00_00.ogg	unique_exact_anchor	exact	selected	1	same
m20a.fsb.txt	838	226	淳平	M20a_040_030_01_00	淳平	/sound/voice/M20a_040_030_01_00_00.ogg	unique_exact_anchor	exact	selected	1	same
m20a.fsb.txt	843	228	淳平	M20a_040_030_04_00	淳平	/sound/voice/M20a_040_030_04_00_00.ogg	unique_exact_anchor	exact	selected	1	same
m20a.fsb.txt	857	233	四葉	M20a_040_040_01_00	四葉	/sound/voice/M20a_040_040_01_00_00.ogg	monotonic_tfidf	exact	selected	1	same
m20a.fsb.txt	862	235	四葉	M20a_040_040_03_00	四葉	/sound/voice/M20a_040_040_03_00_00.ogg	monotonic_tfidf	exact	selected	1	same
m20a.fsb.txt	866	237	四葉	M20a_040_040_05_00	四葉	/sound/voice/M20a_040_040_05_00_00.ogg	monotonic_tfidf	exact	selected	1	same
m20a.fsb.txt	874	238	紫	M20a_040_040_06_00	紫	/sound/voice/M20a_040_040_06_00_00.ogg	unique_exact_anchor	exact	selected	1	same
m20a.fsb.txt	877	239	四葉	M20a_040_040_07_00	四葉	/sound/voice/M20a_040_040_07_00_00.ogg	unique_exact_anchor	exact	selected	1	same
m20a.fsb.txt	882	241	四葉	M20a_040_040_09_00	四葉	/sound/voice/M20a_040_040_09_00_00.ogg	unique_exact_anchor	exact	selected	1	same
m20a.fsb.txt	884	242	四葉	M20a_040_040_10_00	四葉	/sound/voice/M20a_040_040_10_00_00.ogg	unique_exact_anchor	exact	selected	1	same
m20a.fsb.txt	894	246	四葉	M20a_040_041_04_00	四葉	/sound/voice/M20a_040_041_04_00_00.ogg	unique_exact_anchor	exact	selected	1	same
m20a.fsb.txt	900	249	四葉	M20a_040_041_07_00	四葉	/sound/voice/M20a_040_041_07_00_00.ogg	unique_exact_anchor	exact	selected	1	same
m20a.fsb.txt	903	250	淳平	M20a_040_050_01_00	淳平	/sound/voice/M20a_040_050_01_00_00.ogg	unique_exact_anchor	exact	selected	1	same
m20a.fsb.txt	905	251	紫	M20a_040_050_02_00	紫	/sound/voice/M20a_040_050_02_00_00.ogg	unique_exact_anchor	exact	selected	1	same
m20a.fsb.txt	925	256	淳平	M20a_040_060_03_00	淳平	/sound/voice/M20a_040_060_03_00_00.ogg	unique_exact_anchor	exact	selected	1	same
m20a.fsb.txt	927	257	紫	M20a_040_060_04_00	紫	/sound/voice/M20a_040_060_04_00_00.ogg	unique_exact_anchor	exact	selected	1	same
m20a.fsb.txt	949	262	淳平	M20a_040_070_04_00	淳平	/sound/voice/M20a_040_070_04_00_00.ogg	unique_exact_anchor	exact	selected	1	same
m20a.fsb.txt	960	267	淳平	M20a_040_080_01_00	淳平	/sound/voice/M20a_040_080_01_00_00.ogg	unique_exact_anchor	exact	selected	1	same
m20a.fsb.txt	963	268	紫	M20a_040_080_02_00	紫	/sound/voice/M20a_040_080_02_00_00.ogg	unique_exact_anchor	exact	selected	1	same
m20a.fsb.txt	977	270	淳平	M20a_040_090_01_00	淳平	/sound/voice/M20a_040_090_01_00_00.ogg	unique_exact_anchor	exact	selected	1	same
m20a.fsb.txt	979	271	淳平	M20a_040_090_02_00	淳平	/sound/voice/M20a_040_090_02_00_00.ogg	unique_exact_anchor	exact	selected	1	same
m20a.fsb.txt	982	272	紫	M20a_040_090_03_00	紫	/sound/voice/M20a_040_090_03_00_00.ogg	unique_exact_anchor	exact	selected	1	same
m20a.fsb.txt	996	274	淳平	M20a_040_100_01_00	淳平	/sound/voice/M20a_040_100_01_00_00.ogg	monotonic_tfidf	exact	selected	1	same
m20a.fsb.txt	999	275	紫	M20a_040_100_02_00	紫	/sound/voice/M20a_040_100_02_00_00.ogg	unique_exact_anchor	exact	selected	1	same
m20a.fsb.txt	1040	283	一宮	M20a_050_020_03_00	一宮	/sound/voice/M20a_050_020_03_00_00.ogg	unique_exact_anchor	exact	selected	1	same
m20a.fsb.txt	1042	284	一宮	M20a_050_020_04_00	一宮	/sound/voice/M20a_050_020_04_00_00.ogg	unique_exact_anchor	exact	selected	1	same
m20a.fsb.txt	1063	292	一宮	M20a_050_030_03_00	一宮	/sound/voice/M20a_050_030_03_00_00.ogg	unique_exact_anchor	exact	selected	1	same
m20a.fsb.txt	1065	293	一宮	M20a_050_030_04_00	一宮	/sound/voice/M20a_050_030_04_00_00.ogg	unique_exact_anchor	exact	selected	1	same
m20a.fsb.txt	1067	294	一宮	M20a_050_030_05_00	一宮	/sound/voice/M20a_050_030_05_00_00.ogg	monotonic_tfidf	medium	selected	1	same
m20a.fsb.txt	1079	296	紫	M20a_050_031_01_00	紫	/sound/voice/M20a_050_031_01_00_00.ogg	unique_exact_anchor	exact	selected	1	same
m20a.fsb.txt	1081	297	一宮	M20a_050_031_02_00	一宮	/sound/voice/M20a_050_031_02_00_00.ogg	unique_exact_anchor	exact	selected	1	same
m20a.fsb.txt	1084	298	紫	M20a_050_031_03_00	紫	/sound/voice/M20a_050_031_03_00_00.ogg	unique_exact_anchor	exact	selected	1	same
m20a.fsb.txt	1090	300	淳平	M20a_050_040_01_00	淳平	/sound/voice/M20a_050_040_01_00_00.ogg	unique_exact_anchor	exact	selected	1	same
m20a.fsb.txt	1092	301	一宮	M20a_050_040_02_00	一宮	/sound/voice/M20a_050_040_02_00_00.ogg	unique_exact_anchor	exact	selected	1	same
m20a.fsb.txt	1100	304	淳平	M20a_050_050_01_00	淳平	/sound/voice/M20a_050_050_01_00_00.ogg	unique_exact_anchor	exact	selected	1	same
m20a.fsb.txt	1102	305	淳平	M20a_050_050_02_00	淳平	/sound/voice/M20a_050_050_02_00_00.ogg	unique_exact_anchor	exact	selected	1	same
m20a.fsb.txt	1107	307	一宮	M20a_050_050_04_00	一宮	/sound/voice/M20a_050_050_04_00_00.ogg	unique_exact_anchor	exact	selected	1	same
m20a.fsb.txt	1114	309	一宮	M20a_050_060_01_00	一宮	/sound/voice/M20a_050_060_01_00_00.ogg	unique_exact_anchor	exact	selected	1	same
m20a.fsb.txt	1116	310	一宮	M20a_050_060_02_00	一宮	/sound/voice/M20a_050_060_02_00_00.ogg	unique_exact_anchor	exact	selected	1	same
m20a.fsb.txt	1123	312	一宮	M20a_050_070_01_00	一宮	/sound/voice/M20a_050_070_01_00_00.ogg	unique_exact_anchor	exact	selected	1	same
m20a.fsb.txt	1125	313	一宮	M20a_050_070_02_00	一宮	/sound/voice/M20a_050_070_02_00_00.ogg	unique_exact_anchor	exact	selected	1	same
m20a.fsb.txt	1129	315	一宮	M20a_050_070_04_00	一宮	/sound/voice/M20a_050_070_04_00_00.ogg	unique_exact_anchor	exact	selected	1	same
m20a.fsb.txt	1131	316	一宮	M20a_050_070_05_00	一宮	/sound/voice/M20a_050_070_05_00_00.ogg	unique_exact_anchor	exact	selected	1	same
m20a.fsb.txt	1133	317	紫	M20a_050_070_06_00	紫	/sound/voice/M20a_050_070_06_00_00.ogg	unique_exact_anchor	exact	selected	1	same
m20a.fsb.txt	1136	318	紫	M20a_050_070_07_00	紫	/sound/voice/M20a_050_070_07_00_00.ogg	unique_exact_anchor	exact	selected	1	same
m20a.fsb.txt	1165	325	淳平	M20a_050_090_01_00	淳平	/sound/voice/M20a_050_090_01_00_00.ogg	unique_exact_anchor	exact	selected	1	same
m20a.fsb.txt	1167	326	紫	M20a_050_090_02_00	紫	/sound/voice/M20a_050_090_02_00_00.ogg	unique_exact_anchor	exact	selected	1	same
m20a.fsb.txt	1169	327	紫	M20a_050_090_03_00	紫	/sound/voice/M20a_050_090_03_00_00.ogg	unique_exact_anchor	exact	selected	1	same
m20a.fsb.txt	1172	328	淳平	M20a_050_090_04_00	淳平	/sound/voice/M20a_050_090_04_00_00.ogg	unique_exact_anchor	exact	selected	1	same
m20a.fsb.txt	1184	333	淳平	M20a_050_100_01_00	淳平	/sound/voice/M20a_050_100_01_00_00.ogg	monotonic_tfidf	high	selected	1	same
m20a.fsb.txt	1187	334	紫	M20a_050_100_02_00	紫	/sound/voice/M20a_050_100_02_00_00.ogg	unique_exact_anchor	exact	selected	1	same
m20a.fsb.txt	1201	336	淳平	M20a_050_110_01_00	淳平	/sound/voice/M20a_050_110_01_00_00.ogg	unique_exact_anchor	exact	selected	1	same
m20a.fsb.txt	1204	337	紫	M20a_050_110_02_00	紫	/sound/voice/M20a_050_110_02_00_00.ogg	unique_exact_anchor	exact	selected	1	same
m20a.fsb.txt	1218	339	淳平	M20a_050_120_01_00	淳平	/sound/voice/M20a_050_120_01_00_00.ogg	unique_exact_anchor	exact	selected	1	same
m20a.fsb.txt	1221	340	紫	M20a_050_120_02_00	紫	/sound/voice/M20a_050_120_02_00_00.ogg	unique_exact_anchor	exact	selected	1	same
m20a.fsb.txt	1279	352	淳平	M20a_060_030_02_00	淳平	/sound/voice/M20a_060_030_02_00_00.ogg	unique_exact_anchor	exact	selected	1	same
m20a.fsb.txt	1284	353	サンタ	M20a_060_031_01_00	サンタ	/sound/voice/M20a_060_031_01_00_00.ogg	unique_exact_anchor	exact	selected	1	same
m20a.fsb.txt	1292	354	紫	M20a_060_031_02_00	紫	/sound/voice/M20a_060_031_02_00_00.ogg	unique_exact_anchor	exact	selected	1	same
m20a.fsb.txt	1295	355	サンタ	M20a_060_031_03_00	サンタ	/sound/voice/M20a_060_031_03_00_00.ogg	unique_exact_anchor	exact	selected	1	same
m20a.fsb.txt	1297	356	紫	M20a_060_031_04_00	紫	/sound/voice/M20a_060_031_04_00_00.ogg	monotonic_tfidf	exact	selected	1	same
m20a.fsb.txt	1299	357	サンタ	M20a_060_031_05_00	サンタ	/sound/voice/M20a_060_031_05_00_00.ogg	unique_exact_anchor	exact	selected	1	same
m20a.fsb.txt	1301	358	サンタ	M20a_060_031_06_00	サンタ	/sound/voice/M20a_060_031_06_00_00.ogg	unique_exact_anchor	exact	selected	1	same
m20a.fsb.txt	1304	359	紫	M20a_060_031_07_00	紫	/sound/voice/M20a_060_031_07_00_00.ogg	unique_exact_anchor	exact	selected	1	same
m20a.fsb.txt	1306	360	紫	M20a_060_031_08_00	紫	/sound/voice/M20a_060_031_08_00_00.ogg	unique_exact_anchor	exact	selected	1	same
m20a.fsb.txt	1308	361	サンタ	M20a_060_031_09_00	サンタ	/sound/voice/M20a_060_031_09_00_00.ogg	unique_exact_anchor	exact	selected	1	same
m20a.fsb.txt	1317	364	紫	M20a_060_032_03_00	紫	/sound/voice/M20a_060_032_03_00_00.ogg	unique_exact_anchor	exact	selected	1	same
m20a.fsb.txt	1321	365	サンタ	M20a_060_032_04_00	サンタ	/sound/voice/M20a_060_032_04_00_00.ogg	unique_exact_anchor	exact	selected	1	same
m20a.fsb.txt	1332	371	淳平	M20a_060_040_01_00	淳平	/sound/voice/M20a_060_040_01_00_00.ogg	unique_exact_anchor	exact	selected	1	same
m20a.fsb.txt	1334	372	淳平	M20a_060_040_02_00	淳平	/sound/voice/M20a_060_040_02_00_00.ogg	unique_exact_anchor	exact	selected	1	same
m20a.fsb.txt	1336	373	淳平	M20a_060_040_03_00	淳平	/sound/voice/M20a_060_040_03_00_00.ogg	unique_exact_anchor	exact	selected	1	same
m20a.fsb.txt	1338	374	サンタ	M20a_060_040_04_00	サンタ	/sound/voice/M20a_060_040_04_00_00.ogg	unique_exact_anchor	exact	selected	1	same
m20a.fsb.txt	1340	375	サンタ	M20a_060_040_05_00	サンタ	/sound/voice/M20a_060_040_05_00_00.ogg	unique_exact_anchor	exact	selected	1	same
m20a.fsb.txt	1342	376	サンタ	M20a_060_040_06_00	サンタ	/sound/voice/M20a_060_040_06_00_00.ogg	unique_exact_anchor	exact	selected	1	same
m20a.fsb.txt	1344	377	淳平	M20a_060_040_07_00	淳平	/sound/voice/M20a_060_040_07_00_00.ogg	unique_exact_anchor	exact	selected	1	same
m20a.fsb.txt	1360	382	淳平	M20a_060_050_01_00	淳平	/sound/voice/M20a_060_050_01_00_00.ogg	unique_exact_anchor	exact	selected	1	same
m20a.fsb.txt	1362	383	サンタ	M20a_060_050_02_00	サンタ	/sound/voice/M20a_060_050_02_00_00.ogg	unique_exact_anchor	exact	selected	1	same
m20a.fsb.txt	1364	384	サンタ	M20a_060_050_03_00	サンタ	/sound/voice/M20a_060_050_03_00_00.ogg	unique_exact_anchor	exact	selected	1	same
m20a.fsb.txt	1373	386	淳平	M20a_060_060_01_00	淳平	/sound/voice/M20a_060_060_01_00_00.ogg	unique_exact_anchor	exact	selected	1	same
m20a.fsb.txt	1376	387	サンタ	M20a_060_060_02_00	サンタ	/sound/voice/M20a_060_060_02_00_00.ogg	monotonic_tfidf	exact	selected	1	same
m20a.fsb.txt	1378	388	淳平	M20a_060_060_03_00	淳平	/sound/voice/M20a_060_060_03_00_00.ogg	unique_exact_anchor	exact	selected	1	same
m20a.fsb.txt	1380	389	サンタ	M20a_060_060_04_00	サンタ	/sound/voice/M20a_060_060_04_00_00.ogg	unique_exact_anchor	exact	selected	1	same
m20a.fsb.txt	1382	390	サンタ	M20a_060_060_05_00	サンタ	/sound/voice/M20a_060_060_05_00_00.ogg	unique_exact_anchor	exact	selected	1	same
m20a.fsb.txt	1384	391	淳平	M20a_060_060_06_00	淳平	/sound/voice/M20a_060_060_06_00_00.ogg	unique_exact_anchor	exact	selected	1	same
m20a.fsb.txt	1386	392	サンタ	M20a_060_060_07_00	サンタ	/sound/voice/M20a_060_060_07_00_00.ogg	unique_exact_anchor	exact	selected	1	same
m20a.fsb.txt	1389	393	サンタ	M20a_060_060_08_00	サンタ	/sound/voice/M20a_060_060_08_00_00.ogg	unique_exact_anchor	exact	selected	1	same
m20a.fsb.txt	1391	394	サンタ	M20a_060_060_09_00	サンタ	/sound/voice/M20a_060_060_09_00_00.ogg	unique_exact_anchor	exact	selected	1	same
m20a.fsb.txt	1393	395	サンタ	M20a_060_060_10_00	サンタ	/sound/voice/M20a_060_060_10_00_00.ogg	unique_exact_anchor	exact	selected	1	same
m20a.fsb.txt	1399	398	淳平	M20a_060_060_13_00	淳平	/sound/voice/M20a_060_060_13_00_00.ogg	monotonic_tfidf	exact	selected	1	same
m20a.fsb.txt	1401	399	サンタ	M20a_060_060_14_00	サンタ	/sound/voice/M20a_060_060_14_00_00.ogg	unique_exact_anchor	exact	selected	1	same
m20a.fsb.txt	1410	401	淳平	M20a_060_070_01_00	淳平	/sound/voice/M20a_060_070_01_00_00.ogg	unique_exact_anchor	exact	selected	1	same
m20a.fsb.txt	1412	402	サンタ	M20a_060_070_02_00	サンタ	/sound/voice/M20a_060_070_02_00_00.ogg	unique_exact_anchor	exact	selected	1	same
m20a.fsb.txt	1414	403	淳平	M20a_060_070_03_00	淳平	/sound/voice/M20a_060_070_03_00_00.ogg	unique_exact_anchor	exact	selected	1	same
m20a.fsb.txt	1416	404	サンタ	M20a_060_070_04_00	サンタ	/sound/voice/M20a_060_070_04_00_00.ogg	unique_exact_anchor	exact	selected	1	same
m20a.fsb.txt	1418	405	淳平	M20a_060_070_05_00	淳平	/sound/voice/M20a_060_070_05_00_00.ogg	monotonic_tfidf	exact	selected	1	same
m20a.fsb.txt	1421	406	サンタ	M20a_060_070_06_00	サンタ	/sound/voice/M20a_060_070_06_00_00.ogg	monotonic_tfidf	exact	selected	1	same
m20a.fsb.txt	1423	407	淳平	M20a_060_070_07_00	淳平	/sound/voice/M20a_060_070_07_00_00.ogg	unique_exact_anchor	exact	selected	1	same
m20a.fsb.txt	1429	409	サンタ	M20a_060_080_01_00	サンタ	/sound/voice/M20a_060_080_01_00_00.ogg	unique_exact_anchor	exact	selected	1	same
m20a.fsb.txt	1431	410	淳平	M20a_060_080_02_00	淳平	/sound/voice/M20a_060_080_02_00_00.ogg	extended_same_speaker	high	selected	1	same
m20a.fsb.txt	1433	411	サンタ	M20a_060_080_03_00	サンタ	/sound/voice/M20a_060_080_03_00_00.ogg	unique_exact_anchor	exact	selected	1	same
m20a.fsb.txt	1435	412	サンタ	M20a_060_080_04_00	サンタ	/sound/voice/M20a_060_080_04_00_00.ogg	monotonic_tfidf	high	selected	1	same
m20a.fsb.txt	1437	413	サンタ	M20a_060_080_05_00	サンタ	/sound/voice/M20a_060_080_05_00_00.ogg	monotonic_tfidf	high	selected	1	same
m20a.fsb.txt	1439	414	淳平	M20a_060_080_06_00	淳平	/sound/voice/M20a_060_080_06_00_00.ogg	unique_exact_anchor	exact	selected	1	same
m20a.fsb.txt	1441	415	淳平	M20a_060_080_07_00	淳平	/sound/voice/M20a_060_080_07_00_00.ogg	unique_exact_anchor	exact	selected	1	same
m20a.fsb.txt	1443	416	淳平	M20a_060_080_08_00	淳平	/sound/voice/M20a_060_080_08_00_00.ogg	unique_exact_anchor	exact	selected	1	same
m20a.fsb.txt	1446	417	サンタ	M20a_060_080_09_00	サンタ	/sound/voice/M20a_060_080_09_00_00.ogg	unique_exact_anchor	exact	selected	1	same
m20a.fsb.txt	1448	418	サンタ	M20a_060_080_10_00	サンタ	/sound/voice/M20a_060_080_10_00_00.ogg	unique_exact_anchor	exact	selected	1	same
m20a.fsb.txt	1455	420	淳平	M20a_060_090_01_00	淳平	/sound/voice/M20a_060_090_01_00_00.ogg	unique_exact_anchor	exact	selected	1	same
m20a.fsb.txt	1457	421	淳平	M20a_060_090_02_00	淳平	/sound/voice/M20a_060_090_02_00_00.ogg	unique_exact_anchor	exact	selected	1	same
m20a.fsb.txt	1464	423	サンタ	M20a_060_091_01_00	サンタ	/sound/voice/M20a_060_091_01_00_00.ogg	unique_exact_anchor	exact	selected	1	same
m20a.fsb.txt	1466	424	淳平	M20a_060_091_03_00	淳平	/sound/voice/M20a_060_091_03_00_00.ogg	monotonic_tfidf	medium	selected	1	same
m20a.fsb.txt	1468	425	サンタ	M20a_060_091_04_00	サンタ	/sound/voice/M20a_060_091_04_00_00.ogg	monotonic_tfidf	exact	selected	1	same
m20a.fsb.txt	1470	426	淳平	M20a_060_091_05_00	淳平	/sound/voice/M20a_060_091_05_00_00.ogg	unique_exact_anchor	exact	selected	1	same
m20a.fsb.txt	1473	427	サンタ	M20a_060_091_06_00	サンタ	/sound/voice/M20a_060_091_06_00_00.ogg	unique_exact_anchor	exact	selected	1	same
m20a.fsb.txt	1475	428	淳平	M20a_060_091_07_00	淳平	/sound/voice/M20a_060_091_07_00_00.ogg	unique_exact_anchor	exact	selected	1	same
m20a.fsb.txt	1477	429	サンタ	M20a_060_091_08_00	サンタ	/sound/voice/M20a_060_091_08_00_00.ogg	unique_exact_anchor	exact	selected	1	same
m20a.fsb.txt	1479	430	淳平	M20a_060_091_09_00	淳平	/sound/voice/M20a_060_091_09_00_00.ogg	unique_exact_anchor	exact	selected	1	same
m20a.fsb.txt	1481	431	サンタ	M20a_060_091_10_00	サンタ	/sound/voice/M20a_060_091_10_00_00.ogg	unique_exact_anchor	exact	selected	1	same
m20a.fsb.txt	1484	432	サンタ	M20a_060_091_11_00	サンタ	/sound/voice/M20a_060_091_11_00_00.ogg	unique_exact_anchor	exact	selected	1	same
m20a.fsb.txt	1486	433	淳平	M20a_060_091_12_00	淳平	/sound/voice/M20a_060_091_12_00_00.ogg	unique_exact_anchor	exact	selected	1	same
m20a.fsb.txt	1502	439	サンタ	M20a_060_101_01_00	サンタ	/sound/voice/M20a_060_101_01_00_00.ogg	unique_exact_anchor	exact	selected	1	same
m20a.fsb.txt	1504	440	サンタ	M20a_060_101_02_00	サンタ	/sound/voice/M20a_060_101_02_00_00.ogg	unique_exact_anchor	exact	selected	1	same
m20a.fsb.txt	1507	441	サンタ	M20a_060_101_03_00	サンタ	/sound/voice/M20a_060_101_03_00_00.ogg	unique_exact_anchor	exact	selected	1	same
m20a.fsb.txt	1556	455	淳平	M20a_060_140_01_00	淳平	/sound/voice/M20a_060_140_01_00_00.ogg	monotonic_tfidf	exact	selected	1	same
m20a.fsb.txt	1559	456	紫	M20a_060_140_02_00	紫	/sound/voice/M20a_060_140_02_00_00.ogg	unique_exact_anchor	exact	selected	1	same
m20a.fsb.txt	1573	458	淳平	M20a_060_150_01_00	淳平	/sound/voice/M20a_060_150_01_00_00.ogg	unique_exact_anchor	exact	selected	1	same
m20a.fsb.txt	1576	459	紫	M20a_060_150_02_00	紫	/sound/voice/M20a_060_150_02_00_00.ogg	unique_exact_anchor	exact	selected	1	same
m20a.fsb.txt	1590	461	淳平	M20a_060_160_01_00	淳平	/sound/voice/M20a_060_160_01_00_00.ogg	unique_exact_anchor	exact	selected	1	same
m20a.fsb.txt	1593	462	紫	M20a_060_160_02_00	紫	/sound/voice/M20a_060_160_02_00_00.ogg	unique_exact_anchor	exact	selected	1	same
m20a.fsb.txt	1630	468	八代	M20a_070_010_02_00	八代	/sound/voice/M20a_070_010_02_00_00.ogg | /sound/voice/M20a_070_010_02_00_01.ogg	monotonic_tfidf	high	selected	1	same
m20a.fsb.txt	1652	474	セブン	M20a_070_020_02_00	セブン	/sound/voice/M20a_070_020_02_00_00.ogg	unique_exact_anchor	exact	selected	1	same
m20a.fsb.txt	1654	475	セブン	M20a_070_020_03_00	セブン	/sound/voice/M20a_070_020_03_00_00.ogg	unique_exact_anchor	exact	selected	1	same
m20a.fsb.txt	1656	476	セブン	M20a_070_020_04_00	セブン	/sound/voice/M20a_070_020_04_00_00.ogg	unique_exact_anchor	exact	selected	1	same
m20a.fsb.txt	1658	477	セブン	M20a_070_020_05_00	セブン	/sound/voice/M20a_070_020_05_00_00.ogg	unique_exact_anchor	exact	selected	1	same
m20a.fsb.txt	1660	478	八代	M20a_070_020_06_00	八代	/sound/voice/M20a_070_020_06_00_00.ogg	unique_exact_anchor	exact	selected	1	same
m20a.fsb.txt	1674	481	八代	M20a_070_021_03_00	八代	/sound/voice/M20a_070_021_03_00_00.ogg	unique_exact_anchor	exact	selected	1	same
m20a.fsb.txt	1679	482	サンタ	M20a_070_021_04_00	サンタ	/sound/voice/M20a_070_021_04_00_00.ogg	unique_exact_anchor	exact	selected	1	same
m20a.fsb.txt	1681	483	八代	M20a_070_021_05_00	八代	/sound/voice/M20a_070_021_05_00_00.ogg	unique_exact_anchor	exact	selected	1	same
m20a.fsb.txt	1683	484	八代	M20a_070_021_06_00	八代	/sound/voice/M20a_070_021_06_00_00.ogg | /sound/voice/M20a_070_021_06_00_01.ogg	monotonic_tfidf	high	selected	1	same
m20a.fsb.txt	1685	485	八代	M20a_070_021_07_00	八代	/sound/voice/M20a_070_021_07_00_00.ogg	unique_exact_anchor	exact	selected	1	same
m20a.fsb.txt	1687	486	八代	M20a_070_021_08_00	八代	/sound/voice/M20a_070_021_08_00_00.ogg	unique_exact_anchor	exact	selected	1	same
m20a.fsb.txt	1689	487	八代	M20a_070_021_09_00	八代	/sound/voice/M20a_070_021_09_00_00.ogg	unique_exact_anchor	exact	selected	1	same
m20a.fsb.txt	1705	493	淳平	M20a_070_030_02_00	淳平	/sound/voice/M20a_070_030_02_00_00.ogg	monotonic_tfidf	exact	selected	1	same
m20a.fsb.txt	1707	494	八代	M20a_070_030_03_00	八代	/sound/voice/M20a_070_030_03_00_00.ogg	unique_exact_anchor	exact	selected	1	same
m20a.fsb.txt	1709	495	淳平	M20a_070_030_04_00	淳平	/sound/voice/M20a_070_030_04_00_00.ogg	unique_exact_anchor	exact	selected	1	same
m20a.fsb.txt	1711	496	淳平	M20a_070_030_05_00	淳平	/sound/voice/M20a_070_030_05_00_00.ogg	unique_exact_anchor	exact	selected	1	same
m20a.fsb.txt	1713	497	淳平	M20a_070_030_06_00	淳平	/sound/voice/M20a_070_030_06_00_00.ogg	unique_exact_anchor	exact	selected	1	same
m20a.fsb.txt	1715	498	淳平	M20a_070_030_07_00	淳平	/sound/voice/M20a_070_030_07_00_00.ogg	unique_exact_anchor	exact	selected	1	same
m20a.fsb.txt	1717	499	八代	M20a_070_030_08_00	八代	/sound/voice/M20a_070_030_08_00_00.ogg	unique_exact_anchor	exact	selected	1	same
m20a.fsb.txt	1719	500	八代	M20a_070_030_09_00	八代	/sound/voice/M20a_070_030_09_00_00.ogg	monotonic_tfidf	high	selected	1	same
m20a.fsb.txt	1721	501	八代	M20a_070_030_10_00	八代	/sound/voice/M20a_070_030_10_00_00.ogg	unique_exact_anchor	exact	selected	1	same
m20a.fsb.txt	1723	502	淳平	M20a_070_030_11_00	淳平	/sound/voice/M20a_070_030_11_00_00.ogg	unique_exact_anchor	exact	selected	1	same
m20a.fsb.txt	1725	503	八代	M20a_070_030_12_00	八代	/sound/voice/M20a_070_030_12_00_00.ogg	unique_exact_anchor	exact	selected	1	same
m20a.fsb.txt	1727	504	淳平	M20a_070_030_13_00	淳平	/sound/voice/M20a_070_030_13_00_00.ogg	unique_exact_anchor	exact	selected	1	same
m20a.fsb.txt	1730	505	八代	M20a_070_040_01_00	八代	/sound/voice/M20a_070_040_01_00_00.ogg	monotonic_tfidf	high	selected	1	same
m20a.fsb.txt	1732	506	八代	M20a_070_040_02_00	八代	/sound/voice/M20a_070_040_02_00_00.ogg	unique_exact_anchor	exact	selected	1	same
m20a.fsb.txt	1734	507	八代	M20a_070_040_03_00	八代	/sound/voice/M20a_070_040_03_00_00.ogg	unique_exact_anchor	exact	selected	1	same
m20a.fsb.txt	1736	508	八代	M20a_070_040_04_00	八代	/sound/voice/M20a_070_040_04_00_00.ogg	unique_exact_anchor	exact	selected	1	same
m20a.fsb.txt	1738	509	八代	M20a_070_040_05_00	八代	/sound/voice/M20a_070_040_05_00_00.ogg	unique_exact_anchor	exact	selected	1	same
m20a.fsb.txt	1740	510	八代	M20a_070_040_07_00	八代	/sound/voice/M20a_070_040_07_00_00.ogg	unique_exact_anchor	exact	selected	1	same
m20a.fsb.txt	1745	512	八代	M20a_070_050_02_00	八代	/sound/voice/M20a_070_050_02_00_00.ogg	unique_exact_anchor	exact	selected	1	same
m20a.fsb.txt	1747	513	八代	M20a_070_050_03_00	八代	/sound/voice/M20a_070_050_03_00_00.ogg	unique_exact_anchor	exact	selected	1	same
m20a.fsb.txt	1749	514	八代	M20a_070_050_04_00	八代	/sound/voice/M20a_070_050_04_00_00.ogg	unique_exact_anchor	exact	selected	1	same
m20a.fsb.txt	1771	518	セブン	M20a_070_070_02_00	セブン	/sound/voice/M20a_070_070_02_00_00.ogg	unique_exact_anchor	exact	selected	1	same
m20a.fsb.txt	1774	519	八代	M20a_070_070_03_00	八代	/sound/voice/M20a_070_070_03_00_00.ogg	unique_exact_anchor	exact	selected	1	same
m20a.fsb.txt	1776	520	八代	M20a_070_070_04_00	八代	/sound/voice/M20a_070_070_04_00_00.ogg	unique_exact_anchor	exact	selected	1	same
m20a.fsb.txt	1778	521	八代	M20a_070_070_05_00	八代	/sound/voice/M20a_070_070_05_00_00.ogg	unique_exact_anchor	exact	selected	1	same
m20a.fsb.txt	1782	522	紫	M20a_070_070_06_00	紫	/sound/voice/M20a_070_070_06_00_00.ogg	unique_exact_anchor	exact	selected	1	same
m20a.fsb.txt	1785	523	八代	M20a_070_070_07_00	八代	/sound/voice/M20a_070_070_07_00_00.ogg	unique_exact_anchor	exact	selected	1	same
m20a.fsb.txt	1787	524	紫	M20a_070_070_08_00	紫	/sound/voice/M20a_070_070_08_00_00.ogg	unique_exact_anchor	exact	selected	1	same
m20a.fsb.txt	1789	525	八代	M20a_070_070_09_00	八代	/sound/voice/M20a_070_070_09_00_00.ogg	unique_exact_anchor	exact	selected	1	same
m20a.fsb.txt	1791	526	八代	M20a_070_070_10_00	八代	/sound/voice/M20a_070_070_10_00_00.ogg	unique_exact_anchor	exact	selected	1	same
m20a.fsb.txt	1793	527	紫	M20a_070_070_11_00	紫	/sound/voice/M20a_070_070_11_00_00.ogg	unique_exact_anchor	exact	selected	1	same
m20a.fsb.txt	1795	528	紫	M20a_070_070_12_00	紫	/sound/voice/M20a_070_070_12_00_00.ogg	unique_exact_anchor	exact	selected	1	same
m20a.fsb.txt	1797	529	八代	M20a_070_070_13_00	八代	/sound/voice/M20a_070_070_13_00_00.ogg	unique_exact_anchor	exact	selected	1	same
m20a.fsb.txt	1799	530	八代	M20a_070_070_14_00	八代	/sound/voice/M20a_070_070_14_00_00.ogg	unique_exact_anchor	exact	selected	1	same
m20a.fsb.txt	1803	531	サンタ	M20a_070_070_15_00	サンタ	/sound/voice/M20a_070_070_15_00_00.ogg	unique_exact_anchor	exact	selected	1	same
m20a.fsb.txt	1810	533	サンタ	M20a_070_080_04_00	サンタ	/sound/voice/M20a_070_080_04_00_00.ogg	monotonic_tfidf	high	selected	1	same
m20a.fsb.txt	1818	534	八代	M20a_070_080_05_00	八代	/sound/voice/M20a_070_080_05_00_00.ogg	unique_exact_anchor	exact	selected	1	same
m20a.fsb.txt	1820	535	八代	M20a_070_080_06_00	八代	/sound/voice/M20a_070_080_06_00_00.ogg	unique_exact_anchor	exact	selected	1	same
m20a.fsb.txt	1822	536	八代	M20a_070_080_07_00	八代	/sound/voice/M20a_070_080_07_00_00.ogg	unique_exact_anchor	exact	selected	1	same
m20a.fsb.txt	1831	537	紫	M20a_070_080_08_00	紫	/sound/voice/M20a_070_080_08_00_00.ogg	unique_exact_anchor	exact	selected	1	same
m20a.fsb.txt	1839	538	八代	M20a_070_080_09_00	八代	/sound/voice/M20a_070_080_09_00_00.ogg	unique_exact_anchor	exact	selected	1	same
m20a.fsb.txt	1843	539	八代	M20a_070_081_01_00	八代	/sound/voice/M20a_070_081_01_00_00.ogg	unique_exact_anchor	exact	selected	1	same
m20a.fsb.txt	1845	540	サンタ	M20a_070_081_02_00	サンタ	/sound/voice/M20a_070_081_02_00_00.ogg	unique_exact_anchor	exact	selected	1	same
m20a.fsb.txt	1847	541	八代	M20a_070_081_03_00	八代	/sound/voice/M20a_070_081_03_00_00.ogg	unique_exact_anchor	exact	selected	1	same
m20a.fsb.txt	1849	542	八代	M20a_070_081_04_00	八代	/sound/voice/M20a_070_081_04_00_00.ogg	unique_exact_anchor	exact	selected	1	same
m20a.fsb.txt	1853	543	セブン	M20a_070_081_05_00	セブン	/sound/voice/M20a_070_081_05_00_00.ogg	unique_exact_anchor	exact	selected	1	same
m20a.fsb.txt	1855	544	セブン	M20a_070_081_06_00	セブン	/sound/voice/M20a_070_081_06_00_00.ogg	unique_exact_anchor	exact	selected	1	same
m20a.fsb.txt	1857	545	セブン	M20a_070_081_07_00	セブン	/sound/voice/M20a_070_081_07_00_00.ogg	unique_exact_anchor	exact	selected	1	same
m20a.fsb.txt	1859	546	八代	M20a_070_081_08_00	八代	/sound/voice/M20a_070_081_08_00_00.ogg	unique_exact_anchor	exact	selected	1	same
m20a.fsb.txt	1861	547	八代	M20a_070_081_09_00	八代	/sound/voice/M20a_070_081_09_00_00.ogg	unique_exact_anchor	exact	selected	1	same
m20a.fsb.txt	1863	548	八代	M20a_070_081_10_00	八代	/sound/voice/M20a_070_081_10_00_00.ogg	unique_exact_anchor	exact	selected	1	same
m20a.fsb.txt	1885	552	八代	M20a_070_091_01_00	八代	/sound/voice/M20a_070_091_01_00_00.ogg	unique_exact_anchor	exact	selected	1	same
m20a.fsb.txt	1887	553	八代	M20a_070_091_02_00	八代	/sound/voice/M20a_070_091_02_00_00.ogg	unique_exact_anchor	exact	selected	1	same
m20a.fsb.txt	1892	555	八代	M20a_070_091_04_00	八代	/sound/voice/M20a_070_091_04_00_00.ogg	unique_exact_anchor	exact	selected	1	same
m20a.fsb.txt	1894	556	八代	M20a_070_091_05_00	八代	/sound/voice/M20a_070_091_05_00_00.ogg	unique_exact_anchor	exact	selected	1	same
m20a.fsb.txt	1896	557	八代	M20a_070_091_06_00	八代	/sound/voice/M20a_070_091_06_00_00.ogg | /sound/voice/M20a_070_091_06_00_01.ogg	monotonic_tfidf	high	selected	1	same
m20a.fsb.txt	1903	559	八代	M20a_070_092_01_00	八代	/sound/voice/M20a_070_092_01_00_00.ogg	unique_exact_anchor	exact	selected	1	same
m20a.fsb.txt	1916	561	八代	M20a_070_100_01_00	八代	/sound/voice/M20a_070_100_01_00_00.ogg	unique_exact_anchor	exact	selected	1	same
m20a.fsb.txt	1918	562	一宮	M20a_070_100_02_00	一宮	/sound/voice/M20a_070_100_02_00_00.ogg	unique_exact_anchor	exact	selected	1	same
m20a.fsb.txt	1935	566	一宮	M20a_070_110_01_00	一宮	/sound/voice/M20a_070_110_01_00_00.ogg	unique_exact_anchor	exact	selected	1	same
m20a.fsb.txt	1952	571	紫	M20a_070_110_06_00	紫	/sound/voice/M20a_070_110_06_00_00.ogg	unique_exact_anchor	exact	selected	1	same
m20a.fsb.txt	1954	572	紫	M20a_070_110_07_00	紫	/sound/voice/M20a_070_110_07_00_00.ogg	unique_exact_anchor	exact	selected	1	same
m20a.fsb.txt	1963	575	一宮	M20a_070_111_02_00	一宮	/sound/voice/M20a_070_111_02_00_00.ogg	unique_exact_anchor	exact	selected	1	same
m20a.fsb.txt	1965	576	一宮	M20a_070_111_03_00	一宮	/sound/voice/M20a_070_111_03_00_00.ogg	unique_exact_anchor	exact	selected	1	same
m20a.fsb.txt	1968	577	紫	M20a_070_111_04_00	紫	/sound/voice/M20a_070_111_04_00_00.ogg	monotonic_tfidf	exact	selected	1	same
m20a.fsb.txt	1970	578	一宮	M20a_070_111_05_00	一宮	/sound/voice/M20a_070_111_05_00_00.ogg | /sound/voice/M20a_070_111_05_00_01.ogg	monotonic_tfidf	high	selected	1	same
m20a.fsb.txt	1974	579	セブン	M20a_070_111_06_00	セブン	/sound/voice/M20a_070_111_06_00_00.ogg	unique_exact_anchor	exact	selected	1	same
m20a.fsb.txt	1976	580	セブン	M20a_070_111_07_00	セブン	/sound/voice/M20a_070_111_07_00_00.ogg	unique_exact_anchor	exact	selected	1	same
m20a.fsb.txt	1978	581	セブン	M20a_070_111_08_00	セブン	/sound/voice/M20a_070_111_08_00_00.ogg	unique_exact_anchor	exact	selected	1	same
m20a.fsb.txt	1980	582	一宮	M20a_070_111_09_00	一宮	/sound/voice/M20a_070_111_09_00_00.ogg	unique_exact_anchor	exact	selected	1	same
m20a.fsb.txt	1982	583	セブン	M20a_070_111_10_00	セブン	/sound/voice/M20a_070_111_10_00_00.ogg	unique_exact_anchor	exact	selected	1	same
m20a.fsb.txt	1984	584	一宮	M20a_070_111_11_00	一宮	/sound/voice/M20a_070_111_11_00_00.ogg	unique_exact_anchor	exact	selected	1	same
m20a.fsb.txt	1986	585	セブン	M20a_070_111_12_00	セブン	/sound/voice/M20a_070_111_12_00_00.ogg	unique_exact_anchor	exact	selected	1	same
m20a.fsb.txt	1990	586	一宮	M20a_070_111_13_00	一宮	/sound/voice/M20a_070_111_13_00_00.ogg	unique_exact_anchor	exact	selected	1	same
m20a.fsb.txt	1992	587	一宮	M20a_070_111_14_00	一宮	/sound/voice/M20a_070_111_14_00_00.ogg	unique_exact_anchor	exact	selected	1	same
m20a.fsb.txt	1994	588	淳平	M20a_070_111_15_00	淳平	/sound/voice/M20a_070_111_15_00_00.ogg	unique_exact_anchor	exact	selected	1	same
m20a.fsb.txt	2000	590	淳平	M20a_070_120_02_00	淳平	/sound/voice/M20a_070_120_02_00_00.ogg	unique_exact_anchor	exact	selected	1	same
m20a.fsb.txt	2002	591	淳平	M20a_070_120_03_00	淳平	/sound/voice/M20a_070_120_03_00_00.ogg	unique_exact_anchor	exact	selected	1	same
m20a.fsb.txt	2004	592	淳平	M20a_070_120_04_00	淳平	/sound/voice/M20a_070_120_04_00_00.ogg	unique_exact_anchor	exact	selected	1	same
m20a.fsb.txt	2006	593	一宮	M20a_070_120_06_00	一宮	/sound/voice/M20a_070_120_06_00_00.ogg	monotonic_tfidf	high	selected	1	same
m20a.fsb.txt	2008	594	一宮	M20a_070_120_07_00	一宮	/sound/voice/M20a_070_120_07_00_00.ogg	unique_exact_anchor	exact	selected	1	same
m20a.fsb.txt	2016	597	一宮	M20a_070_130_01_00	一宮	/sound/voice/M20a_070_130_01_00_00.ogg	unique_exact_anchor	exact	selected	1	same
m20a.fsb.txt	2018	598	一宮	M20a_070_130_02_00	一宮	/sound/voice/M20a_070_130_02_00_00.ogg	unique_exact_anchor	exact	selected	1	same
m20a.fsb.txt	2020	599	一宮	M20a_070_130_03_00	一宮	/sound/voice/M20a_070_130_03_00_00.ogg	unique_exact_anchor	exact	selected	1	same
m20a.fsb.txt	2023	600	一宮	M20a_070_130_04_00	一宮	/sound/voice/M20a_070_130_04_00_00.ogg	unique_exact_anchor	exact	selected	1	same
m20a.fsb.txt	2045	606	八代	M20a_070_140_01_00	八代	/sound/voice/M20a_070_140_01_00_00.ogg	unique_exact_anchor	exact	selected	1	same
m20a.fsb.txt	2053	609	一宮	M20a_070_140_04_00	一宮	/sound/voice/M20a_070_140_04_00_00.ogg	unique_exact_anchor	exact	selected	1	same
m20a.fsb.txt	2055	610	一宮	M20a_070_140_05_00	一宮	/sound/voice/M20a_070_140_05_00_00.ogg	unique_exact_anchor	exact	selected	1	same
m20a.fsb.txt	2057	611	一宮	M20a_070_140_06_00	一宮	/sound/voice/M20a_070_140_06_00_00.ogg	monotonic_tfidf	high	selected	1	same
m20a.fsb.txt	2099	619	八代	M20a_080_020_01_00	八代	/sound/voice/M20a_080_020_01_00_00.ogg	unique_exact_anchor	exact	selected	1	same
m20a.fsb.txt	2101	620	八代	M20a_080_020_02_00	八代	/sound/voice/M20a_080_020_02_00_00.ogg	unique_exact_anchor	exact	selected	1	same
m20a.fsb.txt	2112	622	セブン	M20a_080_020_04_00	セブン	/sound/voice/M20a_080_020_04_00_00.ogg	unique_exact_anchor	exact	selected	1	same
m20a.fsb.txt	2114	623	紫	M20a_080_020_05_00	紫	/sound/voice/M20a_080_020_05_00_00.ogg	unique_exact_anchor	exact	selected	1	same
m20a.fsb.txt	2118	624	サンタ	M20a_080_020_06_00	サンタ	/sound/voice/M20a_080_020_06_00_00.ogg	unique_exact_anchor	exact	selected	1	same
m20a.fsb.txt	2120	625	紫	M20a_080_020_07_00	紫	/sound/voice/M20a_080_020_07_00_00.ogg	unique_exact_anchor	exact	selected	1	same
m20a.fsb.txt	2124	626	四葉	M20a_080_020_08_00	四葉	/sound/voice/M20a_080_020_08_00_00.ogg	unique_exact_anchor	exact	selected	1	same
m20a.fsb.txt	2136	627	紫	M20a_080_021_01_00	紫	/sound/voice/M20a_080_021_01_00_00.ogg	unique_exact_anchor	exact	selected	1	same
m20a.fsb.txt	2139	628	紫	M20a_080_021_02_00	紫	/sound/voice/M20a_080_021_02_00_00.ogg	unique_exact_anchor	exact	selected	1	same
m20a.fsb.txt	2141	629	紫	M20a_080_021_03_00	紫	/sound/voice/M20a_080_021_03_00_00.ogg | /sound/voice/M20a_080_021_03_00_01.ogg	monotonic_tfidf	high	selected	1	same
m20a.fsb.txt	2143	630	淳平	M20a_080_021_04_00	淳平	/sound/voice/M20a_080_021_04_00_00.ogg | /sound/voice/M20a_080_021_04_00_01.ogg	monotonic_tfidf	high	selected	1	same
m20a.fsb.txt	2150	632	紫	M20a_080_030_02_00	紫	/sound/voice/M20a_080_030_02_00_00.ogg	unique_exact_anchor	exact	selected	1	same
m20a.fsb.txt	2172	635	紫	M20a_080_040_03_10	紫	/sound/voice/M20a_080_040_03_10_00.ogg	unique_exact_anchor	exact	selected	1	same
m20a.fsb.txt	2174	636	紫	M20a_080_040_04_00	紫	/sound/voice/M20a_080_040_04_00_00.ogg	unique_exact_anchor	exact	selected	1	same
m20a.fsb.txt	2195	640	紫	M20a_080_041_03_00	紫	/sound/voice/M20a_080_041_03_00_00.ogg	monotonic_tfidf	exact	selected	1	same
m20a.fsb.txt	2208	643	紫	M20a_080_050_01_00	紫	/sound/voice/M20a_080_050_01_00_00.ogg	unique_exact_anchor	exact	selected	1	same
m20a.fsb.txt	2219	646	一宮	M20a_080_051_01_00	一宮	/sound/voice/M20a_080_051_01_00_00.ogg	unique_exact_anchor	exact	selected	1	same
m20a.fsb.txt	2224	648	紫	M20a_080_051_03_00	紫	/sound/voice/M20a_080_051_03_00_00.ogg	monotonic_tfidf	review	selected	1	same
m20a.fsb.txt	2226	649	一宮	M20a_080_051_04_00	一宮	/sound/voice/M20a_080_051_04_00_00.ogg	unique_exact_anchor	exact	selected	1	same
m20a.fsb.txt	2255	658	紫	M20a_080_070_01_00	紫	/sound/voice/M20a_080_070_01_00_00.ogg	unique_exact_anchor	exact	selected	1	same
m20a.fsb.txt	2257	659	一宮	M20a_080_070_02_00	一宮	/sound/voice/M20a_080_070_02_00_00.ogg	unique_exact_anchor	exact	selected	1	same
m20a.fsb.txt	2259	660	紫	M20a_080_070_03_00	紫	/sound/voice/M20a_080_070_03_00_00.ogg	unique_exact_anchor	exact	selected	1	same
m20a.fsb.txt	2261	661	一宮	M20a_080_070_04_00	一宮	/sound/voice/M20a_080_070_04_00_00.ogg	unique_exact_anchor	exact	selected	1	same
m20a.fsb.txt	2263	662	一宮	M20a_080_070_05_00	一宮	/sound/voice/M20a_080_070_05_00_00.ogg	unique_exact_anchor	exact	selected	1	same
m20a.fsb.txt	2265	663	一宮	M20a_080_070_06_00	一宮	/sound/voice/M20a_080_070_06_00_00.ogg	unique_exact_anchor	exact	selected	1	same
m20a.fsb.txt	2267	664	一宮	M20a_080_070_07_00	一宮	/sound/voice/M20a_080_070_07_00_00.ogg	unique_exact_anchor	exact	selected	1	same
m20a.fsb.txt	2269	665	紫	M20a_080_070_08_00	紫	/sound/voice/M20a_080_070_08_00_00.ogg	unique_exact_anchor	exact	selected	1	same
m20a.fsb.txt	2271	666	一宮	M20a_080_070_09_00	一宮	/sound/voice/M20a_080_070_09_00_00.ogg	unique_exact_anchor	exact	selected	1	same
m20a.fsb.txt	2273	667	一宮	M20a_080_070_10_00	一宮	/sound/voice/M20a_080_070_10_00_00.ogg	unique_exact_anchor	exact	selected	1	same
m20a.fsb.txt	2287	672	紫	M20a_080_090_01_00	紫	/sound/voice/M20a_080_090_01_00_00.ogg	unique_exact_anchor	exact	selected	1	same
m20a.fsb.txt	2289	673	一宮	M20a_080_090_02_00	一宮	/sound/voice/M20a_080_090_02_00_00.ogg	unique_exact_anchor	exact	selected	1	same
m20a.fsb.txt	2291	674	一宮	M20a_080_090_03_00	一宮	/sound/voice/M20a_080_090_03_00_00.ogg	unique_exact_anchor	exact	selected	1	same
m20a.fsb.txt	2293	675	紫	M20a_080_090_04_00	紫	/sound/voice/M20a_080_090_04_00_00.ogg	unique_exact_anchor	exact	selected	1	same
m20a.fsb.txt	2295	676	一宮	M20a_080_090_05_00	一宮	/sound/voice/M20a_080_090_05_00_00.ogg	unique_exact_anchor	exact	selected	1	same
m20a.fsb.txt	2297	677	一宮	M20a_080_090_06_00	一宮	/sound/voice/M20a_080_090_06_00_00.ogg	unique_exact_anchor	exact	selected	1	same
m20a.fsb.txt	2299	678	一宮	M20a_080_090_07_00	一宮	/sound/voice/M20a_080_090_07_00_00.ogg	unique_exact_anchor	exact	selected	1	same
m20a.fsb.txt	2311	681	紫	M20a_080_101_01_00	紫	/sound/voice/M20a_080_101_01_00_00.ogg	unique_exact_anchor	exact	selected	1	same
m20a.fsb.txt	2349	688	八代	M20a_090_011_01_00	八代	/sound/voice/M20a_090_011_01_00_00.ogg	unique_exact_anchor	exact	selected	1	same
m20a.fsb.txt	2351	689	八代	M20a_090_011_02_00	八代	/sound/voice/M20a_090_011_02_00_00.ogg	unique_exact_anchor	exact	selected	1	same
m20a.fsb.txt	2353	690	八代	M20a_090_011_03_00	八代	/sound/voice/M20a_090_011_03_00_00.ogg	unique_exact_anchor	exact	selected	1	same
m20a.fsb.txt	2372	695	サンタ	M20a_090_020_02_00	サンタ	/sound/voice/M20a_090_020_02_00_00.ogg	unique_exact_anchor	exact	selected	1	same
m20a.fsb.txt	2375	696	八代	M20a_090_020_03_00	八代	/sound/voice/M20a_090_020_03_00_00.ogg	unique_exact_anchor	exact	selected	1	same
m20a.fsb.txt	2377	697	サンタ	M20a_090_020_04_00	サンタ	/sound/voice/M20a_090_020_04_00_00.ogg	unique_exact_anchor	exact	selected	1	same
m20a.fsb.txt	2379	698	八代	M20a_090_020_05_00	八代	/sound/voice/M20a_090_020_05_00_00.ogg	unique_exact_anchor	exact	selected	1	same
m20a.fsb.txt	2381	699	サンタ	M20a_090_020_06_00	サンタ	/sound/voice/M20a_090_020_06_00_00.ogg	monotonic_tfidf	high	selected	1	same
m20a.fsb.txt	2385	700	サンタ	M20a_090_030_02_00	サンタ	/sound/voice/M20a_090_030_02_00_00.ogg	unique_exact_anchor	exact	selected	1	same
m20a.fsb.txt	2387	701	八代	M20a_090_030_03_00	八代	/sound/voice/M20a_090_030_03_00_00.ogg	monotonic_tfidf	high	selected	1	same
m20a.fsb.txt	2389	702	八代	M20a_090_030_04_00	八代	/sound/voice/M20a_090_030_04_00_00.ogg	unique_exact_anchor	exact	selected	1	same
m20a.fsb.txt	2391	703	サンタ	M20a_090_030_05_00	サンタ	/sound/voice/M20a_090_030_05_00_00.ogg	monotonic_tfidf	high	selected	1	same
m20a.fsb.txt	2393	704	サンタ	M20a_090_030_06_00	サンタ	/sound/voice/M20a_090_030_06_00_00.ogg	unique_exact_anchor	exact	selected	1	same
m20a.fsb.txt	2403	705	セブン	M20a_090_030_07_00	セブン	/sound/voice/M20a_090_030_07_00_00.ogg	monotonic_tfidf	high	selected	1	same
m20a.fsb.txt	2412	706	八代	M20a_090_030_08_00	八代	/sound/voice/M20a_090_030_08_00_00.ogg	unique_exact_anchor	exact	selected	1	same
m20a.fsb.txt	2419	709	八代	M20a_090_030_12_00	八代	/sound/voice/M20a_090_030_12_00_00.ogg	unique_exact_anchor	exact	selected	1	same
m20a.fsb.txt	2427	711	サンタ	M20a_090_040_01_00	サンタ	/sound/voice/M20a_090_040_01_00_00.ogg	unique_exact_anchor	exact	selected	1	same
m20a.fsb.txt	2439	714	サンタ	M20a_090_040_04_00	サンタ	/sound/voice/M20a_090_040_04_00_00.ogg	unique_exact_anchor	exact	selected	1	same
m20a.fsb.txt	2456	721	淳平	M20a_090_050_01_00	淳平	/sound/voice/M20a_090_050_01_00_00.ogg	monotonic_tfidf	high	selected	1	same
m20a.fsb.txt	2458	722	サンタ	M20a_090_050_02_00	サンタ	/sound/voice/M20a_090_050_02_00_00.ogg	unique_exact_anchor	exact	selected	1	same
m20a.fsb.txt	2460	723	淳平	M20a_090_050_03_00	淳平	/sound/voice/M20a_090_050_03_00_00.ogg	unique_exact_anchor	exact	selected	1	same
m20a.fsb.txt	2462	724	サンタ	M20a_090_050_04_00	サンタ	/sound/voice/M20a_090_050_04_00_00.ogg	unique_exact_anchor	exact	selected	1	same
m20a.fsb.txt	2464	725	サンタ	M20a_090_050_05_00	サンタ	/sound/voice/M20a_090_050_05_00_00.ogg	monotonic_tfidf	high	selected	1	same
m20a.fsb.txt	2466	726	淳平	M20a_090_050_06_00	淳平	/sound/voice/M20a_090_050_06_00_00.ogg	monotonic_tfidf	exact	selected	1	same
m20a.fsb.txt	2469	727	サンタ	M20a_090_050_07_00	サンタ	/sound/voice/M20a_090_050_07_00_00.ogg	unique_exact_anchor	exact	selected	1	same
m20a.fsb.txt	2471	728	サンタ	M20a_090_050_08_00	サンタ	/sound/voice/M20a_090_050_08_00_00.ogg	monotonic_tfidf	high	selected	1	same
m20a.fsb.txt	2473	729	サンタ	M20a_090_050_09_00	サンタ	/sound/voice/M20a_090_050_09_00_00.ogg	unique_exact_anchor	exact	selected	1	same
m20a.fsb.txt	2475	730	サンタ	M20a_090_050_10_00	サンタ	/sound/voice/M20a_090_050_10_00_00.ogg	unique_exact_anchor	exact	selected	1	same
m20a.fsb.txt	2477	731	淳平	M20a_090_050_11_00	淳平	/sound/voice/M20a_090_050_11_00_00.ogg	unique_exact_anchor	exact	selected	1	same
m20a.fsb.txt	2479	732	サンタ	M20a_090_050_12_00	サンタ	/sound/voice/M20a_090_050_12_00_00.ogg	unique_exact_anchor	exact	selected	1	same
m20a.fsb.txt	2481	733	淳平	M20a_090_050_13_00	淳平	/sound/voice/M20a_090_050_13_00_00.ogg	monotonic_tfidf	high	selected	1	same
m20a.fsb.txt	2484	734	サンタ	M20a_090_050_14_00	サンタ	/sound/voice/M20a_090_050_14_00_00.ogg	unique_exact_anchor	exact	selected	1	same
m20a.fsb.txt	2517	745	サンタ	M20a_090_061_01_00	サンタ	/sound/voice/M20a_090_061_01_00_00.ogg	unique_exact_anchor	exact	selected	1	same
m20a.fsb.txt	2519	746	サンタ	M20a_090_061_02_00	サンタ	/sound/voice/M20a_090_061_02_00_00.ogg	unique_exact_anchor	exact	selected	1	same
m20a.fsb.txt	2571	761	サンタ	M20a_090_070_01_00	サンタ	/sound/voice/M20a_090_070_01_00_00.ogg	unique_exact_anchor	exact	selected	1	same
m20a.fsb.txt	2573	762	サンタ	M20a_090_070_02_00	サンタ	/sound/voice/M20a_090_070_02_00_00.ogg	monotonic_tfidf	high	selected	1	same
m20a.fsb.txt	2575	763	サンタ	M20a_090_070_03_00	サンタ	/sound/voice/M20a_090_070_03_00_00.ogg	monotonic_tfidf	high	selected	1	same
m20a.fsb.txt	2577	764	サンタ	M20a_090_070_04_00	サンタ	/sound/voice/M20a_090_070_04_00_00.ogg	monotonic_tfidf	high	selected	1	same
m20a.fsb.txt	2579	765	サンタ	M20a_090_070_05_00	サンタ	/sound/voice/M20a_090_070_05_00_00.ogg	unique_exact_anchor	exact	selected	1	same
m20a.fsb.txt	2581	766	サンタ	M20a_090_070_06_00	サンタ	/sound/voice/M20a_090_070_06_00_00.ogg	monotonic_tfidf	high	selected	1	same
m30a.fsb.txt	15	0	一宮	M30a_010_010_01_00	一宮	/sound/voice/M30a_010_010_01_00_00.ogg	unique_exact_anchor	exact	selected	1	same
m30a.fsb.txt	21	1	一宮	M30a_010_010_02_00	一宮	/sound/voice/M30a_010_010_02_00_00.ogg	monotonic_tfidf	high	selected	1	same
m30a.fsb.txt	23	2	一宮	M30a_010_010_04_00	一宮	/sound/voice/M30a_010_010_04_00_00.ogg	monotonic_tfidf	medium	selected	1	same
m30a.fsb.txt	33	5	一宮	M30a_010_030_01_00	一宮	/sound/voice/M30a_010_030_01_00_00.ogg	unique_exact_anchor	exact	selected	1	same
m30a.fsb.txt	35	6	一宮	M30a_010_030_02_00	一宮	/sound/voice/M30a_010_030_02_00_00.ogg	monotonic_tfidf	review	selected	1	same
m30a.fsb.txt	37	7	一宮	M30a_010_030_03_00	一宮	/sound/voice/M30a_010_030_03_00_00.ogg	monotonic_tfidf	review	selected	1	same
m30a.fsb.txt	45	9	セブン	M30a_010_040_01_00	セブン	/sound/voice/M30a_010_040_01_00_00.ogg	unique_exact_anchor	exact	selected	1	same
m30a.fsb.txt	50	11	セブン	M30a_010_040_03_00	セブン	/sound/voice/M30a_010_040_03_00_00.ogg	unique_exact_anchor	exact	selected	1	same
m30a.fsb.txt	53	12	セブン	M30a_010_040_04_00	セブン	/sound/voice/M30a_010_040_04_00_00.ogg	unique_exact_anchor	exact	selected	1	same
m30a.fsb.txt	99	19	八代	M30a_010_050_01_00	八代	/sound/voice/M30a_010_050_01_00_00.ogg	monotonic_tfidf	exact	selected	1	same
m30a.fsb.txt	101	20	セブン	M30a_010_050_02_00	セブン	/sound/voice/M30a_010_050_02_00_00.ogg	monotonic_tfidf	high	selected	1	same
m30a.fsb.txt	103	21	セブン	M30a_010_050_03_00	セブン	/sound/voice/M30a_010_050_03_00_00.ogg	monotonic_tfidf	exact	selected	1	same
m30a.fsb.txt	109	23	八代	M30a_010_060_01_00	八代	/sound/voice/M30a_010_060_01_00_00.ogg	monotonic_tfidf	exact	selected	1	same
m30a.fsb.txt	111	24	八代	M30a_010_060_02_00	八代	/sound/voice/M30a_010_060_02_00_00.ogg	unique_exact_anchor	exact	selected	1	same
m30a.fsb.txt	118	25	八代	M30a_010_060_03_00	八代	/sound/voice/M30a_010_060_03_00_00.ogg	monotonic_tfidf	high	selected	1	same
m30a.fsb.txt	129	27	八代	M30a_010_070_01_00	八代	/sound/voice/M30a_010_070_01_00_00.ogg	monotonic_tfidf	exact	selected	1	same
m30a.fsb.txt	168	33	八代	M30a_010_090_01_00	八代	/sound/voice/M30a_010_090_01_00_00.ogg	monotonic_tfidf	exact	selected	1	same
m30a.fsb.txt	170	34	セブン	M30a_010_090_02_00	セブン	/sound/voice/M30a_010_090_02_00_00.ogg	monotonic_tfidf	high	selected	1	same
m30a.fsb.txt	172	35	セブン	M30a_010_090_03_00	セブン	/sound/voice/M30a_010_090_03_00_00.ogg	monotonic_tfidf	exact	selected	1	same
m30a.fsb.txt	178	37	八代	M30a_010_100_01_00	八代	/sound/voice/M30a_010_100_01_00_00.ogg	monotonic_tfidf	exact	selected	1	same
m30a.fsb.txt	180	38	八代	M30a_010_100_02_00	八代	/sound/voice/M30a_010_100_02_00_00.ogg	unique_exact_anchor	exact	selected	1	same
m30a.fsb.txt	187	39	八代	M30a_010_100_03_00	八代	/sound/voice/M30a_010_100_03_00_00.ogg	monotonic_tfidf	high	selected	1	same
m30a.fsb.txt	201	42	八代	M30a_010_120_01_00	八代	/sound/voice/M30a_010_120_01_00_00.ogg	monotonic_tfidf	medium	selected	1	same
m30a.fsb.txt	234	48	淳平	M30a_010_140_01_00	淳平	/sound/voice/M30a_010_140_01_00_00.ogg	monotonic_tfidf	exact	selected	1	same
m30a.fsb.txt	236	49	セブン	M30a_010_140_02_00	セブン	/sound/voice/M30a_010_140_02_00_00.ogg	monotonic_tfidf	high	selected	1	same
m30a.fsb.txt	238	50	セブン	M30a_010_140_03_00	セブン	/sound/voice/M30a_010_140_03_00_00.ogg	monotonic_tfidf	exact	selected	1	same
m30a.fsb.txt	261	55	セブン	M30a_010_160_01_00	セブン	/sound/voice/M30a_010_160_01_00_00.ogg	monotonic_tfidf	exact	selected	1	same
m30a.fsb.txt	263	56	淳平	M30a_010_160_02_00	淳平	/sound/voice/M30a_010_160_02_00_00.ogg	monotonic_tfidf	medium	selected	1	same
m30a.fsb.txt	295	62	淳平	M30a_010_180_01_00	淳平	/sound/voice/M30a_010_180_01_00_00.ogg	monotonic_tfidf	exact	selected	1	same
m30a.fsb.txt	297	63	セブン	M30a_010_180_02_00	セブン	/sound/voice/M30a_010_180_02_00_00.ogg	monotonic_tfidf	high	selected	1	same
m30a.fsb.txt	299	64	セブン	M30a_010_180_03_00	セブン	/sound/voice/M30a_010_180_03_00_00.ogg	monotonic_tfidf	exact	selected	1	same
m30a.fsb.txt	322	69	セブン	M30a_010_200_01_00	セブン	/sound/voice/M30a_010_200_01_00_00.ogg	monotonic_tfidf	exact	selected	1	same
m30a.fsb.txt	324	70	淳平	M30a_010_200_02_00	淳平	/sound/voice/M30a_010_200_02_00_00.ogg	monotonic_tfidf	medium	selected	1	same
m30a.fsb.txt	332	71	八代	M30a_010_200_03_00	八代	/sound/voice/M30a_010_200_03_00_00.ogg	unique_exact_anchor	exact	selected	1	same
m30a.fsb.txt	339	72	八代	M30a_010_200_04_00	八代	/sound/voice/M30a_010_200_04_00_00.ogg	monotonic_tfidf	high	selected	1	same
m30a.fsb.txt	346	73	八代	M30a_010_210_01_00	八代	/sound/voice/M30a_010_210_01_00_00.ogg	monotonic_tfidf	exact	selected	1	same
m30a.fsb.txt	389	81	紫	M30a_010_240_01_00	紫	/sound/voice/M30a_010_240_01_00_00.ogg	unique_exact_anchor	exact	selected	1	same
m30a.fsb.txt	397	82	セブン	M30a_010_240_02_00	セブン	/sound/voice/M30a_010_240_02_00_00.ogg	monotonic_tfidf	exact	selected	1	same
m30a.fsb.txt	399	83	セブン	M30a_010_240_03_00	セブン	/sound/voice/M30a_010_240_03_00_00.ogg	unique_exact_anchor	exact	selected	1	same
m30a.fsb.txt	406	84	セブン	M30a_010_250_01_00	セブン	/sound/voice/M30a_010_250_01_00_00.ogg	unique_exact_anchor	exact	selected	1	same
m30a.fsb.txt	408	85	四葉	M30a_010_250_02_00	四葉	/sound/voice/M30a_010_250_02_00_00.ogg	unique_exact_anchor	exact	selected	1	same
m30a.fsb.txt	421	88	四葉	M30a_010_260_02_00	四葉	/sound/voice/M30a_010_260_02_00_00.ogg	monotonic_tfidf	high	selected	1	same
m30a.fsb.txt	423	89	セブン	M30a_010_260_03_00	セブン	/sound/voice/M30a_010_260_03_00_00.ogg	unique_exact_anchor	exact	selected	1	same
m30a.fsb.txt	425	90	セブン	M30a_010_260_04_00	セブン	/sound/voice/M30a_010_260_04_00_00.ogg	monotonic_tfidf	high	selected	1	same
m30a.fsb.txt	427	91	セブン	M30a_010_260_05_00	セブン	/sound/voice/M30a_010_260_05_00_00.ogg	unique_exact_anchor	exact	selected	1	same
m30a.fsb.txt	429	92	四葉	M30a_010_260_06_00	四葉	/sound/voice/M30a_010_260_06_00_00.ogg | /sound/voice/M30a_010_260_06_00_01.ogg	monotonic_tfidf	high	selected	1	same
m30a.fsb.txt	444	97	セブン	M30a_010_280_01_00	セブン	/sound/voice/M30a_010_280_01_00_00.ogg	unique_exact_anchor	exact	selected	1	same
m30a.fsb.txt	446	98	セブン	M30a_010_280_02_00	セブン	/sound/voice/M30a_010_280_02_00_00.ogg	monotonic_tfidf	high	selected	1	same
m30a.fsb.txt	456	101	一宮	M30a_010_290_01_00	一宮	/sound/voice/M30a_010_290_01_00_00.ogg	unique_exact_anchor	exact	selected	1	same
m30a.fsb.txt	458	102	一宮	M30a_010_290_02_00	一宮	/sound/voice/M30a_010_290_02_00_00.ogg	unique_exact_anchor	exact	selected	1	same
m30a.fsb.txt	460	103	一宮	M30a_010_290_03_00	一宮	/sound/voice/M30a_010_290_03_00_00.ogg	unique_exact_anchor	exact	selected	1	same
m30a.fsb.txt	464	104	セブン	M30a_010_290_04_00	セブン	/sound/voice/M30a_010_290_04_00_00.ogg	unique_exact_anchor	exact	selected	1	same
m30a.fsb.txt	484	108	セブン	M30a_010_310_01_00	セブン	/sound/voice/M30a_010_310_01_00_00.ogg	unique_exact_anchor	exact	selected	1	same
m30a.fsb.txt	486	109	セブン	M30a_010_310_02_00	セブン	/sound/voice/M30a_010_310_02_00_00.ogg	unique_exact_anchor	exact	selected	1	same
m30a.fsb.txt	488	110	一宮	M30a_010_310_03_00	一宮	/sound/voice/M30a_010_310_03_00_00.ogg	unique_exact_anchor	exact	selected	1	same
m30a.fsb.txt	490	111	セブン	M30a_010_310_04_00	セブン	/sound/voice/M30a_010_310_04_00_00.ogg	unique_exact_anchor	exact	selected	1	same
m30a.fsb.txt	521	113	セブン	M30a_020_020_01_00	セブン	/sound/voice/M30a_020_020_01_00_00.ogg	unique_exact_anchor	exact	selected	1	same
m30a.fsb.txt	529	114	八代	M30a_020_020_02_00	八代	/sound/voice/M30a_020_020_02_00_00.ogg	unique_exact_anchor	exact	selected	1	same
m30a.fsb.txt	531	115	セブン	M30a_020_020_03_00	セブン	/sound/voice/M30a_020_020_03_00_00.ogg	unique_exact_anchor	exact	selected	1	same
m30a.fsb.txt	533	116	八代	M30a_020_020_04_00	八代	/sound/voice/M30a_020_020_04_00_00.ogg	unique_exact_anchor	exact	selected	1	same
m30a.fsb.txt	535	117	八代	M30a_020_020_05_00	八代	/sound/voice/M30a_020_020_05_00_00.ogg	monotonic_tfidf	high	selected	1	same
m30a.fsb.txt	538	118	セブン	M30a_020_020_06_00	セブン	/sound/voice/M30a_020_020_06_00_00.ogg	unique_exact_anchor	exact	selected	1	same
m30a.fsb.txt	553	120	一宮	M30a_020_030_01_00	一宮	/sound/voice/M30a_020_030_01_00_00.ogg	monotonic_tfidf	review	selected	1	same
m30a.fsb.txt	575	124	八代	M30a_020_040_01_00	八代	/sound/voice/M30a_020_040_01_00_00.ogg	unique_exact_anchor	exact	selected	1	same
m30a.fsb.txt	577	125	淳平	M30a_020_040_02_00	淳平	/sound/voice/M30a_020_040_02_00_00.ogg	monotonic_tfidf	review	selected	1	same
m30a.fsb.txt	579	126	紫	M30a_020_040_03_00	紫	/sound/voice/M30a_020_040_03_00_00.ogg	unique_exact_anchor	exact	selected	1	same
m30a.fsb.txt	581	127	サンタ	M30a_020_040_04_00	サンタ	/sound/voice/M30a_020_040_04_00_00.ogg	monotonic_tfidf	medium	selected	1	same
m30a.fsb.txt	587	129	八代	M30a_020_050_01_00	八代	/sound/voice/M30a_020_050_01_00_00.ogg	unique_exact_anchor	exact	selected	1	same
m30a.fsb.txt	589	130	八代	M30a_020_050_02_00	八代	/sound/voice/M30a_020_050_02_00_00.ogg	unique_exact_anchor	exact	selected	1	same
m30a.fsb.txt	616	133	紫	M30a_030_010_01_00	紫	/sound/voice/M30a_030_010_01_00_00.ogg	monotonic_tfidf	high	selected	1	same
m30a.fsb.txt	618	134	八代	M30a_030_010_02_00	八代	/sound/voice/M30a_030_010_02_00_00.ogg	unique_exact_anchor	exact	selected	1	same
m30a.fsb.txt	638	137	八代	M30a_030_020_01_00	八代	/sound/voice/M30a_030_020_01_00_00.ogg	unique_exact_anchor	exact	selected	1	same
m30a.fsb.txt	640	138	淳平	M30a_030_020_02_00	淳平	/sound/voice/M30a_030_020_02_00_00.ogg	monotonic_tfidf	exact	selected	1	same
m30a.fsb.txt	683	147	サンタ	M30a_040_020_01_00	サンタ	/sound/voice/M30a_040_020_01_00_00.ogg	unique_exact_anchor	exact	selected	1	same
m30a.fsb.txt	685	148	淳平	M30a_040_020_02_00	淳平	/sound/voice/M30a_040_020_02_00_00.ogg	unique_exact_anchor	exact	selected	1	same
m30a.fsb.txt	687	149	サンタ	M30a_040_020_03_00	サンタ	/sound/voice/M30a_040_020_03_00_00.ogg	unique_exact_anchor	exact	selected	1	same
m30a.fsb.txt	690	150	サンタ	M30a_040_020_04_00	サンタ	/sound/voice/M30a_040_020_04_00_00.ogg	unique_exact_anchor	exact	selected	1	same
m30a.fsb.txt	700	154	淳平	M30a_040_030_01_00	淳平	/sound/voice/M30a_040_030_01_00_00.ogg	unique_exact_anchor	exact	selected	1	same
m30a.fsb.txt	702	155	淳平	M30a_040_030_02_00	淳平	/sound/voice/M30a_040_030_02_00_00.ogg	unique_exact_anchor	exact	selected	1	same
m30a.fsb.txt	704	156	サンタ	M30a_040_030_03_00	サンタ	/sound/voice/M30a_040_030_03_00_00.ogg	unique_exact_anchor	exact	selected	1	same
m30a.fsb.txt	706	157	淳平	M30a_040_030_04_00	淳平	/sound/voice/M30a_040_030_04_00_00.ogg	unique_exact_anchor	exact	selected	1	same
m30a.fsb.txt	740	163	紫	M30a_040_050_03_00	紫	/sound/voice/M30a_040_050_03_00_00.ogg	unique_exact_anchor	exact	selected	1	same
m30a.fsb.txt	746	164	淳平	M30a_040_060_01_00	淳平	/sound/voice/M30a_040_060_01_00_00.ogg	unique_exact_anchor	exact	selected	1	same
m30a.fsb.txt	760	167	八代	M30a_040_070_01_00	八代	/sound/voice/M30a_040_070_01_00_00.ogg	unique_exact_anchor	exact	selected	1	same
m30a.fsb.txt	766	170	八代	M30a_040_070_04_00	八代	/sound/voice/M30a_040_070_04_00_00.ogg	unique_exact_anchor	exact	selected	1	same
m30a.fsb.txt	797	177	紫	M30a_040_090_04_00	紫	/sound/voice/M30a_040_090_04_00_00.ogg	unique_exact_anchor	exact	selected	1	same
m30a.fsb.txt	801	178	紫	M30a_040_100_01_00	紫	/sound/voice/M30a_040_100_01_00_00.ogg	unique_exact_anchor	exact	selected	1	same
m30a.fsb.txt	812	179	紫	M30a_040_100_02_00	紫	/sound/voice/M30a_040_100_02_00_00.ogg	unique_exact_anchor	exact	selected	1	same
m30a.fsb.txt	817	180	紫	M30a_040_100_03_00	紫	/sound/voice/M30a_040_100_03_00_00.ogg	unique_exact_anchor	exact	selected	1	same
m30a.fsb.txt	822	181	紫	M30a_040_100_04_00	紫	/sound/voice/M30a_040_100_04_00_00.ogg	unique_exact_anchor	exact	selected	1	same
m30a.fsb.txt	831	182	紫	M30a_040_110_01_00	紫	/sound/voice/M30a_040_110_01_00_00.ogg	unique_exact_anchor	exact	selected	1	same
m30a.fsb.txt	833	183	サンタ	M30a_040_110_02_00	サンタ	/sound/voice/M30a_040_110_02_00_00.ogg	unique_exact_anchor	exact	selected	1	same
m30a.fsb.txt	835	184	紫	M30a_040_110_03_00	紫	/sound/voice/M30a_040_110_03_00_00.ogg	unique_exact_anchor	exact	selected	1	same
m30a.fsb.txt	843	187	サンタ	M30a_040_110_06_00	サンタ	/sound/voice/M30a_040_110_06_00_00.ogg	unique_exact_anchor	exact	selected	1	same
m30a.fsb.txt	845	188	サンタ	M30a_040_110_07_00	サンタ	/sound/voice/M30a_040_110_07_00_00.ogg	unique_exact_anchor	exact	selected	1	same
m30a.fsb.txt	848	189	サンタ	M30a_040_110_08_00	サンタ	/sound/voice/M30a_040_110_08_00_00.ogg	unique_exact_anchor	exact	selected	1	same
m30a.fsb.txt	897	198	淳平	M30a_050_030_01_00	淳平	/sound/voice/M30a_050_030_01_00_00.ogg	monotonic_tfidf	high	selected	1	same
m30a.fsb.txt	900	199	紫	M30a_050_030_02_00	紫	/sound/voice/M30a_050_030_02_00_00.ogg	unique_exact_anchor	exact	selected	1	same
m30a.fsb.txt	930	204	紫	M30a_050_050_01_00	紫	/sound/voice/M30a_050_050_01_00_00.ogg	unique_exact_anchor	exact	selected	1	same
m30a.fsb.txt	935	206	淳平	M30a_050_050_03_00	淳平	/sound/voice/M30a_050_050_03_00_00.ogg	unique_exact_anchor	exact	selected	1	same
m30a.fsb.txt	952	209	紫	M30a_050_060_01_00	紫	/sound/voice/M30a_050_060_01_00_00.ogg	unique_exact_anchor	exact	selected	1	same
m30a.fsb.txt	954	210	淳平	M30a_050_060_02_00	淳平	/sound/voice/M30a_050_060_02_00_00.ogg	unique_exact_anchor	exact	selected	1	same
m30a.fsb.txt	956	211	紫	M30a_050_060_03_00	紫	/sound/voice/M30a_050_060_03_00_00.ogg	unique_exact_anchor	exact	selected	1	same
m30a.fsb.txt	986	221	淳平	M30a_050_080_01_00	淳平	/sound/voice/M30a_050_080_01_00_00.ogg	unique_exact_anchor	exact	selected	1	same
m30a.fsb.txt	1003	224	紫	M30a_050_090_01_00	紫	/sound/voice/M30a_050_090_01_00_00.ogg	unique_exact_anchor	exact	selected	1	same
m30a.fsb.txt	1005	225	淳平	M30a_050_090_02_00	淳平	/sound/voice/M30a_050_090_02_00_00.ogg	unique_exact_anchor	exact	selected	1	same
m30a.fsb.txt	1007	226	紫	M30a_050_090_03_00	紫	/sound/voice/M30a_050_090_03_00_00.ogg	unique_exact_anchor	exact	selected	1	same
m30a.fsb.txt	1009	227	淳平	M30a_050_090_04_00	淳平	/sound/voice/M30a_050_090_04_00_00.ogg	unique_exact_anchor	exact	selected	1	same
m30a.fsb.txt	1011	228	紫	M30a_050_090_05_00	紫	/sound/voice/M30a_050_090_05_00_00.ogg | /sound/voice/M30a_050_090_05_00_01.ogg	monotonic_tfidf	high	selected	1	same
m30a.fsb.txt	1020	231	紫	M30a_050_100_01_00	紫	/sound/voice/M30a_050_100_01_00_00.ogg	unique_exact_anchor	exact	selected	1	same
m30a.fsb.txt	1027	233	紫	M30a_050_110_01_00	紫	/sound/voice/M30a_050_110_01_00_00.ogg	unique_exact_anchor	exact	selected	1	same
m30a.fsb.txt	1029	234	淳平	M30a_050_110_02_00	淳平	/sound/voice/M30a_050_110_02_00_00.ogg	unique_exact_anchor	exact	selected	1	same
m30a.fsb.txt	1031	235	淳平	M30a_050_110_03_00	淳平	/sound/voice/M30a_050_110_03_00_00.ogg	unique_exact_anchor	exact	selected	1	same
m30a.fsb.txt	1033	236	紫	M30a_050_110_04_00	紫	/sound/voice/M30a_050_110_04_00_00.ogg	unique_exact_anchor	exact	selected	1	same
m30a.fsb.txt	1037	238	紫	M30a_050_110_06_00	紫	/sound/voice/M30a_050_110_06_00_00.ogg	unique_exact_anchor	exact	selected	1	same
m30a.fsb.txt	1039	239	淳平	M30a_050_110_07_00	淳平	/sound/voice/M30a_050_110_07_00_00.ogg	unique_exact_anchor	exact	selected	1	same
m30a.fsb.txt	1041	240	紫	M30a_050_110_08_00	紫	/sound/voice/M30a_050_110_08_00_00.ogg	unique_exact_anchor	exact	selected	1	same
m30a.fsb.txt	1044	241	淳平	M30a_050_120_01_00	淳平	/sound/voice/M30a_050_120_01_00_00.ogg | /sound/voice/M30a_050_120_01_00_01.ogg	monotonic_tfidf	high	selected	1	same
m30a.fsb.txt	1047	242	紫	M30a_050_120_02_00	紫	/sound/voice/M30a_050_120_02_00_00.ogg	unique_exact_anchor	exact	selected	1	same
m30a.fsb.txt	1049	243	淳平	M30a_050_120_03_00	淳平	/sound/voice/M30a_050_120_03_00_00.ogg	unique_exact_anchor	exact	selected	1	same
m30a.fsb.txt	1051	244	淳平	M30a_050_120_04_00	淳平	/sound/voice/M30a_050_120_04_00_00.ogg	unique_exact_anchor	exact	selected	1	same
m30a.fsb.txt	1054	245	紫	M30a_050_120_05_00	紫	/sound/voice/M30a_050_120_05_00_00.ogg	unique_exact_anchor	exact	selected	1	same
m30a.fsb.txt	1057	246	淳平	M30a_050_130_01_00	淳平	/sound/voice/M30a_050_130_01_00_00.ogg	unique_exact_anchor	exact	selected	1	same
m30a.fsb.txt	1060	247	紫	M30a_050_130_02_00	紫	/sound/voice/M30a_050_130_02_00_00.ogg	unique_exact_anchor	exact	selected	1	same
m30a.fsb.txt	1062	248	淳平	M30a_050_130_03_00	淳平	/sound/voice/M30a_050_130_03_00_00.ogg	unique_exact_anchor	exact	selected	1	same
m30a.fsb.txt	1064	249	紫	M30a_050_130_04_00	紫	/sound/voice/M30a_050_130_04_00_00.ogg	monotonic_tfidf	exact	selected	1	same
m30a.fsb.txt	1066	250	紫	M30a_050_130_05_00	紫	/sound/voice/M30a_050_130_05_00_00.ogg	unique_exact_anchor	exact	selected	1	same
m30a.fsb.txt	1068	251	淳平	M30a_050_130_06_00	淳平	/sound/voice/M30a_050_130_06_00_00.ogg	unique_exact_anchor	exact	selected	1	same
m30a.fsb.txt	1070	252	紫	M30a_050_130_07_00	紫	/sound/voice/M30a_050_130_07_00_00.ogg	unique_exact_anchor	exact	selected	1	same
m30a.fsb.txt	1072	253	淳平	M30a_050_130_08_00	淳平	/sound/voice/M30a_050_130_08_00_00.ogg	unique_exact_anchor	exact	selected	1	same
m30a.fsb.txt	1075	254	紫	M30a_050_130_09_00	紫	/sound/voice/M30a_050_130_09_00_00.ogg	unique_exact_anchor	exact	selected	1	same
m30a.fsb.txt	1077	255	紫	M30a_050_130_10_00	紫	/sound/voice/M30a_050_130_10_00_00.ogg	unique_exact_anchor	exact	selected	1	same
m30a.fsb.txt	1079	256	淳平	M30a_050_130_11_00	淳平	/sound/voice/M30a_050_130_11_00_00.ogg	unique_exact_anchor	exact	selected	1	same
m30a.fsb.txt	1081	257	淳平	M30a_050_130_12_00	淳平	/sound/voice/M30a_050_130_12_00_00.ogg	unique_exact_anchor	exact	selected	1	same
m30a.fsb.txt	1085	258	紫	M30a_050_140_01_00	紫	/sound/voice/M30a_050_140_01_00_00.ogg	unique_exact_anchor	exact	selected	1	same
m30a.fsb.txt	1087	259	淳平	M30a_050_140_02_00	淳平	/sound/voice/M30a_050_140_02_00_00.ogg	monotonic_tfidf	exact	selected	1	same
m30a.fsb.txt	1090	260	紫	M30a_050_140_03_00	紫	/sound/voice/M30a_050_140_03_00_00.ogg	unique_exact_anchor	exact	selected	1	same
m30a.fsb.txt	1092	261	紫	M30a_050_140_04_00	紫	/sound/voice/M30a_050_140_04_00_00.ogg	unique_exact_anchor	exact	selected	1	same
m30a.fsb.txt	1094	262	淳平	M30a_050_140_05_00	淳平	/sound/voice/M30a_050_140_05_00_00.ogg	unique_exact_anchor	exact	selected	1	same
m30a.fsb.txt	1096	263	紫	M30a_050_140_06_00	紫	/sound/voice/M30a_050_140_06_00_00.ogg	unique_exact_anchor	exact	selected	1	same
m30a.fsb.txt	1098	264	紫	M30a_050_140_07_00	紫	/sound/voice/M30a_050_140_07_00_00.ogg	unique_exact_anchor	exact	selected	1	same
m30a.fsb.txt	1102	265	淳平	M30a_050_160_01_00	淳平	/sound/voice/M30a_050_160_01_00_00.ogg	unique_exact_anchor	exact	selected	1	same
m30a.fsb.txt	1104	266	紫	M30a_050_160_02_00	紫	/sound/voice/M30a_050_160_02_00_00.ogg	unique_exact_anchor	exact	selected	1	same
m30a.fsb.txt	1106	267	紫	M30a_050_160_03_00	紫	/sound/voice/M30a_050_160_03_00_00.ogg	monotonic_tfidf	high	selected	1	same
m30a.fsb.txt	1120	272	紫	M30a_050_180_02_00	紫	/sound/voice/M30a_050_180_02_00_00.ogg	unique_exact_anchor	exact	selected	1	same
m30a.fsb.txt	1122	273	紫	M30a_050_180_03_00	紫	/sound/voice/M30a_050_180_03_00_00.ogg	unique_exact_anchor	exact	selected	1	same
m30a.fsb.txt	1124	274	紫	M30a_050_180_04_00	紫	/sound/voice/M30a_050_180_04_00_00.ogg	unique_exact_anchor	exact	selected	1	same
m30a.fsb.txt	1127	275	紫	M30a_050_180_05_00	紫	/sound/voice/M30a_050_180_05_00_00.ogg	unique_exact_anchor	exact	selected	1	same
m30a.fsb.txt	1137	280	淳平	M30a_050_180_10_00	淳平	/sound/voice/M30a_050_180_10_00_00.ogg	unique_exact_anchor	exact	selected	1	same
m30a.fsb.txt	1145	283	淳平	M30a_050_190_03_00	淳平	/sound/voice/M30a_050_190_03_00_00.ogg	unique_exact_anchor	exact	selected	1	same
m30a.fsb.txt	1147	284	紫	M30a_050_190_04_00	紫	/sound/voice/M30a_050_190_04_00_00.ogg	unique_exact_anchor	exact	selected	1	same
m30a.fsb.txt	1188	292	淳平	M30a_050_230_01_00	淳平	/sound/voice/M30a_050_230_01_00_00.ogg	unique_exact_anchor	exact	selected	1	same
m30a.fsb.txt	1192	293	淳平	M30a_050_230_02_00	淳平	/sound/voice/M30a_050_230_02_00_00.ogg	unique_exact_anchor	exact	selected	1	same
m30a.fsb.txt	1195	294	紫	M30a_050_230_03_00	紫	/sound/voice/M30a_050_230_03_00_00.ogg	unique_exact_anchor	exact	selected	1	same
m30a.fsb.txt	1197	295	紫	M30a_050_230_04_00	紫	/sound/voice/M30a_050_230_04_00_00.ogg	unique_exact_anchor	exact	selected	1	same
m30a.fsb.txt	1199	296	紫	M30a_050_230_05_00	紫	/sound/voice/M30a_050_230_05_00_00.ogg	unique_exact_anchor	exact	selected	1	same
m30a.fsb.txt	1201	297	淳平	M30a_050_230_06_00	淳平	/sound/voice/M30a_050_230_06_00_00.ogg	unique_exact_anchor	exact	selected	1	same
m30a.fsb.txt	1203	298	紫	M30a_050_230_07_00	紫	/sound/voice/M30a_050_230_07_00_00.ogg	monotonic_tfidf	exact	selected	1	same
m30a.fsb.txt	1205	299	淳平	M30a_050_230_08_00	淳平	/sound/voice/M30a_050_230_08_00_00.ogg	unique_exact_anchor	exact	selected	1	same
m30a.fsb.txt	1215	301	淳平	M30a_050_240_01_00	淳平	/sound/voice/M30a_050_240_01_00_00.ogg	unique_exact_anchor	exact	selected	1	same
m30a.fsb.txt	1217	302	紫	M30a_050_240_02_00	紫	/sound/voice/M30a_050_240_02_00_00.ogg	unique_exact_anchor	exact	selected	1	same
m30a.fsb.txt	1223	304	淳平	M30a_050_250_01_00	淳平	/sound/voice/M30a_050_250_01_00_00.ogg	unique_exact_anchor	exact	selected	1	same
m30a.fsb.txt	1225	305	紫	M30a_050_250_02_00	紫	/sound/voice/M30a_050_250_02_00_00.ogg	unique_exact_anchor	exact	selected	1	same
m30a.fsb.txt	1227	306	淳平	M30a_050_250_03_00	淳平	/sound/voice/M30a_050_250_03_00_00.ogg	unique_exact_anchor	exact	selected	1	same
m30a.fsb.txt	1273	315	淳平	M30a_050_280_02_00	淳平	/sound/voice/M30a_050_280_02_00_00.ogg	monotonic_tfidf	exact	selected	1	same
m30a.fsb.txt	1282	318	紫	M30a_050_290_01_00	紫	/sound/voice/M30a_050_290_01_00_00.ogg	unique_exact_anchor	exact	selected	1	same
m30a.fsb.txt	1284	319	紫	M30a_050_290_02_00	紫	/sound/voice/M30a_050_290_02_00_00.ogg	unique_exact_anchor	exact	selected	1	same
m30a.fsb.txt	1286	320	淳平	M30a_050_290_03_00	淳平	/sound/voice/M30a_050_290_03_00_00.ogg	unique_exact_anchor	exact	selected	1	same
m30a.fsb.txt	1288	321	淳平	M30a_050_290_04_00	淳平	/sound/voice/M30a_050_290_04_00_00.ogg	unique_exact_anchor	exact	selected	1	same
m30a.fsb.txt	1290	322	淳平	M30a_050_290_05_00	淳平	/sound/voice/M30a_050_290_05_00_00.ogg	unique_exact_anchor	exact	selected	1	same
m30a.fsb.txt	1305	324	紫	M30a_050_300_01_00	紫	/sound/voice/M30a_050_300_01_00_00.ogg	unique_exact_anchor	exact	selected	1	same
m30a.fsb.txt	1307	325	紫	M30a_050_300_02_00	紫	/sound/voice/M30a_050_300_02_00_00.ogg	unique_exact_anchor	exact	selected	1	same
m30a.fsb.txt	1309	326	淳平	M30a_050_300_03_00	淳平	/sound/voice/M30a_050_300_03_00_00.ogg	unique_exact_anchor	exact	selected	1	same
m30a.fsb.txt	1321	328	淳平	M30a_050_310_01_00	淳平	/sound/voice/M30a_050_310_01_00_00.ogg	unique_exact_anchor	exact	selected	1	same
m30a.fsb.txt	1327	329	紫	M30a_050_310_02_00	紫	/sound/voice/M30a_050_310_02_00_00.ogg	unique_exact_anchor	exact	selected	1	same
m30a.fsb.txt	1329	330	淳平	M30a_050_310_03_00	淳平	/sound/voice/M30a_050_310_03_00_00.ogg	unique_exact_anchor	exact	selected	1	same
m30a.fsb.txt	1350	334	紫	M30a_050_320_01_00	紫	/sound/voice/M30a_050_320_01_00_00.ogg	unique_exact_anchor	exact	selected	1	same
m30a.fsb.txt	1352	335	淳平	M30a_050_320_02_00	淳平	/sound/voice/M30a_050_320_02_00_00.ogg	unique_exact_anchor	exact	selected	1	same
m30a.fsb.txt	1403	346	紫	M30a_060_030_01_00	紫	/sound/voice/M30a_060_030_01_00_00.ogg	unique_exact_anchor	exact	selected	1	same
m30a.fsb.txt	1405	347	淳平	M30a_060_030_02_00	淳平	/sound/voice/M30a_060_030_02_00_00.ogg	unique_exact_anchor	exact	selected	1	same
m30a.fsb.txt	1407	348	淳平	M30a_060_030_03_00	淳平	/sound/voice/M30a_060_030_03_00_00.ogg	unique_exact_anchor	exact	selected	1	same
m30a.fsb.txt	1415	350	紫	M30a_060_040_01_00	紫	/sound/voice/M30a_060_040_01_00_00.ogg	unique_exact_anchor	exact	selected	1	same
m30a.fsb.txt	1420	352	紫	M30a_060_040_03_00	紫	/sound/voice/M30a_060_040_03_00_00.ogg	unique_exact_anchor	exact	selected	1	same
m30a.fsb.txt	1422	353	淳平	M30a_060_040_04_00	淳平	/sound/voice/M30a_060_040_04_00_00.ogg	monotonic_tfidf	exact	selected	1	same
m30a.fsb.txt	1424	354	紫	M30a_060_040_05_00	紫	/sound/voice/M30a_060_040_05_00_00.ogg	unique_exact_anchor	exact	selected	1	same
m30a.fsb.txt	1426	355	淳平	M30a_060_040_06_00	淳平	/sound/voice/M30a_060_040_06_00_00.ogg	unique_exact_anchor	exact	selected	1	same
m30a.fsb.txt	1429	356	紫	M30a_060_040_07_00	紫	/sound/voice/M30a_060_040_07_00_00.ogg	unique_exact_anchor	exact	selected	1	same
m30a.fsb.txt	1438	358	淳平	M30a_060_050_01_00	淳平	/sound/voice/M30a_060_050_01_00_00.ogg	unique_exact_anchor	exact	selected	1	same
m30a.fsb.txt	1440	359	紫	M30a_060_050_02_00	紫	/sound/voice/M30a_060_050_02_00_00.ogg	monotonic_tfidf	exact	selected	1	same
m30a.fsb.txt	1446	360	淳平	M30a_060_060_01_00	淳平	/sound/voice/M30a_060_060_01_00_00.ogg	unique_exact_anchor	exact	selected	1	same
m30a.fsb.txt	1448	361	紫	M30a_060_060_02_00	紫	/sound/voice/M30a_060_060_02_00_00.ogg	unique_exact_anchor	exact	selected	1	same
m30a.fsb.txt	1452	362	淳平	M30a_060_070_01_00	淳平	/sound/voice/M30a_060_070_01_00_00.ogg	unique_exact_anchor	exact	selected	1	same
m30a.fsb.txt	1454	363	淳平	M30a_060_070_02_00	淳平	/sound/voice/M30a_060_070_02_00_00.ogg	unique_exact_anchor	exact	selected	1	same
m30a.fsb.txt	1456	364	紫	M30a_060_070_03_00	紫	/sound/voice/M30a_060_070_03_00_00.ogg	unique_exact_anchor	exact	selected	1	same
m30a.fsb.txt	1471	368	淳平	M30a_060_080_03_10	淳平	/sound/voice/M30a_060_080_03_10_00.ogg	monotonic_tfidf	medium	selected	1	same
m30a.fsb.txt	1473	369	紫	M30a_060_080_04_00	紫	/sound/voice/M30a_060_080_04_00_00.ogg	monotonic_tfidf	exact	selected	1	same
m30a.fsb.txt	1513	380	淳平	M30a_060_110_01_00	淳平	/sound/voice/M30a_060_110_01_00_00.ogg	unique_exact_anchor	exact	selected	1	same
m30a.fsb.txt	1515	381	紫	M30a_060_110_02_00	紫	/sound/voice/M30a_060_110_02_00_00.ogg	unique_exact_anchor	exact	selected	1	same
m30a.fsb.txt	1526	384	淳平	M30a_060_120_02_10	淳平	/sound/voice/M30a_060_120_02_10_00.ogg	extended_same_speaker	medium	selected	1	same
m30a.fsb.txt	1529	385	紫	M30a_060_120_03_00	紫	/sound/voice/M30a_060_120_03_00_00.ogg	unique_exact_anchor	exact	selected	1	same
m30a.fsb.txt	1558	391	淳平	M30a_070_010_01_00	淳平	/sound/voice/M30a_070_010_01_00_00.ogg	monotonic_tfidf	high	selected	1	same
m30a.fsb.txt	1573	396	八代	M30a_070_020_01_00	八代	/sound/voice/M30a_070_020_01_00_00.ogg	unique_exact_anchor	exact	selected	1	same
m30a.fsb.txt	1578	398	淳平	M30a_070_020_03_00	淳平	/sound/voice/M30a_070_020_03_00_00.ogg	unique_exact_anchor	exact	selected	1	same
m30a.fsb.txt	1580	399	淳平	M30a_070_020_04_00	淳平	/sound/voice/M30a_070_020_04_00_00.ogg	unique_exact_anchor	exact	selected	1	same
m30a.fsb.txt	1582	400	八代	M30a_070_020_05_00	八代	/sound/voice/M30a_070_020_05_00_00.ogg	unique_exact_anchor	exact	selected	1	same
m30a.fsb.txt	1591	401	サンタ	M30a_070_030_01_00	サンタ	/sound/voice/M30a_070_030_01_00_00.ogg	monotonic_tfidf	high	selected	1	same
m30a.fsb.txt	1593	402	紫	M30a_070_030_02_00	紫	/sound/voice/M30a_070_030_02_00_00.ogg	unique_exact_anchor	exact	selected	1	same
m30a.fsb.txt	1595	403	サンタ	M30a_070_030_03_00	サンタ	/sound/voice/M30a_070_030_03_00_00.ogg	unique_exact_anchor	exact	selected	1	same
m30a.fsb.txt	1597	404	サンタ	M30a_070_030_04_00	サンタ	/sound/voice/M30a_070_030_04_00_00.ogg	unique_exact_anchor	exact	selected	1	same
m30a.fsb.txt	1599	405	八代	M30a_070_030_05_00	八代	/sound/voice/M30a_070_030_05_00_00.ogg	unique_exact_anchor	exact	selected	1	same
m30a.fsb.txt	1601	406	紫	M30a_070_030_06_00	紫	/sound/voice/M30a_070_030_06_00_00.ogg	unique_exact_anchor	exact	selected	1	same
m30a.fsb.txt	1603	407	サンタ	M30a_070_030_07_00	サンタ	/sound/voice/M30a_070_030_07_00_00.ogg	unique_exact_anchor	exact	selected	1	same
m30a.fsb.txt	1605	408	淳平	M30a_070_030_08_00	淳平	/sound/voice/M30a_070_030_08_00_00.ogg	unique_exact_anchor	exact	selected	1	same
m30a.fsb.txt	1607	409	淳平	M30a_070_030_09_00	淳平	/sound/voice/M30a_070_030_09_00_00.ogg	unique_exact_anchor	exact	selected	1	same
m30a.fsb.txt	1609	410	八代	M30a_070_030_10_00	八代	/sound/voice/M30a_070_030_10_00_00.ogg	unique_exact_anchor	exact	selected	1	same
m30a.fsb.txt	1625	413	紫	M30a_070_050_01_30	紫	/sound/voice/M30a_070_050_01_30_00.ogg	unique_exact_anchor	exact	selected	1	same
m30a.fsb.txt	1630	415	淳平	M30a_070_050_03_00	淳平	/sound/voice/M30a_070_050_03_00_00.ogg	unique_exact_anchor	exact	selected	1	same
m30a.fsb.txt	1634	416	八代	M30a_070_050_04_00	八代	/sound/voice/M30a_070_050_04_00_00.ogg	monotonic_tfidf	high	selected	1	same
m30a.fsb.txt	1642	417	サンタ	M30a_070_050_05_00	サンタ	/sound/voice/M30a_070_050_05_00_00.ogg	unique_exact_anchor	exact	selected	1	same
m30a.fsb.txt	1653	421	八代	M30a_070_060_01_00	八代	/sound/voice/M30a_070_060_01_00_00.ogg	unique_exact_anchor	exact	selected	1	same
m30a.fsb.txt	1655	422	八代	M30a_070_060_02_00	八代	/sound/voice/M30a_070_060_02_00_00.ogg	unique_exact_anchor	exact	selected	1	same
m30a.fsb.txt	1688	425	セブン	M30a_080_010_02_00	セブン	/sound/voice/M30a_080_010_02_00_00.ogg	unique_exact_anchor	exact	selected	1	same
m30a.fsb.txt	1707	432	淳平	M30a_080_030_01_00	淳平	/sound/voice/M30a_080_030_01_00_00.ogg	unique_exact_anchor	exact	selected	1	same
m30a.fsb.txt	1709	433	セブン	M30a_080_030_02_00	セブン	/sound/voice/M30a_080_030_02_00_00.ogg	unique_exact_anchor	exact	selected	1	same
m30a.fsb.txt	1718	436	セブン	M30a_080_040_01_00	セブン	/sound/voice/M30a_080_040_01_00_00.ogg	unique_exact_anchor	exact	selected	1	same
m30a.fsb.txt	1721	437	セブン	M30a_080_040_02_00	セブン	/sound/voice/M30a_080_040_02_00_00.ogg	unique_exact_anchor	exact	selected	1	same
m30a.fsb.txt	1741	442	一宮	M30a_080_050_01_00	一宮	/sound/voice/M30a_080_050_01_00_00.ogg	monotonic_tfidf	medium	selected	1	same
m30a.fsb.txt	1743	443	一宮	M30a_080_050_02_00	一宮	/sound/voice/M30a_080_050_02_00_00.ogg	unique_exact_anchor	exact	selected	1	same
m30a.fsb.txt	1763	450	紫	M30a_080_070_01_00	紫	/sound/voice/M30a_080_070_01_00_00.ogg	unique_exact_anchor	exact	selected	1	same
m30a.fsb.txt	1780	452	八代	M30a_080_080_01_00	八代	/sound/voice/M30a_080_080_01_00_00.ogg	unique_exact_anchor	exact	selected	1	same
m30a.fsb.txt	1782	453	淳平	M30a_080_080_02_00	淳平	/sound/voice/M30a_080_080_02_00_00.ogg	unique_exact_anchor	exact	selected	1	same
m30a.fsb.txt	1795	455	セブン	M30a_080_090_01_00	セブン	/sound/voice/M30a_080_090_01_00_00.ogg	unique_exact_anchor	exact	selected	1	same
m30a.fsb.txt	1807	458	セブン	M30a_080_100_01_00	セブン	/sound/voice/M30a_080_100_01_00_00.ogg	unique_exact_anchor	exact	selected	1	same
m30a.fsb.txt	1809	459	セブン	M30a_080_100_02_10	セブン	/sound/voice/M30a_080_100_02_10_00.ogg	unique_exact_anchor	exact	selected	1	same
m30a.fsb.txt	1811	460	淳平	M30a_080_100_03_00	淳平	/sound/voice/M30a_080_100_03_00_00.ogg	unique_exact_anchor	exact	selected	1	same
m30a.fsb.txt	1817	461	セブン	M30a_080_100_04_00	セブン	/sound/voice/M30a_080_100_04_00_00.ogg	unique_exact_anchor	exact	selected	1	same
m30a.fsb.txt	1819	462	セブン	M30a_080_100_05_00	セブン	/sound/voice/M30a_080_100_05_00_00.ogg	unique_exact_anchor	exact	selected	1	same
m30a.fsb.txt	1827	463	サンタ	M30a_080_100_07_10	サンタ	/sound/voice/M30a_080_100_07_10_00.ogg	monotonic_tfidf	high	selected	1	same
m30a.fsb.txt	1829	464	セブン	M30a_080_100_08_00	セブン	/sound/voice/M30a_080_100_08_00_00.ogg	unique_exact_anchor	exact	selected	1	same
m30a.fsb.txt	1863	470	八代	M30a_090_020_01_00	八代	/sound/voice/M30a_090_020_01_00_00.ogg	unique_exact_anchor	exact	selected	1	same
m30a.fsb.txt	1876	473	サンタ	M30a_090_020_04_00	サンタ	/sound/voice/M30a_090_020_04_00_00.ogg	unique_exact_anchor	exact	selected	1	same
m30a.fsb.txt	1906	483	淳平	M30a_090_050_01_00	淳平	/sound/voice/M30a_090_050_01_00_00.ogg	unique_exact_anchor	exact	selected	1	same
m30a.fsb.txt	1912	484	紫	M30a_090_050_02_00	紫	/sound/voice/M30a_090_050_02_00_00.ogg	unique_exact_anchor	exact	selected	1	same
m30a.fsb.txt	1914	485	淳平	M30a_090_050_03_00	淳平	/sound/voice/M30a_090_050_03_00_00.ogg	unique_exact_anchor	exact	selected	1	same
m30a.fsb.txt	1972	500	サンタ	M30a_090_090_01_00	サンタ	/sound/voice/M30a_090_090_01_00_00.ogg	unique_exact_anchor	exact	selected	1	same
m30a.fsb.txt	1977	502	サンタ	M30a_090_090_03_00	サンタ	/sound/voice/M30a_090_090_03_00_00.ogg	unique_exact_anchor	exact	selected	1	same
m30a.fsb.txt	1979	503	サンタ	M30a_090_090_04_00	サンタ	/sound/voice/M30a_090_090_04_00_00.ogg	unique_exact_anchor	exact	selected	1	same
m30a.fsb.txt	2008	513	八代	M30a_090_130_01_00	八代	/sound/voice/M30a_090_130_01_00_00.ogg	unique_exact_anchor	exact	selected	1	same
m30a.fsb.txt	2051	521	セブン	M30a_110_020_01_00	セブン	/sound/voice/M30a_110_020_01_00_00.ogg	unique_exact_anchor	exact	selected	1	same
m30a.fsb.txt	2129	541	紫	M30a_110_070_01_00	紫	/sound/voice/M30a_110_070_01_00_00.ogg	unique_exact_anchor	exact	selected	1	same
m30a.fsb.txt	2131	542	淳平	M30a_110_070_02_00	淳平	/sound/voice/M30a_110_070_02_00_00.ogg	unique_exact_anchor	exact	selected	1	same
m30a.fsb.txt	2181	552	紫	M30a_110_090_01_00	紫	/sound/voice/M30a_110_090_01_00_00.ogg	unique_exact_anchor	exact	selected	1	same
m30a.fsb.txt	2183	553	淳平	M30a_110_090_02_00	淳平	/sound/voice/M30a_110_090_02_00_00.ogg	unique_exact_anchor	exact	selected	1	same
m30a.fsb.txt	2185	554	淳平	M30a_110_090_03_00	淳平	/sound/voice/M30a_110_090_03_00_00.ogg	monotonic_tfidf	high	selected	1	same
m30a.fsb.txt	2214	560	淳平	M30a_120_010_08_20	淳平	/sound/voice/M30a_120_010_08_20_00.ogg	unique_exact_anchor	exact	selected	1	same
m30a.fsb.txt	2248	569	淳平	M30a_120_020_02_00	淳平	/sound/voice/M30a_120_020_02_00_00.ogg	monotonic_tfidf	high	selected	1	same
m30a.fsb.txt	2251	570	一宮	M30a_120_020_03_00	一宮	/sound/voice/M30a_120_020_03_00_00.ogg	unique_exact_anchor	exact	selected	1	same
m30a.fsb.txt	2253	571	淳平	M30a_120_020_04_00	淳平	/sound/voice/M30a_120_020_04_00_00.ogg	unique_exact_anchor	exact	selected	1	same
m30a.fsb.txt	2260	573	淳平	M30a_120_030_02_00	淳平	/sound/voice/M30a_120_030_02_00_00.ogg	monotonic_tfidf	high	selected	1	same
m30a.fsb.txt	2263	574	サンタ	M30a_120_030_03_00	サンタ	/sound/voice/M30a_120_030_03_00_00.ogg	unique_exact_anchor	exact	selected	1	same
m30a.fsb.txt	2270	576	淳平	M30a_120_040_02_00	淳平	/sound/voice/M30a_120_040_02_00_00.ogg	monotonic_tfidf	medium	selected	1	same
m30a.fsb.txt	2274	577	八代	M30a_120_040_03_00	八代	/sound/voice/M30a_120_040_03_00_00.ogg	unique_exact_anchor	exact	selected	1	same
m30a.fsb.txt	2276	578	八代	M30a_120_040_04_00	八代	/sound/voice/M30a_120_040_04_00_00.ogg	unique_exact_anchor	exact	selected	1	same
m30a.fsb.txt	2278	579	淳平	M30a_120_040_05_00	淳平	/sound/voice/M30a_120_040_05_00_00.ogg	unique_exact_anchor	exact	selected	1	same
m30a.fsb.txt	2280	580	八代	M30a_120_040_06_00	八代	/sound/voice/M30a_120_040_06_00_00.ogg	unique_exact_anchor	exact	selected	1	same
m30a.fsb.txt	2288	581	セブン	M30a_120_040_07_00	セブン	/sound/voice/M30a_120_040_07_00_00.ogg	unique_exact_anchor	exact	selected	1	same
m30a.fsb.txt	2290	582	セブン	M30a_120_040_08_00	セブン	/sound/voice/M30a_120_040_08_00_00.ogg	unique_exact_anchor	exact	selected	1	same
m30a.fsb.txt	2292	583	八代	M30a_120_040_09_00	八代	/sound/voice/M30a_120_040_09_00_00.ogg	unique_exact_anchor	exact	selected	1	same
m30a.fsb.txt	2294	584	セブン	M30a_120_040_10_00	セブン	/sound/voice/M30a_120_040_10_00_00.ogg	unique_exact_anchor	exact	selected	1	same
m30a.fsb.txt	2296	585	八代	M30a_120_040_11_00	八代	/sound/voice/M30a_120_040_11_00_00.ogg	unique_exact_anchor	exact	selected	1	same
m30a.fsb.txt	2298	586	セブン	M30a_120_040_12_00	セブン	/sound/voice/M30a_120_040_12_00_00.ogg	unique_exact_anchor	exact	selected	1	same
m30a.fsb.txt	2300	587	セブン	M30a_120_040_13_00	セブン	/sound/voice/M30a_120_040_13_00_00.ogg	unique_exact_anchor	exact	selected	1	same
m30a.fsb.txt	2303	588	八代	M30a_120_040_14_00	八代	/sound/voice/M30a_120_040_14_00_00.ogg	unique_exact_anchor	exact	selected	1	same
m30a.fsb.txt	2352	591	一宮	M30a_120_050_03_00	一宮	/sound/voice/M30a_120_050_03_00_00.ogg	unique_exact_anchor	exact	selected	1	same
m30a.fsb.txt	2354	592	淳平	M30a_120_050_04_00	淳平	/sound/voice/M30a_120_050_04_00_00.ogg	unique_exact_anchor	exact	selected	1	same
m30a.fsb.txt	2363	595	淳平	M30a_120_060_03_00	淳平	/sound/voice/M30a_120_060_03_00_00.ogg	monotonic_tfidf	medium	selected	1	same
m30a.fsb.txt	2366	596	紫	M30a_120_060_04_00	紫	/sound/voice/M30a_120_060_04_00_00.ogg	unique_exact_anchor	exact	selected	1	same
m30a.fsb.txt	2408	608	淳平	M30a_120_080_02_00	淳平	/sound/voice/M30a_120_080_02_00_00.ogg	unique_exact_anchor	exact	selected	1	same
m30a.fsb.txt	2412	609	淳平	M30a_120_080_03_00	淳平	/sound/voice/M30a_120_080_03_00_00.ogg	unique_exact_anchor	exact	selected	1	same
m30a.fsb.txt	2479	623	セブン	M30a_100_030_01_00	セブン	/sound/voice/M30a_100_030_01_00_00.ogg	unique_exact_anchor	exact	selected	1	same
m30a.fsb.txt	2485	624	セブン	M30a_100_030_02_00	セブン	/sound/voice/M30a_100_030_02_00_00.ogg	unique_exact_anchor	exact	selected	1	same
m30a.fsb.txt	2498	629	セブン	M30a_100_030_07_00	セブン	/sound/voice/M30a_100_030_07_00_00.ogg	unique_exact_anchor	exact	selected	1	same
m30a.fsb.txt	2517	630	セブン	M30a_100_040_01_00	セブン	/sound/voice/M30a_100_040_01_00_00.ogg	monotonic_tfidf	high	selected	1	same
m30a.fsb.txt	2519	631	セブン	M30a_100_040_02_00	セブン	/sound/voice/M30a_100_040_02_00_00.ogg	unique_exact_anchor	exact	selected	1	same
m30a.fsb.txt	2521	632	セブン	M30a_100_040_03_00	セブン	/sound/voice/M30a_100_040_03_00_00.ogg	unique_exact_anchor	exact	selected	1	same
m30a.fsb.txt	2534	633	セブン	M30a_100_050_01_00	セブン	/sound/voice/M30a_100_050_01_00_00.ogg	monotonic_tfidf	high	selected	1	same
m30a.fsb.txt	2536	634	セブン	M30a_100_050_02_00	セブン	/sound/voice/M30a_100_050_02_00_00.ogg	unique_exact_anchor	exact	selected	1	same
m30a.fsb.txt	2538	635	セブン	M30a_100_050_03_00	セブン	/sound/voice/M30a_100_050_03_00_00.ogg	unique_exact_anchor	exact	selected	1	same
m30a.fsb.txt	2547	636	セブン	M30a_100_060_01_00	セブン	/sound/voice/M30a_100_060_01_00_00.ogg	unique_exact_anchor	exact	selected	1	same
m30a.fsb.txt	2549	637	セブン	M30a_100_060_02_00	セブン	/sound/voice/M30a_100_060_02_00_00.ogg	monotonic_tfidf	high	selected	1	same
m30a.fsb.txt	2551	638	セブン	M30a_100_060_04_00	セブン	/sound/voice/M30a_100_060_04_00_00.ogg	unique_exact_anchor	exact	selected	1	same
m30a.fsb.txt	2556	639	セブン	M30a_100_060_05_00	セブン	/sound/voice/M30a_100_060_05_00_00.ogg	unique_exact_anchor	exact	selected	1	same
m30a.fsb.txt	2560	640	淳平	M30a_100_070_01_00	淳平	/sound/voice/M30a_100_070_01_00_00.ogg	unique_exact_anchor	exact	selected	1	same
m30a.fsb.txt	2562	641	淳平	M30a_100_070_02_00	淳平	/sound/voice/M30a_100_070_02_00_00.ogg	unique_exact_anchor	exact	selected	1	same
m30a.fsb.txt	2564	642	淳平	M30a_100_070_03_00	淳平	/sound/voice/M30a_100_070_03_00_00.ogg	unique_exact_anchor	exact	selected	1	same
m30a.fsb.txt	2577	644	セブン	M30a_100_080_02_00	セブン	/sound/voice/M30a_100_080_02_00_00.ogg	unique_exact_anchor	exact	selected	1	same
m30a.fsb.txt	2583	646	淳平	M30a_100_090_01_00	淳平	/sound/voice/M30a_100_090_01_00_00.ogg	unique_exact_anchor	exact	selected	1	same
m30a.fsb.txt	2585	647	淳平	M30a_100_090_02_00	淳平	/sound/voice/M30a_100_090_02_00_00.ogg	unique_exact_anchor	exact	selected	1	same
m30a.fsb.txt	2587	648	セブン	M30a_100_090_03_00	セブン	/sound/voice/M30a_100_090_03_00_00.ogg	unique_exact_anchor	exact	selected	1	same
m30a.fsb.txt	2589	649	セブン	M30a_100_090_04_00	セブン	/sound/voice/M30a_100_090_04_00_00.ogg	unique_exact_anchor	exact	selected	1	same
m30a.fsb.txt	2591	650	淳平	M30a_100_090_05_00	淳平	/sound/voice/M30a_100_090_05_00_00.ogg	unique_exact_anchor	exact	selected	1	same
m30a.fsb.txt	2593	651	淳平	M30a_100_090_06_00	淳平	/sound/voice/M30a_100_090_06_00_00.ogg	unique_exact_anchor	exact	selected	1	same
m30a.fsb.txt	2595	652	セブン	M30a_100_090_07_00	セブン	/sound/voice/M30a_100_090_07_00_00.ogg | /sound/voice/M30a_100_090_07_00_01.ogg	monotonic_tfidf	high	selected	1	same
m30a.fsb.txt	2603	653	紫	M30a_100_090_08_00	紫	/sound/voice/M30a_100_090_08_00_00.ogg	unique_exact_anchor	exact	selected	1	same
m30a.fsb.txt	2609	655	紫	M30a_100_100_01_00	紫	/sound/voice/M30a_100_100_01_00_00.ogg	monotonic_tfidf	medium	selected	1	same
m30a.fsb.txt	2612	656	セブン	M30a_100_100_03_00	セブン	/sound/voice/M30a_100_100_03_00_00.ogg	unique_exact_anchor	exact	selected	1	same
m30a.fsb.txt	2616	657	一宮	M30a_100_100_04_00	一宮	/sound/voice/M30a_100_100_04_00_00.ogg	unique_exact_anchor	exact	selected	1	same
m30a.fsb.txt	2618	658	一宮	M30a_100_100_05_00	一宮	/sound/voice/M30a_100_100_05_00_00.ogg	unique_exact_anchor	exact	selected	1	same
m30a.fsb.txt	2620	659	セブン	M30a_100_100_06_00	セブン	/sound/voice/M30a_100_100_06_00_00.ogg	unique_exact_anchor	exact	selected	1	same
m30a.fsb.txt	2622	660	一宮	M30a_100_100_07_00	一宮	/sound/voice/M30a_100_100_07_00_00.ogg	unique_exact_anchor	exact	selected	1	same
m30a.fsb.txt	2624	661	一宮	M30a_100_100_08_00	一宮	/sound/voice/M30a_100_100_08_00_00.ogg	unique_exact_anchor	exact	selected	1	same
m30a.fsb.txt	2626	662	一宮	M30a_100_100_09_00	一宮	/sound/voice/M30a_100_100_09_00_00.ogg	monotonic_tfidf	high	selected	1	same
m30a.fsb.txt	2628	663	一宮	M30a_100_100_10_00	一宮	/sound/voice/M30a_100_100_10_00_00.ogg	unique_exact_anchor	exact	selected	1	same
m30a.fsb.txt	2633	664	紫	M30a_100_110_01_00	紫	/sound/voice/M30a_100_110_01_00_00.ogg	unique_exact_anchor	exact	selected	1	same
m30a.fsb.txt	2635	665	一宮	M30a_100_110_02_00	一宮	/sound/voice/M30a_100_110_02_00_00.ogg	unique_exact_anchor	exact	selected	1	same
m30a.fsb.txt	2637	666	一宮	M30a_100_110_03_00	一宮	/sound/voice/M30a_100_110_03_00_00.ogg	unique_exact_anchor	exact	selected	1	same
m30a.fsb.txt	2639	667	一宮	M30a_100_110_04_00	一宮	/sound/voice/M30a_100_110_04_00_00.ogg	unique_exact_anchor	exact	selected	1	same
m30a.fsb.txt	2641	668	一宮	M30a_100_110_05_00	一宮	/sound/voice/M30a_100_110_05_00_00.ogg	unique_exact_anchor	exact	selected	1	same
m30a.fsb.txt	2646	669	八代	M30a_100_120_01_00	八代	/sound/voice/M30a_100_120_01_00_00.ogg	unique_exact_anchor	exact	selected	1	same
m30a.fsb.txt	2648	670	一宮	M30a_100_120_02_00	一宮	/sound/voice/M30a_100_120_02_00_00.ogg	unique_exact_anchor	exact	selected	1	same
m30a.fsb.txt	2652	671	一宮	M30a_100_120_03_00	一宮	/sound/voice/M30a_100_120_03_00_00.ogg	unique_exact_anchor	exact	selected	1	same
m30a.fsb.txt	2654	672	一宮	M30a_100_120_04_00	一宮	/sound/voice/M30a_100_120_04_00_00.ogg	unique_exact_anchor	exact	selected	1	same
m30a.fsb.txt	2656	673	一宮	M30a_100_120_05_00	一宮	/sound/voice/M30a_100_120_05_00_00.ogg	unique_exact_anchor	exact	selected	1	same
m30a.fsb.txt	2677	681	淳平	M30a_100_140_01_30	淳平	/sound/voice/M30a_100_140_01_30_00.ogg	monotonic_tfidf	high	selected	1	same
m30a.fsb.txt	2679	682	一宮	M30a_100_140_03_00	一宮	/sound/voice/M30a_100_140_03_00_00.ogg	unique_exact_anchor	exact	selected	1	same
m30a.fsb.txt	2681	683	淳平	M30a_100_140_04_00	淳平	/sound/voice/M30a_100_140_04_00_00.ogg	unique_exact_anchor	exact	selected	1	same
m30a.fsb.txt	2687	685	一宮	M30a_100_150_01_00	一宮	/sound/voice/M30a_100_150_01_00_00.ogg	unique_exact_anchor	exact	selected	1	same
m30a.fsb.txt	2689	686	一宮	M30a_100_150_02_00	一宮	/sound/voice/M30a_100_150_02_00_00.ogg	unique_exact_anchor	exact	selected	1	same
m30a.fsb.txt	2693	688	一宮	M30a_100_150_04_00	一宮	/sound/voice/M30a_100_150_04_00_00.ogg	unique_exact_anchor	exact	selected	1	same
m30a.fsb.txt	2695	689	淳平	M30a_100_150_05_00	淳平	/sound/voice/M30a_100_150_05_00_00.ogg	monotonic_tfidf	exact	selected	1	same
m30a.fsb.txt	2697	690	一宮	M30a_100_150_06_00	一宮	/sound/voice/M30a_100_150_06_00_00.ogg	unique_exact_anchor	exact	selected	1	same
m30a.fsb.txt	2727	694	一宮	M30a_100_170_01_00	一宮	/sound/voice/M30a_100_170_01_00_00.ogg	monotonic_tfidf	high	selected	1	same
m30a.fsb.txt	2729	695	一宮	M30a_100_170_02_00	一宮	/sound/voice/M30a_100_170_02_00_00.ogg	unique_exact_anchor	exact	selected	1	same
m30a.fsb.txt	2731	696	淳平	M30a_100_170_03_00	淳平	/sound/voice/M30a_100_170_03_00_00.ogg	unique_exact_anchor	exact	selected	1	same
m30a.fsb.txt	2738	699	淳平	M30a_100_170_06_00	淳平	/sound/voice/M30a_100_170_06_00_00.ogg	unique_exact_anchor	exact	selected	1	same
m30a.fsb.txt	2755	704	淳平	M30a_100_180_05_00	淳平	/sound/voice/M30a_100_180_05_00_00.ogg	unique_exact_anchor	exact	selected	1	same
m30a.fsb.txt	2785	711	四葉	M30a_100_200_03_00	四葉	/sound/voice/M30a_100_200_03_00_00.ogg	unique_exact_anchor	exact	selected	1	same
m30a.fsb.txt	2787	712	四葉	M30a_100_200_04_00	四葉	/sound/voice/M30a_100_200_04_00_00.ogg | /sound/voice/M30a_100_200_04_00_01.ogg	monotonic_tfidf	high	selected	1	same
m30a.fsb.txt	2815	722	淳平	M30a_100_220_01_00	淳平	/sound/voice/M30a_100_220_01_00_00.ogg	unique_exact_anchor	exact	selected	1	same
m30a.fsb.txt	2817	723	紫	M30a_100_220_02_00	紫	/sound/voice/M30a_100_220_02_00_00.ogg	monotonic_tfidf	exact	selected	1	same
m30a.fsb.txt	2819	724	淳平	M30a_100_220_03_00	淳平	/sound/voice/M30a_100_220_03_00_00.ogg	unique_exact_anchor	exact	selected	1	same
m30a.fsb.txt	2827	725	紫	M30a_100_220_04_00	紫	/sound/voice/M30a_100_220_04_00_00.ogg	unique_exact_anchor	exact	selected	1	same
m30a.fsb.txt	2829	726	紫	M30a_100_220_05_00	紫	/sound/voice/M30a_100_220_05_00_00.ogg	unique_exact_anchor	exact	selected	1	same
m30a.fsb.txt	2834	727	一宮	M30a_100_230_01_00	一宮	/sound/voice/M30a_100_230_01_00_00.ogg	unique_exact_anchor	exact	selected	1	same
m30a.fsb.txt	2836	728	淳平	M30a_100_230_02_00	淳平	/sound/voice/M30a_100_230_02_00_00.ogg	unique_exact_anchor	exact	selected	1	same
m30a.fsb.txt	2840	729	サンタ	M30a_100_230_03_00	サンタ	/sound/voice/M30a_100_230_03_00_00.ogg	unique_exact_anchor	exact	selected	1	same
m30a.fsb.txt	2842	730	淳平	M30a_100_230_04_00	淳平	/sound/voice/M30a_100_230_04_00_00.ogg	unique_exact_anchor	exact	selected	1	same
m30a.fsb.txt	2853	732	淳平	M30a_100_240_01_00	淳平	/sound/voice/M30a_100_240_01_00_00.ogg	unique_exact_anchor	exact	selected	1	same
m30a.fsb.txt	2855	733	淳平	M30a_100_240_02_00	淳平	/sound/voice/M30a_100_240_02_00_00.ogg	unique_exact_anchor	exact	selected	1	same
m30a.fsb.txt	2857	734	淳平	M30a_100_240_03_00	淳平	/sound/voice/M30a_100_240_03_00_00.ogg	unique_exact_anchor	exact	selected	1	same
m30a.fsb.txt	2859	735	淳平	M30a_100_240_04_00	淳平	/sound/voice/M30a_100_240_04_00_00.ogg	unique_exact_anchor	exact	selected	1	same
m30a.fsb.txt	2861	736	淳平	M30a_100_240_05_00	淳平	/sound/voice/M30a_100_240_05_00_00.ogg	unique_exact_anchor	exact	selected	1	same
m30a.fsb.txt	2868	737	サンタ	M30a_100_250_01_00	サンタ	/sound/voice/M30a_100_250_01_00_00.ogg	unique_exact_anchor	exact	selected	1	same
m30a.fsb.txt	2870	738	淳平	M30a_100_250_02_00	淳平	/sound/voice/M30a_100_250_02_00_00.ogg	unique_exact_anchor	exact	selected	1	same
m30a.fsb.txt	2872	739	淳平	M30a_100_250_03_00	淳平	/sound/voice/M30a_100_250_03_00_00.ogg	unique_exact_anchor	exact	selected	1	same
m30a.fsb.txt	2874	740	淳平	M30a_100_250_05_00	淳平	/sound/voice/M30a_100_250_05_00_00.ogg	monotonic_tfidf	high	selected	1	same
m30a.fsb.txt	2876	741	淳平	M30a_100_250_06_00	淳平	/sound/voice/M30a_100_250_06_00_00.ogg	unique_exact_anchor	exact	selected	1	same
m30a.fsb.txt	2884	744	サンタ	M30a_100_260_01_00	サンタ	/sound/voice/M30a_100_260_01_00_00.ogg	unique_exact_anchor	exact	selected	1	same
m30a.fsb.txt	2886	745	サンタ	M30a_100_260_02_00	サンタ	/sound/voice/M30a_100_260_02_00_00.ogg	unique_exact_anchor	exact	selected	1	same
m30a.fsb.txt	2888	746	サンタ	M30a_100_260_03_00	サンタ	/sound/voice/M30a_100_260_03_00_00.ogg	unique_exact_anchor	exact	selected	1	same
m30a.fsb.txt	2890	747	サンタ	M30a_100_260_04_00	サンタ	/sound/voice/M30a_100_260_04_00_00.ogg	unique_exact_anchor	exact	selected	1	same
m30a.fsb.txt	2892	748	淳平	M30a_100_260_05_00	淳平	/sound/voice/M30a_100_260_05_00_00.ogg	monotonic_tfidf	exact	selected	1	same
m30a.fsb.txt	2898	750	淳平	M30a_100_270_01_00	淳平	/sound/voice/M30a_100_270_01_00_00.ogg	unique_exact_anchor	exact	selected	1	same
m30a.fsb.txt	2902	751	淳平	M30a_100_270_02_00	淳平	/sound/voice/M30a_100_270_02_00_00.ogg	unique_exact_anchor	exact	selected	1	same
m30a.fsb.txt	2904	752	セブン	M30a_100_270_03_00	セブン	/sound/voice/M30a_100_270_03_00_00.ogg	unique_exact_anchor	exact	selected	1	same
m30a.fsb.txt	2906	753	淳平	M30a_100_270_04_00	淳平	/sound/voice/M30a_100_270_04_00_00.ogg	unique_exact_anchor	exact	selected	1	same
m30a.fsb.txt	2910	754	淳平	M30a_100_270_05_00	淳平	/sound/voice/M30a_100_270_05_00_00.ogg	monotonic_tfidf	high	selected	1	same
m30a.fsb.txt	2912	755	一宮	M30a_100_270_06_00	一宮	/sound/voice/M30a_100_270_06_00_00.ogg	unique_exact_anchor	exact	selected	1	same
m30a.fsb.txt	2914	756	淳平	M30a_100_270_07_00	淳平	/sound/voice/M30a_100_270_07_00_00.ogg	unique_exact_anchor	exact	selected	1	same
m30a.fsb.txt	2916	757	淳平	M30a_100_270_08_00	淳平	/sound/voice/M30a_100_270_08_00_00.ogg	unique_exact_anchor	exact	selected	1	same
m30a.fsb.txt	2918	758	淳平	M30a_100_270_09_00	淳平	/sound/voice/M30a_100_270_09_00_00.ogg	monotonic_tfidf	high	selected	1	same
m30a.fsb.txt	2920	759	淳平	M30a_100_270_10_00	淳平	/sound/voice/M30a_100_270_10_00_00.ogg	unique_exact_anchor	exact	selected	1	same
m30a.fsb.txt	2922	760	淳平	M30a_100_270_11_00	淳平	/sound/voice/M30a_100_270_11_00_00.ogg	unique_exact_anchor	exact	selected	1	same
m30a.fsb.txt	2935	764	八代	M30a_100_280_04_00	八代	/sound/voice/M30a_100_280_04_00_00.ogg	unique_exact_anchor	exact	selected	1	same
m30a.fsb.txt	2937	765	淳平	M30a_100_280_05_00	淳平	/sound/voice/M30a_100_280_05_00_00.ogg	unique_exact_anchor	exact	selected	1	same
m30a.fsb.txt	2939	766	八代	M30a_100_280_06_00	八代	/sound/voice/M30a_100_280_06_00_00.ogg	unique_exact_anchor	exact	selected	1	same
m30a.fsb.txt	2941	767	八代	M30a_100_280_07_00	八代	/sound/voice/M30a_100_280_07_00_00.ogg	unique_exact_anchor	exact	selected	1	same
m30a.fsb.txt	2943	768	淳平	M30a_100_280_08_00	淳平	/sound/voice/M30a_100_280_08_00_00.ogg	unique_exact_anchor	exact	selected	1	same
m30a.fsb.txt	2951	771	淳平	M30a_100_290_04_00	淳平	/sound/voice/M30a_100_290_04_00_00.ogg	unique_exact_anchor	exact	selected	1	same
m30a.fsb.txt	2957	773	八代	M30a_100_300_02_00	八代	/sound/voice/M30a_100_300_02_00_00.ogg	unique_exact_anchor	exact	selected	1	same
m30a.fsb.txt	2959	774	一宮	M30a_100_300_03_00	一宮	/sound/voice/M30a_100_300_03_00_00.ogg	monotonic_tfidf	high	selected	1	same
m30a.fsb.txt	2961	775	セブン	M30a_100_300_04_00	セブン	/sound/voice/M30a_100_300_04_00_00.ogg	unique_exact_anchor	exact	selected	1	same
m30a.fsb.txt	2976	779	淳平	M30a_100_310_01_00	淳平	/sound/voice/M30a_100_310_01_00_00.ogg	unique_exact_anchor	exact	selected	1	same
m30a.fsb.txt	2978	780	淳平	M30a_100_310_02_00	淳平	/sound/voice/M30a_100_310_02_00_00.ogg	unique_exact_anchor	exact	selected	1	same
m30a.fsb.txt	2980	781	淳平	M30a_100_310_03_00	淳平	/sound/voice/M30a_100_310_03_00_00.ogg	unique_exact_anchor	exact	selected	1	same
m30a.fsb.txt	2982	782	淳平	M30a_100_310_04_00	淳平	/sound/voice/M30a_100_310_04_00_00.ogg	unique_exact_anchor	exact	selected	1	same
m30a.fsb.txt	2984	783	淳平	M30a_100_310_05_00	淳平	/sound/voice/M30a_100_310_05_00_00.ogg	unique_exact_anchor	exact	selected	1	same
m30a.fsb.txt	2990	785	四葉	M30a_100_320_01_00	四葉	/sound/voice/M30a_100_320_01_00_00.ogg	unique_exact_anchor	exact	selected	1	same
m30a.fsb.txt	3049	799	一宮	M30a_100_360_01_00	一宮	/sound/voice/M30a_100_360_01_00_00.ogg	unique_exact_anchor	exact	selected	1	same
m30a.fsb.txt	3056	802	一宮	M30a_100_360_04_00	一宮	/sound/voice/M30a_100_360_04_00_00.ogg	unique_exact_anchor	exact	selected	1	same
m30a.fsb.txt	3058	803	一宮	M30a_100_360_05_00	一宮	/sound/voice/M30a_100_360_05_00_00.ogg	unique_exact_anchor	exact	selected	1	same
m30a.fsb.txt	3060	804	一宮	M30a_100_360_06_00	一宮	/sound/voice/M30a_100_360_06_00_00.ogg	unique_exact_anchor	exact	selected	1	same
m30a.fsb.txt	3062	805	一宮	M30a_100_360_07_00	一宮	/sound/voice/M30a_100_360_07_00_00.ogg	unique_exact_anchor	exact	selected	1	same
m30a.fsb.txt	3094	812	サンタ	M30a_100_380_02_10	サンタ	/sound/voice/M30a_100_380_02_10_00.ogg	monotonic_tfidf	high	selected	1	same
m30a.fsb.txt	3102	813	八代	M30a_100_380_03_00	八代	/sound/voice/M30a_100_380_03_00_00.ogg	unique_exact_anchor	exact	selected	1	same
m30a.fsb.txt	3116	814	一宮	M30a_100_390_01_00	一宮	/sound/voice/M30a_100_390_01_00_00.ogg	monotonic_tfidf	exact	selected	1	same
m30a.fsb.txt	3118	815	一宮	M30a_100_390_02_00	一宮	/sound/voice/M30a_100_390_02_00_00.ogg	unique_exact_anchor	exact	selected	1	same
m30a.fsb.txt	3120	816	一宮	M30a_100_390_03_00	一宮	/sound/voice/M30a_100_390_03_00_00.ogg	monotonic_tfidf	exact	selected	1	same
m30a.fsb.txt	3137	821	一宮	M30a_100_410_01_00	一宮	/sound/voice/M30a_100_410_01_00_00.ogg	monotonic_tfidf	exact	selected	1	same
m30a.fsb.txt	3139	822	一宮	M30a_100_410_02_00	一宮	/sound/voice/M30a_100_410_02_00_00.ogg	unique_exact_anchor	exact	selected	1	same
m30a.fsb.txt	3141	823	一宮	M30a_100_410_03_00	一宮	/sound/voice/M30a_100_410_03_00_00.ogg	monotonic_tfidf	exact	selected	1	same
m30a.fsb.txt	3152	826	一宮	M30a_100_430_01_00	一宮	/sound/voice/M30a_100_430_01_00_00.ogg	unique_exact_anchor	exact	selected	1	same
m40a.fsb.txt	60	10	一宮	M40a_010_040_01_10	一宮	/sound/voice/M40a_010_040_01_10_00.ogg	unique_exact_anchor	exact	selected	1	same
m40a.fsb.txt	72	14	一宮	M40a_010_050_01_00	一宮	/sound/voice/M40a_010_050_01_00_00.ogg	unique_exact_anchor	exact	selected	1	same
m40a.fsb.txt	88	18	淳平	M40a_010_060_01_10	淳平	/sound/voice/M40a_010_060_01_10_00.ogg	unique_exact_anchor	exact	selected	1	same
m40a.fsb.txt	97	21	淳平	M40a_010_060_04_00	淳平	/sound/voice/M40a_010_060_04_00_00.ogg	unique_exact_anchor	exact	selected	1	same
m40a.fsb.txt	115	26	淳平	M40a_010_070_04_00	淳平	/sound/voice/M40a_010_070_04_00_00.ogg	unique_exact_anchor	exact	selected	1	same
m40a.fsb.txt	117	27	四葉	M40a_010_070_05_00	四葉	/sound/voice/M40a_010_070_05_00_00.ogg	unique_exact_anchor	exact	selected	1	same
m40a.fsb.txt	119	28	淳平	M40a_010_070_06_00	淳平	/sound/voice/M40a_010_070_06_00_00.ogg	unique_exact_anchor	exact	selected	1	same
m40a.fsb.txt	128	30	淳平	M40a_010_080_03_00	淳平	/sound/voice/M40a_010_080_03_00_00.ogg	unique_exact_anchor	exact	selected	1	same
m40a.fsb.txt	130	31	四葉	M40a_010_080_04_00	四葉	/sound/voice/M40a_010_080_04_00_00.ogg	unique_exact_anchor	exact	selected	1	same
m40a.fsb.txt	132	32	淳平	M40a_010_080_05_00	淳平	/sound/voice/M40a_010_080_05_00_00.ogg	unique_exact_anchor	exact	selected	1	same
m40a.fsb.txt	134	33	四葉	M40a_010_080_06_00	四葉	/sound/voice/M40a_010_080_06_00_00.ogg	unique_exact_anchor	exact	selected	1	same
m40a.fsb.txt	136	34	四葉	M40a_010_080_07_00	四葉	/sound/voice/M40a_010_080_07_00_00.ogg	unique_exact_anchor	exact	selected	1	same
m40a.fsb.txt	167	39	四葉	M40a_010_090_01_00	四葉	/sound/voice/M40a_010_090_01_00_00.ogg	unique_exact_anchor	exact	selected	1	same
m40a.fsb.txt	169	40	淳平	M40a_010_090_02_00	淳平	/sound/voice/M40a_010_090_02_00_00.ogg	unique_exact_anchor	exact	selected	1	same
m40a.fsb.txt	171	41	四葉	M40a_010_090_03_00	四葉	/sound/voice/M40a_010_090_03_00_00.ogg	unique_exact_anchor	exact	selected	1	same
m40a.fsb.txt	173	42	四葉	M40a_010_090_04_00	四葉	/sound/voice/M40a_010_090_04_00_00.ogg	unique_exact_anchor	exact	selected	1	same
m40a.fsb.txt	175	43	淳平	M40a_010_090_05_00	淳平	/sound/voice/M40a_010_090_05_00_00.ogg	unique_exact_anchor	exact	selected	1	same
m40a.fsb.txt	182	46	一宮	M40a_010_090_08_00	一宮	/sound/voice/M40a_010_090_08_00_00.ogg	unique_exact_anchor	exact	selected	1	same
m40a.fsb.txt	187	48	四葉	M40a_010_090_10_00	四葉	/sound/voice/M40a_010_090_10_00_00.ogg	unique_exact_anchor	exact	selected	1	same
m40a.fsb.txt	189	49	四葉	M40a_010_090_11_00	四葉	/sound/voice/M40a_010_090_11_00_00.ogg	unique_exact_anchor	exact	selected	1	same
m40a.fsb.txt	212	55	四葉	M40a_010_110_01_00	四葉	/sound/voice/M40a_010_110_01_00_00.ogg	unique_exact_anchor	exact	selected	1	same
m40a.fsb.txt	214	56	淳平	M40a_010_110_02_00	淳平	/sound/voice/M40a_010_110_02_00_00.ogg	unique_exact_anchor	exact	selected	1	same
m40a.fsb.txt	216	57	四葉	M40a_010_110_03_00	四葉	/sound/voice/M40a_010_110_03_00_00.ogg	unique_exact_anchor	exact	selected	1	same
m40a.fsb.txt	230	61	淳平	M40a_010_120_05_10	淳平	/sound/voice/M40a_010_120_05_10_00.ogg	unique_exact_anchor	exact	selected	1	same
m40a.fsb.txt	332	79	紫	M40a_020_010_02_00	紫	/sound/voice/M40a_020_010_02_00_00.ogg	unique_exact_anchor	exact	selected	1	same
m40a.fsb.txt	340	82	淳平	M40a_020_020_01_00	淳平	/sound/voice/M40a_020_020_01_00_00.ogg	unique_exact_anchor	exact	selected	1	same
m40a.fsb.txt	349	85	紫	M40a_020_030_01_00	紫	/sound/voice/M40a_020_030_01_00_00.ogg	monotonic_tfidf	exact	selected	1	same
m40a.fsb.txt	351	86	淳平	M40a_020_030_02_00	淳平	/sound/voice/M40a_020_030_02_00_00.ogg	unique_exact_anchor	exact	selected	1	same
m40a.fsb.txt	353	87	紫	M40a_020_030_03_00	紫	/sound/voice/M40a_020_030_03_00_00.ogg	monotonic_tfidf	exact	selected	1	same
m40a.fsb.txt	355	88	淳平	M40a_020_030_04_00	淳平	/sound/voice/M40a_020_030_04_00_00.ogg	unique_exact_anchor	exact	selected	1	same
m40a.fsb.txt	357	89	紫	M40a_020_030_05_00	紫	/sound/voice/M40a_020_030_05_00_00.ogg	unique_exact_anchor	exact	selected	1	same
m40a.fsb.txt	359	90	紫	M40a_020_030_06_00	紫	/sound/voice/M40a_020_030_06_00_00.ogg	monotonic_tfidf	high	selected	1	same
m40a.fsb.txt	363	91	淳平	M40a_020_030_07_00	淳平	/sound/voice/M40a_020_030_07_00_00.ogg	unique_exact_anchor	exact	selected	1	same
m40a.fsb.txt	368	92	セブン	M40a_020_040_01_00	セブン	/sound/voice/M40a_020_040_01_00_00.ogg	unique_exact_anchor	exact	selected	1	same
m40a.fsb.txt	370	93	淳平	M40a_020_040_02_10	淳平	/sound/voice/M40a_020_040_02_10_00.ogg	monotonic_tfidf	review	selected	1	same
m40a.fsb.txt	380	96	紫	M40a_020_050_01_00	紫	/sound/voice/M40a_020_050_01_00_00.ogg	unique_exact_anchor	exact	selected	1	same
m40a.fsb.txt	385	98	淳平	M40a_020_050_03_00	淳平	/sound/voice/M40a_020_050_03_00_00.ogg	unique_exact_anchor	exact	selected	1	same
m40a.fsb.txt	430	111	サンタ	M40a_020_090_01_00	サンタ	/sound/voice/M40a_020_090_01_00_00.ogg	unique_exact_anchor	exact	selected	1	same
m40a.fsb.txt	442	113	紫	M40a_020_100_01_00	紫	/sound/voice/M40a_020_100_01_00_00.ogg	unique_exact_anchor	exact	selected	1	same
m40a.fsb.txt	494	120	セブン	M40a_030_020_01_00	セブン	/sound/voice/M40a_030_020_01_00_00.ogg	unique_exact_anchor	exact	selected	1	same
m40a.fsb.txt	500	123	セブン	M40a_030_020_04_00	セブン	/sound/voice/M40a_030_020_04_00_00.ogg	unique_exact_anchor	exact	selected	1	same
m40a.fsb.txt	525	129	淳平	M40a_030_040_04_00	淳平	/sound/voice/M40a_030_040_04_00_00.ogg	unique_exact_anchor	exact	selected	1	same
m40a.fsb.txt	532	130	セブン	M40a_030_050_01_00	セブン	/sound/voice/M40a_030_050_01_00_00.ogg	unique_exact_anchor	exact	selected	1	same
m40a.fsb.txt	534	131	淳平	M40a_030_050_02_00	淳平	/sound/voice/M40a_030_050_02_00_00.ogg	unique_exact_anchor	exact	selected	1	same
m40a.fsb.txt	536	132	淳平	M40a_030_050_03_00	淳平	/sound/voice/M40a_030_050_03_00_00.ogg	unique_exact_anchor	exact	selected	1	same
m40a.fsb.txt	538	133	セブン	M40a_030_050_04_00	セブン	/sound/voice/M40a_030_050_04_00_00.ogg	monotonic_tfidf	exact	selected	1	same
m40a.fsb.txt	544	135	淳平	M40a_030_060_01_00	淳平	/sound/voice/M40a_030_060_01_00_00.ogg	monotonic_tfidf	high	selected	1	same
m40a.fsb.txt	546	136	セブン	M40a_030_060_02_00	セブン	/sound/voice/M40a_030_060_02_00_00.ogg	unique_exact_anchor	exact	selected	1	same
m40a.fsb.txt	564	140	紫	M40a_030_070_03_00	紫	/sound/voice/M40a_030_070_03_00_00.ogg	unique_exact_anchor	exact	selected	1	same
m40a.fsb.txt	566	141	淳平	M40a_030_070_04_00	淳平	/sound/voice/M40a_030_070_04_00_00.ogg	unique_exact_anchor	exact	selected	1	same
m40a.fsb.txt	568	142	紫	M40a_030_070_05_00	紫	/sound/voice/M40a_030_070_05_00_00.ogg	monotonic_tfidf	high	selected	1	same
m40a.fsb.txt	570	143	淳平	M40a_030_070_06_00	淳平	/sound/voice/M40a_030_070_06_00_00.ogg	unique_exact_anchor	exact	selected	1	same
m40a.fsb.txt	573	144	紫	M40a_030_070_07_00	紫	/sound/voice/M40a_030_070_07_00_00.ogg	unique_exact_anchor	exact	selected	1	same
m40a.fsb.txt	575	145	紫	M40a_030_070_08_00	紫	/sound/voice/M40a_030_070_08_00_00.ogg	unique_exact_anchor	exact	selected	1	same
m40a.fsb.txt	577	146	紫	M40a_030_070_09_00	紫	/sound/voice/M40a_030_070_09_00_00.ogg	unique_exact_anchor	exact	selected	1	same
m40a.fsb.txt	583	148	淳平	M40a_030_080_02_00	淳平	/sound/voice/M40a_030_080_02_00_00.ogg	unique_exact_anchor	exact	selected	1	same
m40a.fsb.txt	585	149	紫	M40a_030_080_03_00	紫	/sound/voice/M40a_030_080_03_00_00.ogg	monotonic_tfidf	exact	selected	1	same
m40a.fsb.txt	587	150	紫	M40a_030_080_04_00	紫	/sound/voice/M40a_030_080_04_00_00.ogg	unique_exact_anchor	exact	selected	1	same
m40a.fsb.txt	589	151	淳平	M40a_030_080_05_00	淳平	/sound/voice/M40a_030_080_05_00_00.ogg	unique_exact_anchor	exact	selected	1	same
m40a.fsb.txt	591	152	紫	M40a_030_080_06_00	紫	/sound/voice/M40a_030_080_06_00_00.ogg	unique_exact_anchor	exact	selected	1	same
m40a.fsb.txt	593	153	紫	M40a_030_080_07_00	紫	/sound/voice/M40a_030_080_07_00_00.ogg	monotonic_tfidf	high	selected	1	same
m40a.fsb.txt	596	154	紫	M40a_030_090_01_00	紫	/sound/voice/M40a_030_090_01_00_00.ogg	unique_exact_anchor	exact	selected	1	same
m40a.fsb.txt	598	155	淳平	M40a_030_090_02_00	淳平	/sound/voice/M40a_030_090_02_00_00.ogg	unique_exact_anchor	exact	selected	1	same
m40a.fsb.txt	600	156	紫	M40a_030_090_03_00	紫	/sound/voice/M40a_030_090_03_00_00.ogg	monotonic_tfidf	exact	selected	1	same
m40a.fsb.txt	602	157	淳平	M40a_030_090_04_00	淳平	/sound/voice/M40a_030_090_04_00_00.ogg	unique_exact_anchor	exact	selected	1	same
m40a.fsb.txt	604	158	淳平	M40a_030_090_05_00	淳平	/sound/voice/M40a_030_090_05_00_00.ogg	unique_exact_anchor	exact	selected	1	same
m40a.fsb.txt	611	160	紫	M40a_030_100_01_00	紫	/sound/voice/M40a_030_100_01_00_00.ogg	unique_exact_anchor	exact	selected	1	same
m40a.fsb.txt	617	162	紫	M40a_030_100_04_10	紫	/sound/voice/M40a_030_100_04_10_00.ogg	unique_exact_anchor	exact	selected	1	same
m40a.fsb.txt	619	163	紫	M40a_030_100_06_10	紫	/sound/voice/M40a_030_100_06_10_00.ogg	unique_exact_anchor	exact	selected	1	same
m40a.fsb.txt	638	167	淳平	M40a_030_120_01_00	淳平	/sound/voice/M40a_030_120_01_00_00.ogg	unique_exact_anchor	exact	selected	1	same
m40a.fsb.txt	643	169	淳平	M40a_030_120_03_00	淳平	/sound/voice/M40a_030_120_03_00_00.ogg	unique_exact_anchor	exact	selected	1	same
m40a.fsb.txt	646	170	セブン	M40a_030_120_04_00	セブン	/sound/voice/M40a_030_120_04_00_00.ogg	unique_exact_anchor	exact	selected	1	same
m40a.fsb.txt	660	175	セブン	M40a_030_140_01_00	セブン	/sound/voice/M40a_030_140_01_00_00.ogg	unique_exact_anchor	exact	selected	1	same
m40a.fsb.txt	730	193	サンタ	M40a_040_040_01_00	サンタ	/sound/voice/M40a_040_040_01_00_00.ogg	unique_exact_anchor	exact	selected	1	same
m40a.fsb.txt	752	199	淳平	M40a_040_060_01_00	淳平	/sound/voice/M40a_040_060_01_00_00.ogg	unique_exact_anchor	exact	selected	1	same
m40a.fsb.txt	778	206	淳平	M40a_040_070_04_20	淳平	/sound/voice/M40a_040_070_04_20_00.ogg	unique_exact_anchor	exact	selected	1	same
m40a.fsb.txt	788	208	一宮	M40a_040_080_01_00	一宮	/sound/voice/M40a_040_080_01_00_00.ogg	monotonic_tfidf	high	selected	1	same
m40a.fsb.txt	799	210	八代	M40a_040_080_03_00	八代	/sound/voice/M40a_040_080_03_00_00.ogg	unique_exact_anchor	exact	selected	1	same
m40a.fsb.txt	801	211	一宮	M40a_040_080_04_00	一宮	/sound/voice/M40a_040_080_04_00_00.ogg	unique_exact_anchor	exact	selected	1	same
m40a.fsb.txt	803	212	八代	M40a_040_080_05_00	八代	/sound/voice/M40a_040_080_05_00_00.ogg	unique_exact_anchor	exact	selected	1	same
m40a.fsb.txt	805	213	八代	M40a_040_080_06_00	八代	/sound/voice/M40a_040_080_06_00_00.ogg	unique_exact_anchor	exact	selected	1	same
m40a.fsb.txt	807	214	八代	M40a_040_080_07_00	八代	/sound/voice/M40a_040_080_07_00_00.ogg	unique_exact_anchor	exact	selected	1	same
m40a.fsb.txt	809	215	八代	M40a_040_080_08_00	八代	/sound/voice/M40a_040_080_08_00_00.ogg	unique_exact_anchor	exact	selected	1	same
m40a.fsb.txt	813	216	一宮	M40a_040_080_09_00	一宮	/sound/voice/M40a_040_080_09_00_00.ogg	unique_exact_anchor	exact	selected	1	same
m40a.fsb.txt	818	217	紫	M40a_040_090_01_00	紫	/sound/voice/M40a_040_090_01_00_00.ogg	unique_exact_anchor	exact	selected	1	same
m40a.fsb.txt	820	218	紫	M40a_040_090_02_00	紫	/sound/voice/M40a_040_090_02_00_00.ogg	unique_exact_anchor	exact	selected	1	same
m40a.fsb.txt	822	219	紫	M40a_040_090_03_00	紫	/sound/voice/M40a_040_090_03_00_00.ogg	unique_exact_anchor	exact	selected	1	same
m40a.fsb.txt	824	220	一宮	M40a_040_090_04_00	一宮	/sound/voice/M40a_040_090_04_00_00.ogg	unique_exact_anchor	exact	selected	1	same
m40a.fsb.txt	828	221	サンタ	M40a_040_090_05_00	サンタ	/sound/voice/M40a_040_090_05_00_00.ogg	monotonic_tfidf	medium	selected	1	same
m40a.fsb.txt	830	222	サンタ	M40a_040_090_06_00	サンタ	/sound/voice/M40a_040_090_06_00_00.ogg	unique_exact_anchor	exact	selected	1	same
m40a.fsb.txt	832	223	サンタ	M40a_040_090_07_00	サンタ	/sound/voice/M40a_040_090_07_00_00.ogg	monotonic_tfidf	high	selected	1	same
m40a.fsb.txt	847	224	淳平	M40a_040_100_99_20	淳平	/sound/voice/M40a_040_100_99_20_00.ogg	monotonic_tfidf	review	selected	1	same
m40a.fsb.txt	849	225	淳平	M40a_040_100_99_21	淳平	/sound/voice/M40a_040_100_99_21_00.ogg | /sound/voice/M40a_040_100_99_21_01.ogg	monotonic_tfidf	medium	selected	1	same
m40a.fsb.txt	857	227	淳平	M40a_040_110_02_00	淳平	/sound/voice/M40a_040_110_02_00_00.ogg	monotonic_tfidf	high	selected	1	same
m40a.fsb.txt	859	228	淳平	M40a_040_110_03_00	淳平	/sound/voice/M40a_040_110_03_00_00.ogg	unique_exact_anchor	exact	selected	1	same
m40a.fsb.txt	864	229	四葉	M40a_040_110_04_00	四葉	/sound/voice/M40a_040_110_04_00_00.ogg	unique_exact_anchor	exact	selected	1	same
m40a.fsb.txt	872	232	四葉	M40a_040_120_01_00	四葉	/sound/voice/M40a_040_120_01_00_00.ogg	unique_exact_anchor	exact	selected	1	same
m40a.fsb.txt	885	234	四葉	M40a_040_130_01_00	四葉	/sound/voice/M40a_040_130_01_00_00.ogg	unique_exact_anchor	exact	selected	1	same
m40a.fsb.txt	900	238	四葉	M40a_040_140_02_00	四葉	/sound/voice/M40a_040_140_02_00_00.ogg	unique_exact_anchor	exact	selected	1	same
m40a.fsb.txt	902	239	四葉	M40a_040_140_03_00	四葉	/sound/voice/M40a_040_140_03_00_00.ogg	unique_exact_anchor	exact	selected	1	same
m40a.fsb.txt	904	240	四葉	M40a_040_140_04_00	四葉	/sound/voice/M40a_040_140_04_00_00.ogg	unique_exact_anchor	exact	selected	1	same
m40a.fsb.txt	906	241	四葉	M40a_040_140_05_00	四葉	/sound/voice/M40a_040_140_05_00_00.ogg	unique_exact_anchor	exact	selected	1	same
m40a.fsb.txt	908	242	淳平	M40a_040_140_06_00	淳平	/sound/voice/M40a_040_140_06_00_00.ogg	unique_exact_anchor	exact	selected	1	same
m40a.fsb.txt	910	243	淳平	M40a_040_140_07_00	淳平	/sound/voice/M40a_040_140_07_00_00.ogg	unique_exact_anchor	exact	selected	1	same
m40a.fsb.txt	1039	269	セブン	M40a_060_010_03_00	セブン	/sound/voice/M40a_060_010_03_00_00.ogg	unique_exact_anchor	exact	selected	1	same
m40a.fsb.txt	1041	270	セブン	M40a_060_010_04_00	セブン	/sound/voice/M40a_060_010_04_00_00.ogg	unique_exact_anchor	exact	selected	1	same
m40a.fsb.txt	1043	271	セブン	M40a_060_010_05_00	セブン	/sound/voice/M40a_060_010_05_00_00.ogg	unique_exact_anchor	exact	selected	1	same
m40a.fsb.txt	1050	273	セブン	M40a_060_020_01_00	セブン	/sound/voice/M40a_060_020_01_00_00.ogg	unique_exact_anchor	exact	selected	1	same
m40a.fsb.txt	1052	274	淳平	M40a_060_020_02_00	淳平	/sound/voice/M40a_060_020_02_00_00.ogg	unique_exact_anchor	exact	selected	1	same
m40a.fsb.txt	1054	275	セブン	M40a_060_020_03_00	セブン	/sound/voice/M40a_060_020_03_00_00.ogg	unique_exact_anchor	exact	selected	1	same
m40a.fsb.txt	1056	276	セブン	M40a_060_020_04_00	セブン	/sound/voice/M40a_060_020_04_00_00.ogg	unique_exact_anchor	exact	selected	1	same
m40a.fsb.txt	1058	277	セブン	M40a_060_020_05_00	セブン	/sound/voice/M40a_060_020_05_00_00.ogg	unique_exact_anchor	exact	selected	1	same
m40a.fsb.txt	1060	278	セブン	M40a_060_020_06_00	セブン	/sound/voice/M40a_060_020_06_00_00.ogg	unique_exact_anchor	exact	selected	1	same
m40a.fsb.txt	1079	281	セブン	M40a_060_040_01_00	セブン	/sound/voice/M40a_060_040_01_00_00.ogg	unique_exact_anchor	exact	selected	1	same
m40a.fsb.txt	1081	282	セブン	M40a_060_040_02_00	セブン	/sound/voice/M40a_060_040_02_00_00.ogg	unique_exact_anchor	exact	selected	1	same
m40a.fsb.txt	1083	283	セブン	M40a_060_040_03_00	セブン	/sound/voice/M40a_060_040_03_00_00.ogg	unique_exact_anchor	exact	selected	1	same
m40a.fsb.txt	1085	284	淳平	M40a_060_040_04_00	淳平	/sound/voice/M40a_060_040_04_00_00.ogg	unique_exact_anchor	exact	selected	1	same
m40a.fsb.txt	1092	285	セブン	M40a_060_050_01_00	セブン	/sound/voice/M40a_060_050_01_00_00.ogg	unique_exact_anchor	exact	selected	1	same
m40a.fsb.txt	1094	286	セブン	M40a_060_050_02_00	セブン	/sound/voice/M40a_060_050_02_00_00.ogg	unique_exact_anchor	exact	selected	1	same
m40a.fsb.txt	1096	287	紫	M40a_060_050_03_00	紫	/sound/voice/M40a_060_050_03_00_00.ogg	unique_exact_anchor	exact	selected	1	same
m40a.fsb.txt	1099	288	セブン	M40a_060_050_04_00	セブン	/sound/voice/M40a_060_050_04_00_00.ogg	unique_exact_anchor	exact	selected	1	same
m40a.fsb.txt	1101	289	セブン	M40a_060_050_05_00	セブン	/sound/voice/M40a_060_050_05_00_00.ogg	unique_exact_anchor	exact	selected	1	same
m40a.fsb.txt	1121	295	八代	M40a_060_060_01_00	八代	/sound/voice/M40a_060_060_01_00_00.ogg	unique_exact_anchor	exact	selected	1	same
m40a.fsb.txt	1124	296	八代	M40a_060_060_02_00	八代	/sound/voice/M40a_060_060_02_00_00.ogg	unique_exact_anchor	exact	selected	1	same
m40a.fsb.txt	1132	299	八代	M40a_060_070_01_00	八代	/sound/voice/M40a_060_070_01_00_00.ogg	unique_exact_anchor	exact	selected	1	same
m40a.fsb.txt	1143	301	紫	M40a_060_070_03_00	紫	/sound/voice/M40a_060_070_03_00_00.ogg	unique_exact_anchor	exact	selected	1	same
m40a.fsb.txt	1147	302	四葉	M40a_060_070_04_00	四葉	/sound/voice/M40a_060_070_04_00_00.ogg	unique_exact_anchor	exact	selected	1	same
m40a.fsb.txt	1151	303	一宮	M40a_060_070_05_00	一宮	/sound/voice/M40a_060_070_05_00_00.ogg	unique_exact_anchor	exact	selected	1	same
m40a.fsb.txt	1159	305	淳平	M40a_060_080_01_00	淳平	/sound/voice/M40a_060_080_01_00_00.ogg	unique_exact_anchor	exact	selected	1	same
m40a.fsb.txt	1161	306	淳平	M40a_060_080_02_00	淳平	/sound/voice/M40a_060_080_02_00_00.ogg	unique_exact_anchor	exact	selected	1	same
m40a.fsb.txt	1168	308	セブン	M40a_060_080_04_00	セブン	/sound/voice/M40a_060_080_04_00_00.ogg	unique_exact_anchor	exact	selected	1	same
m40a.fsb.txt	1181	311	サンタ	M40a_060_090_01_00	サンタ	/sound/voice/M40a_060_090_01_00_00.ogg	unique_exact_anchor	exact	selected	1	same
m40a.fsb.txt	1189	314	淳平	M40a_060_090_04_00	淳平	/sound/voice/M40a_060_090_04_00_00.ogg	unique_exact_anchor	exact	selected	1	same
m40a.fsb.txt	1195	316	サンタ	M40a_060_100_01_00	サンタ	/sound/voice/M40a_060_100_01_00_00.ogg	unique_exact_anchor	exact	selected	1	same
m40a.fsb.txt	1197	317	淳平	M40a_060_100_02_00	淳平	/sound/voice/M40a_060_100_02_00_00.ogg	unique_exact_anchor	exact	selected	1	same
m40a.fsb.txt	1199	318	サンタ	M40a_060_100_03_00	サンタ	/sound/voice/M40a_060_100_03_00_00.ogg	unique_exact_anchor	exact	selected	1	same
m40a.fsb.txt	1201	319	淳平	M40a_060_100_04_00	淳平	/sound/voice/M40a_060_100_04_00_00.ogg	extended_same_speaker	medium	selected	1	same
m40a.fsb.txt	1204	320	サンタ	M40a_060_100_05_00	サンタ	/sound/voice/M40a_060_100_05_00_00.ogg	unique_exact_anchor	exact	selected	1	same
m40a.fsb.txt	1212	323	淳平	M40a_060_110_01_00	淳平	/sound/voice/M40a_060_110_01_00_00.ogg	unique_exact_anchor	exact	selected	1	same
m40a.fsb.txt	1214	324	サンタ	M40a_060_110_02_00	サンタ	/sound/voice/M40a_060_110_02_00_00.ogg	unique_exact_anchor	exact	selected	1	same
m40a.fsb.txt	1216	325	サンタ	M40a_060_110_03_00	サンタ	/sound/voice/M40a_060_110_03_00_00.ogg	unique_exact_anchor	exact	selected	1	same
m40a.fsb.txt	1218	326	サンタ	M40a_060_110_04_00	サンタ	/sound/voice/M40a_060_110_04_00_00.ogg	unique_exact_anchor	exact	selected	1	same
m40a.fsb.txt	1220	327	サンタ	M40a_060_110_05_00	サンタ	/sound/voice/M40a_060_110_05_00_00.ogg	unique_exact_anchor	exact	selected	1	same
m40a.fsb.txt	1222	328	サンタ	M40a_060_110_06_00	サンタ	/sound/voice/M40a_060_110_06_00_00.ogg	unique_exact_anchor	exact	selected	1	same
m40a.fsb.txt	1224	329	淳平	M40a_060_110_07_00	淳平	/sound/voice/M40a_060_110_07_00_00.ogg	unique_exact_anchor	exact	selected	1	same
m40a.fsb.txt	1226	330	淳平	M40a_060_110_08_00	淳平	/sound/voice/M40a_060_110_08_00_00.ogg	unique_exact_anchor	exact	selected	1	same
m40a.fsb.txt	1228	331	サンタ	M40a_060_110_09_00	サンタ	/sound/voice/M40a_060_110_09_00_00.ogg	unique_exact_anchor	exact	selected	1	same
m40a.fsb.txt	1230	332	淳平	M40a_060_110_10_00	淳平	/sound/voice/M40a_060_110_10_00_00.ogg	unique_exact_anchor	exact	selected	1	same
m40a.fsb.txt	1232	333	サンタ	M40a_060_110_11_00	サンタ	/sound/voice/M40a_060_110_11_00_00.ogg	monotonic_tfidf	review	selected	1	same
m40a.fsb.txt	1260	338	紫	M40a_060_120_05_00	紫	/sound/voice/M40a_060_120_05_00_00.ogg	unique_exact_anchor	exact	selected	1	same
m40a.fsb.txt	1274	340	サンタ	M40a_070_010_02_00	サンタ	/sound/voice/M40a_070_010_02_00_00.ogg	unique_exact_anchor	exact	selected	1	same
m40a.fsb.txt	1302	350	セブン	M40a_070_040_01_00	セブン	/sound/voice/M40a_070_040_01_00_00.ogg	unique_exact_anchor	exact	selected	1	same
m40a.fsb.txt	1304	351	淳平	M40a_070_040_02_00	淳平	/sound/voice/M40a_070_040_02_00_00.ogg	unique_exact_anchor	exact	selected	1	same
m40a.fsb.txt	1306	352	セブン	M40a_070_040_03_00	セブン	/sound/voice/M40a_070_040_03_00_00.ogg	monotonic_tfidf	high	selected	1	same
m40a.fsb.txt	1308	353	セブン	M40a_070_040_04_00	セブン	/sound/voice/M40a_070_040_04_00_00.ogg	unique_exact_anchor	exact	selected	1	same
m40a.fsb.txt	1310	354	サンタ	M40a_070_040_05_00	サンタ	/sound/voice/M40a_070_040_05_00_00.ogg	unique_exact_anchor	exact	selected	1	same
m40a.fsb.txt	1312	355	セブン	M40a_070_040_06_00	セブン	/sound/voice/M40a_070_040_06_00_00.ogg	unique_exact_anchor	exact	selected	1	same
m40a.fsb.txt	1349	363	サンタ	M40a_070_070_01_00	サンタ	/sound/voice/M40a_070_070_01_00_00.ogg	unique_exact_anchor	exact	selected	1	same
m40a.fsb.txt	1351	364	サンタ	M40a_070_070_02_00	サンタ	/sound/voice/M40a_070_070_02_00_00.ogg	unique_exact_anchor	exact	selected	1	same
m40a.fsb.txt	1353	365	サンタ	M40a_070_070_03_00	サンタ	/sound/voice/M40a_070_070_03_00_00.ogg	unique_exact_anchor	exact	selected	1	same
m40a.fsb.txt	1361	368	サンタ	M40a_070_080_01_00	サンタ	/sound/voice/M40a_070_080_01_00_00.ogg	unique_exact_anchor	exact	selected	1	same
m40a.fsb.txt	1369	371	サンタ	M40a_070_090_01_00	サンタ	/sound/voice/M40a_070_090_01_00_00.ogg	unique_exact_anchor	exact	selected	1	same
m40a.fsb.txt	1371	372	サンタ	M40a_070_090_02_00	サンタ	/sound/voice/M40a_070_090_02_00_00.ogg	unique_exact_anchor	exact	selected	1	same
m40a.fsb.txt	1397	378	四葉	M40a_070_100_01_00	四葉	/sound/voice/M40a_070_100_01_00_00.ogg	unique_exact_anchor	exact	selected	1	same
m40a.fsb.txt	1402	380	四葉	M40a_070_100_03_00	四葉	/sound/voice/M40a_070_100_03_00_00.ogg	unique_exact_anchor	exact	selected	1	same
m40a.fsb.txt	1405	381	サンタ	M40a_070_100_04_00	サンタ	/sound/voice/M40a_070_100_04_00_00.ogg	unique_exact_anchor	exact	selected	1	same
m40a.fsb.txt	1407	382	四葉	M40a_070_100_05_00	四葉	/sound/voice/M40a_070_100_05_00_00.ogg	monotonic_tfidf	high	selected	1	same
m40a.fsb.txt	1413	384	サンタ	M40a_070_110_01_00	サンタ	/sound/voice/M40a_070_110_01_00_00.ogg	unique_exact_anchor	exact	selected	1	same
m40a.fsb.txt	1415	385	四葉	M40a_070_110_02_00	四葉	/sound/voice/M40a_070_110_02_00_00.ogg	unique_exact_anchor	exact	selected	1	same
m40a.fsb.txt	1417	386	サンタ	M40a_070_110_03_00	サンタ	/sound/voice/M40a_070_110_03_00_00.ogg	unique_exact_anchor	exact	selected	1	same
m40a.fsb.txt	1419	387	サンタ	M40a_070_110_04_00	サンタ	/sound/voice/M40a_070_110_04_00_00.ogg	unique_exact_anchor	exact	selected	1	same
m40a.fsb.txt	1427	390	四葉	M40a_070_120_01_00	四葉	/sound/voice/M40a_070_120_01_00_00.ogg	unique_exact_anchor	exact	selected	1	same
m40a.fsb.txt	1437	392	サンタ	M40a_070_120_03_00	サンタ	/sound/voice/M40a_070_120_03_00_00.ogg	unique_exact_anchor	exact	selected	1	same
m40a.fsb.txt	1439	393	サンタ	M40a_070_120_04_00	サンタ	/sound/voice/M40a_070_120_04_00_00.ogg	unique_exact_anchor	exact	selected	1	same
m40a.fsb.txt	1441	394	サンタ	M40a_070_120_05_00	サンタ	/sound/voice/M40a_070_120_05_00_00.ogg	unique_exact_anchor	exact	selected	1	same
m40a.fsb.txt	1472	406	淳平	M40a_070_140_06_00	淳平	/sound/voice/M40a_070_140_06_00_00.ogg	unique_exact_anchor	exact	selected	1	same
m40a.fsb.txt	1480	407	一宮	M40a_070_150_01_00	一宮	/sound/voice/M40a_070_150_01_00_00.ogg	unique_exact_anchor	exact	selected	1	same
m40a.fsb.txt	1484	409	紫	M40a_070_150_03_00	紫	/sound/voice/M40a_070_150_03_00_00.ogg	unique_exact_anchor	exact	selected	1	same
m40a.fsb.txt	1492	410	紫	M40a_070_150_04_00	紫	/sound/voice/M40a_070_150_04_00_00.ogg	unique_exact_anchor	exact	selected	1	same
m40a.fsb.txt	1494	411	紫	M40a_070_150_05_00	紫	/sound/voice/M40a_070_150_05_00_00.ogg	unique_exact_anchor	exact	selected	1	same
m40a.fsb.txt	1496	412	淳平	M40a_070_150_06_00	淳平	/sound/voice/M40a_070_150_06_00_00.ogg	unique_exact_anchor	exact	selected	1	same
m40a.fsb.txt	1498	413	淳平	M40a_070_150_07_00	淳平	/sound/voice/M40a_070_150_07_00_00.ogg	unique_exact_anchor	exact	selected	1	same
m40a.fsb.txt	1500	414	淳平	M40a_070_150_08_00	淳平	/sound/voice/M40a_070_150_08_00_00.ogg	unique_exact_anchor	exact	selected	1	same
m40a.fsb.txt	1506	415	セブン	M40a_070_150_09_00	セブン	/sound/voice/M40a_070_150_09_00_00.ogg	unique_exact_anchor	exact	selected	1	same
m40a.fsb.txt	1508	416	セブン	M40a_070_150_10_00	セブン	/sound/voice/M40a_070_150_10_00_00.ogg	unique_exact_anchor	exact	selected	1	same
m40a.fsb.txt	1516	417	四葉	M40a_070_150_11_00	四葉	/sound/voice/M40a_070_150_11_00_00.ogg	unique_exact_anchor	exact	selected	1	same
m40a.fsb.txt	1518	418	四葉	M40a_070_150_12_00	四葉	/sound/voice/M40a_070_150_12_00_00.ogg	unique_exact_anchor	exact	selected	1	same
m40a.fsb.txt	1525	419	紫	M40a_070_160_01_00	紫	/sound/voice/M40a_070_160_01_00_00.ogg	monotonic_tfidf	medium	selected	1	same
m40a.fsb.txt	1527	420	紫	M40a_070_160_02_00	紫	/sound/voice/M40a_070_160_02_00_00.ogg	monotonic_tfidf	medium	selected	1	same
m40a.fsb.txt	1529	421	紫	M40a_070_160_03_00	紫	/sound/voice/M40a_070_160_03_00_00.ogg	unique_exact_anchor	exact	selected	1	same
m40a.fsb.txt	1560	430	サンタ	M40a_070_190_01_00	サンタ	/sound/voice/M40a_070_190_01_00_00.ogg	unique_exact_anchor	exact	selected	1	same
m40a.fsb.txt	1566	433	サンタ	M40a_070_190_04_00	サンタ	/sound/voice/M40a_070_190_04_00_00.ogg	unique_exact_anchor	exact	selected	1	same
m40a.fsb.txt	1568	434	サンタ	M40a_070_190_05_00	サンタ	/sound/voice/M40a_070_190_05_00_00.ogg	unique_exact_anchor	exact	selected	1	same
m40a.fsb.txt	1570	435	サンタ	M40a_070_190_06_00	サンタ	/sound/voice/M40a_070_190_06_00_00.ogg	unique_exact_anchor	exact	selected	1	same
m40a.fsb.txt	1572	436	サンタ	M40a_070_190_07_00	サンタ	/sound/voice/M40a_070_190_07_00_00.ogg	unique_exact_anchor	exact	selected	1	same
m40a.fsb.txt	1574	437	サンタ	M40a_070_190_08_00	サンタ	/sound/voice/M40a_070_190_08_00_00.ogg | /sound/voice/M40a_070_190_08_00_01.ogg	monotonic_tfidf	high	selected	1	same
m40a.fsb.txt	1580	439	一宮	M40a_070_200_01_00	一宮	/sound/voice/M40a_070_200_01_00_00.ogg	unique_exact_anchor	exact	selected	1	same
m40a.fsb.txt	1607	444	サンタ	M40a_070_210_01_00	サンタ	/sound/voice/M40a_070_210_01_00_00.ogg	unique_exact_anchor	exact	selected	1	same
m40a.fsb.txt	1609	445	サンタ	M40a_070_210_02_00	サンタ	/sound/voice/M40a_070_210_02_00_00.ogg	unique_exact_anchor	exact	selected	1	same
m40a.fsb.txt	1611	446	サンタ	M40a_070_210_03_00	サンタ	/sound/voice/M40a_070_210_03_00_00.ogg	unique_exact_anchor	exact	selected	1	same
m40a.fsb.txt	1613	447	サンタ	M40a_070_210_04_00	サンタ	/sound/voice/M40a_070_210_04_00_00.ogg	unique_exact_anchor	exact	selected	1	same
m40a.fsb.txt	1634	451	サンタ	M40a_070_220_01_00	サンタ	/sound/voice/M40a_070_220_01_00_00.ogg	monotonic_tfidf	review	selected	1	same
m40a.fsb.txt	1648	455	サンタ	M40a_070_230_01_00	サンタ	/sound/voice/M40a_070_230_01_00_00.ogg	unique_exact_anchor	exact	selected	1	same
m40a.fsb.txt	1757	480	セブン	M40a_080_030_03_00	セブン	/sound/voice/M40a_080_030_03_00_00.ogg	unique_exact_anchor	exact	selected	1	same
m40a.fsb.txt	1759	481	淳平	M40a_080_030_04_00	淳平	/sound/voice/M40a_080_030_04_00_00.ogg	unique_exact_anchor	exact	selected	1	same
m40a.fsb.txt	1781	486	セブン	M40a_080_050_01_00	セブン	/sound/voice/M40a_080_050_01_00_00.ogg	unique_exact_anchor	exact	selected	1	same
m40a.fsb.txt	1789	487	四葉	M40a_080_050_02_00	四葉	/sound/voice/M40a_080_050_02_00_00.ogg	unique_exact_anchor	exact	selected	1	same
m40a.fsb.txt	1849	497	セブン	M40a_080_060_01_00	セブン	/sound/voice/M40a_080_060_01_00_00.ogg	unique_exact_anchor	exact	selected	1	same
m40a.fsb.txt	1852	498	四葉	M40a_080_060_02_00	四葉	/sound/voice/M40a_080_060_02_00_00.ogg	unique_exact_anchor	exact	selected	1	same
m40a.fsb.txt	1854	499	淳平	M40a_080_060_03_00	淳平	/sound/voice/M40a_080_060_03_00_00.ogg	unique_exact_anchor	exact	selected	1	same
m40a.fsb.txt	1856	500	セブン	M40a_080_060_04_00	セブン	/sound/voice/M40a_080_060_04_00_00.ogg	unique_exact_anchor	exact	selected	1	same
m40a.fsb.txt	1858	501	四葉	M40a_080_060_05_00	四葉	/sound/voice/M40a_080_060_05_00_00.ogg	unique_exact_anchor	exact	selected	1	same
m40a.fsb.txt	1860	502	セブン	M40a_080_060_06_00	セブン	/sound/voice/M40a_080_060_06_00_00.ogg	unique_exact_anchor	exact	selected	1	same
m40a.fsb.txt	1862	503	淳平	M40a_080_060_07_00	淳平	/sound/voice/M40a_080_060_07_00_00.ogg	unique_exact_anchor	exact	selected	1	same
m40a.fsb.txt	1874	506	淳平	M40a_080_070_03_00	淳平	/sound/voice/M40a_080_070_03_00_00.ogg	unique_exact_anchor	exact	selected	1	same
m40a.fsb.txt	1876	507	セブン	M40a_080_070_04_00	セブン	/sound/voice/M40a_080_070_04_00_00.ogg	unique_exact_anchor	exact	selected	1	same
m40a.fsb.txt	1881	508	淳平	M40a_080_070_05_00	淳平	/sound/voice/M40a_080_070_05_00_00.ogg	unique_exact_anchor	exact	selected	1	same
m40a.fsb.txt	1883	509	セブン	M40a_080_070_06_00	セブン	/sound/voice/M40a_080_070_06_00_00.ogg	unique_exact_anchor	exact	selected	1	same
m40a.fsb.txt	1895	512	セブン	M40a_080_080_03_00	セブン	/sound/voice/M40a_080_080_03_00_00.ogg	unique_exact_anchor	exact	selected	1	same
m40a.fsb.txt	1897	513	淳平	M40a_080_080_04_00	淳平	/sound/voice/M40a_080_080_04_00_00.ogg	unique_exact_anchor	exact	selected	1	same
m40a.fsb.txt	1900	514	四葉	M40a_080_080_05_00	四葉	/sound/voice/M40a_080_080_05_00_00.ogg	unique_exact_anchor	exact	selected	1	same
m40a.fsb.txt	1902	515	淳平	M40a_080_080_06_00	淳平	/sound/voice/M40a_080_080_06_00_00.ogg	unique_exact_anchor	exact	selected	1	same
m40a.fsb.txt	1922	522	四葉	M40a_080_100_01_00	四葉	/sound/voice/M40a_080_100_01_00_00.ogg	unique_exact_anchor	exact	selected	1	same
m40a.fsb.txt	1924	523	セブン	M40a_080_100_02_00	セブン	/sound/voice/M40a_080_100_02_00_00.ogg	unique_exact_anchor	exact	selected	1	same
m40a.fsb.txt	2025	539	淳平	M40a_090_030_01_00	淳平	/sound/voice/M40a_090_030_01_00_00.ogg	unique_exact_anchor	exact	selected	1	same
m40a.fsb.txt	2035	541	セブン	M40a_090_030_03_00	セブン	/sound/voice/M40a_090_030_03_00_00.ogg	monotonic_tfidf	review	selected	1	same
m40a.fsb.txt	2037	542	四葉	M40a_090_030_04_00	四葉	/sound/voice/M40a_090_030_04_00_00.ogg	unique_exact_anchor	exact	selected	1	same
m40a.fsb.txt	2048	546	淳平	M40a_090_040_05_00	淳平	/sound/voice/M40a_090_040_05_00_00.ogg	unique_exact_anchor	exact	selected	1	same
m40a.fsb.txt	2374	616	セブン	M40a_090_180_02_00	セブン	/sound/voice/M40a_090_180_02_00_00.ogg	monotonic_tfidf	exact	selected	1	same
m40a.fsb.txt	2377	617	四葉	M40a_090_180_03_00	四葉	/sound/voice/M40a_090_180_03_00_00.ogg	unique_exact_anchor	exact	selected	1	same
m40a.fsb.txt	2380	618	セブン	M40a_090_180_04_00	セブン	/sound/voice/M40a_090_180_04_00_00.ogg	unique_exact_anchor	exact	selected	1	same
m40a.fsb.txt	2382	619	四葉	M40a_090_180_05_00	四葉	/sound/voice/M40a_090_180_05_00_00.ogg	unique_exact_anchor	exact	selected	1	same
m40a.fsb.txt	2449	630	四葉	M40a_090_210_01_00	四葉	/sound/voice/M40a_090_210_01_00_00.ogg	unique_exact_anchor	exact	selected	1	same
m40a.fsb.txt	2459	631	ニルス	M40a_090_210_02_00	ニルス	/sound/voice/M40a_090_210_02_00_00.ogg	unique_exact_anchor	exact	selected	1	same
m40a.fsb.txt	2461	632	淳平	M40a_090_210_03_00	淳平	/sound/voice/M40a_090_210_03_00_00.ogg	unique_exact_anchor	exact	selected	1	same
m40a.fsb.txt	2463	633	セブン	M40a_090_210_04_00	セブン	/sound/voice/M40a_090_210_04_00_00.ogg	monotonic_tfidf	review	selected	1	same
m40a.fsb.txt	2465	634	ニルス	M40a_090_210_05_00	ニルス	/sound/voice/M40a_090_210_05_00_00.ogg	unique_exact_anchor	exact	selected	1	same
m40a.fsb.txt	2479	639	四葉	M40a_090_230_02_00	四葉	/sound/voice/M40a_090_230_02_00_00.ogg	unique_exact_anchor	exact	selected	1	same
m40a.fsb.txt	2497	641	ニルス	M40a_090_240_01_00	ニルス	/sound/voice/M40a_090_240_01_00_00.ogg	unique_exact_anchor	exact	selected	1	same
m40a.fsb.txt	2499	642	ニルス	M40a_090_240_02_00	ニルス	/sound/voice/M40a_090_240_02_00_00.ogg	unique_exact_anchor	exact	selected	1	same
m40a.fsb.txt	2501	643	四葉	M40a_090_240_03_00	四葉	/sound/voice/M40a_090_240_03_00_00.ogg	monotonic_tfidf	review	selected	1	same
m40a.fsb.txt	2512	647	四葉	M40a_090_250_01_00	四葉	/sound/voice/M40a_090_250_01_00_00.ogg	unique_exact_anchor	exact	selected	1	same
m40a.fsb.txt	2530	654	四葉	M40a_090_260_01_00	四葉	/sound/voice/M40a_090_260_01_00_00.ogg	monotonic_tfidf	exact	selected	1	same
m40a.fsb.txt	2532	655	ニルス	M40a_090_260_02_00	ニルス	/sound/voice/M40a_090_260_02_00_00.ogg	unique_exact_anchor	exact	selected	1	same
m40a.fsb.txt	2534	656	ニルス	M40a_090_260_03_00	ニルス	/sound/voice/M40a_090_260_03_00_00.ogg	unique_exact_anchor	exact	selected	1	same
m40a.fsb.txt	2536	657	四葉	M40a_090_260_04_00	四葉	/sound/voice/M40a_090_260_04_00_00.ogg	monotonic_tfidf	high	selected	1	same
m40a.fsb.txt	2538	658	ニルス	M40a_090_260_05_00	ニルス	/sound/voice/M40a_090_260_05_00_00.ogg	unique_exact_anchor	exact	selected	1	same
m40a.fsb.txt	2540	659	四葉	M40a_090_260_06_00	四葉	/sound/voice/M40a_090_260_06_00_00.ogg	unique_exact_anchor	exact	selected	1	same
m40a.fsb.txt	2578	667	ニルス２	M40a_100_010_01_00	ニルス２	/sound/voice/M40a_100_010_01_00_00.ogg	unique_exact_anchor	exact	selected	1	same
m40a.fsb.txt	2582	668	ニルス２	M40a_100_010_02_00	ニルス２	/sound/voice/M40a_100_010_02_00_00.ogg	monotonic_tfidf	high	selected	1	same
m40a.fsb.txt	2584	669	ニルス２	M40a_100_010_03_00	ニルス２	/sound/voice/M40a_100_010_03_00_00.ogg	unique_exact_anchor	exact	selected	1	same
m40a.fsb.txt	2592	672	ニルス２	M40a_100_020_01_00	ニルス２	/sound/voice/M40a_100_020_01_00_00.ogg	unique_exact_anchor	exact	selected	1	same
m40a.fsb.txt	2594	673	ニルス２	M40a_100_020_02_00	ニルス２	/sound/voice/M40a_100_020_02_00_00.ogg	unique_exact_anchor	exact	selected	1	same
m40a.fsb.txt	2603	676	ニルス２	M40a_100_030_01_00	ニルス２	/sound/voice/M40a_100_030_01_00_00.ogg	unique_exact_anchor	exact	selected	1	same
m40a.fsb.txt	2606	677	ニルス２	M40a_100_030_03_00	ニルス２	/sound/voice/M40a_100_030_03_00_00.ogg	unique_exact_anchor	exact	selected	1	same
m40a.fsb.txt	2608	678	ニルス２	M40a_100_030_04_00	ニルス２	/sound/voice/M40a_100_030_04_00_00.ogg	unique_exact_anchor	exact	selected	1	same
m40a.fsb.txt	2610	679	ニルス２	M40a_100_030_05_00	ニルス２	/sound/voice/M40a_100_030_05_00_00.ogg | /sound/voice/M40a_100_030_05_00_01.ogg	monotonic_tfidf	high	selected	1	same
m40a.fsb.txt	2612	680	ニルス２	M40a_100_030_06_00	ニルス２	/sound/voice/M40a_100_030_06_00_00.ogg	unique_exact_anchor	exact	selected	1	same
m40a.fsb.txt	2622	681	セブン	M40a_100_040_01_00	セブン	/sound/voice/M40a_100_040_01_00_00.ogg	unique_exact_anchor	exact	selected	1	same
m40a.fsb.txt	2624	682	ニルス２	M40a_100_040_02_00	ニルス２	/sound/voice/M40a_100_040_02_00_00.ogg	unique_exact_anchor	exact	selected	1	same
m40a.fsb.txt	2626	683	セブン	M40a_100_040_03_00	セブン	/sound/voice/M40a_100_040_03_00_00.ogg	monotonic_tfidf	high	selected	1	same
m40a.fsb.txt	2628	684	セブン	M40a_100_040_04_00	セブン	/sound/voice/M40a_100_040_04_00_00.ogg	unique_exact_anchor	exact	selected	1	same
m40a.fsb.txt	2630	685	セブン	M40a_100_040_05_00	セブン	/sound/voice/M40a_100_040_05_00_00.ogg	unique_exact_anchor	exact	selected	1	same
m40a.fsb.txt	2632	686	セブン	M40a_100_040_06_00	セブン	/sound/voice/M40a_100_040_06_00_00.ogg	unique_exact_anchor	exact	selected	1	same
m40a.fsb.txt	2634	687	セブン	M40a_100_040_07_00	セブン	/sound/voice/M40a_100_040_07_00_00.ogg	unique_exact_anchor	exact	selected	1	same
m40a.fsb.txt	2638	688	ニルス２	M40a_100_050_01_00	ニルス２	/sound/voice/M40a_100_050_01_00_00.ogg	unique_exact_anchor	exact	selected	1	same
m40a.fsb.txt	2640	689	ニルス２	M40a_100_050_02_00	ニルス２	/sound/voice/M40a_100_050_02_00_00.ogg	unique_exact_anchor	exact	selected	1	same
m40a.fsb.txt	2642	690	ニルス２	M40a_100_050_03_00	ニルス２	/sound/voice/M40a_100_050_03_00_00.ogg	unique_exact_anchor	exact	selected	1	same
m40a.fsb.txt	2644	691	ニルス２	M40a_100_050_04_00	ニルス２	/sound/voice/M40a_100_050_04_00_00.ogg	unique_exact_anchor	exact	selected	1	same
m40a.fsb.txt	2649	692	四葉	M40a_100_060_01_00	四葉	/sound/voice/M40a_100_060_01_00_00.ogg	unique_exact_anchor	exact	selected	1	same
m40a.fsb.txt	2651	693	ニルス２	M40a_100_060_02_00	ニルス２	/sound/voice/M40a_100_060_02_00_00.ogg	unique_exact_anchor	exact	selected	1	same
m40a.fsb.txt	2653	694	淳平	M40a_100_060_03_00	淳平	/sound/voice/M40a_100_060_03_00_00.ogg	unique_exact_anchor	exact	selected	1	same
m40a.fsb.txt	2655	695	ニルス２	M40a_100_060_04_00	ニルス２	/sound/voice/M40a_100_060_04_00_00.ogg	unique_exact_anchor	exact	selected	1	same
m40a.fsb.txt	2657	696	セブン	M40a_100_060_05_00	セブン	/sound/voice/M40a_100_060_05_00_00.ogg	unique_exact_anchor	exact	selected	1	same
m40a.fsb.txt	2659	697	ニルス２	M40a_100_060_06_00	ニルス２	/sound/voice/M40a_100_060_06_00_00.ogg	unique_exact_anchor	exact	selected	1	same
m40a.fsb.txt	2661	698	ニルス２	M40a_100_060_07_00	ニルス２	/sound/voice/M40a_100_060_07_00_00.ogg	monotonic_tfidf	high	selected	1	same
m40a.fsb.txt	2663	699	ニルス２	M40a_100_060_08_00	ニルス２	/sound/voice/M40a_100_060_08_00_00.ogg	unique_exact_anchor	exact	selected	1	same
m40a.fsb.txt	2667	700	四葉	M40a_100_070_01_00	四葉	/sound/voice/M40a_100_070_01_00_00.ogg	unique_exact_anchor	exact	selected	1	same
m40a.fsb.txt	2669	701	淳平	M40a_100_070_02_00	淳平	/sound/voice/M40a_100_070_02_00_00.ogg	unique_exact_anchor	exact	selected	1	same
m40a.fsb.txt	2671	702	セブン	M40a_100_070_03_00	セブン	/sound/voice/M40a_100_070_03_00_00.ogg	unique_exact_anchor	exact	selected	1	same
m40a.fsb.txt	2674	703	ニルス２	M40a_100_070_04_00	ニルス２	/sound/voice/M40a_100_070_04_00_00.ogg	unique_exact_anchor	exact	selected	1	same
m40a.fsb.txt	2676	704	ニルス２	M40a_100_070_05_00	ニルス２	/sound/voice/M40a_100_070_05_00_00.ogg	unique_exact_anchor	exact	selected	1	same
m40a.fsb.txt	2731	718	四葉	M40a_100_120_01_00	四葉	/sound/voice/M40a_100_120_01_00_00.ogg	unique_exact_anchor	exact	selected	1	same
m40a.fsb.txt	2733	719	四葉	M40a_100_120_02_00	四葉	/sound/voice/M40a_100_120_02_00_00.ogg	unique_exact_anchor	exact	selected	1	same
m40a.fsb.txt	2735	720	四葉	M40a_100_120_03_00	四葉	/sound/voice/M40a_100_120_03_00_00.ogg	unique_exact_anchor	exact	selected	1	same
m40a.fsb.txt	2737	721	四葉	M40a_100_120_04_00	四葉	/sound/voice/M40a_100_120_04_00_00.ogg | /sound/voice/M40a_100_120_04_00_01.ogg	monotonic_tfidf	high	selected	1	same
m40a.fsb.txt	2739	722	四葉	M40a_100_120_05_00	四葉	/sound/voice/M40a_100_120_05_00_00.ogg | /sound/voice/M40a_100_120_05_00_01.ogg	monotonic_tfidf	high	selected	1	same
m40a.fsb.txt	2826	739	ニルス２	M40a_110_010_01_00	ニルス２	/sound/voice/M40a_110_010_01_00_00.ogg	unique_exact_anchor	exact	selected	1	same
m40a.fsb.txt	2831	740	ニルス２	M40a_110_010_02_00	ニルス２	/sound/voice/M40a_110_010_02_00_00.ogg	unique_exact_anchor	exact	selected	1	same
m40a.fsb.txt	2833	741	ニルス２	M40a_110_010_03_00	ニルス２	/sound/voice/M40a_110_010_03_00_00.ogg	unique_exact_anchor	exact	selected	1	same
m40a.fsb.txt	2835	742	ニルス２	M40a_110_010_04_00	ニルス２	/sound/voice/M40a_110_010_04_00_00.ogg	unique_exact_anchor	exact	selected	1	same
m40a.fsb.txt	2844	743	セブン	M40a_110_020_01_00	セブン	/sound/voice/M40a_110_020_01_00_00.ogg	unique_exact_anchor	exact	selected	1	same
m40a.fsb.txt	2846	744	ニルス２	M40a_110_020_02_00	ニルス２	/sound/voice/M40a_110_020_02_00_00.ogg	monotonic_tfidf	high	selected	1	same
m40a.fsb.txt	2852	746	セブン	M40a_110_030_01_00	セブン	/sound/voice/M40a_110_030_01_00_00.ogg	unique_exact_anchor	exact	selected	1	same
m40a.fsb.txt	2854	747	セブン	M40a_110_030_02_00	セブン	/sound/voice/M40a_110_030_02_00_00.ogg	unique_exact_anchor	exact	selected	1	same
m40a.fsb.txt	2858	748	四葉	M40a_110_030_03_00	四葉	/sound/voice/M40a_110_030_03_00_00.ogg	unique_exact_anchor	exact	selected	1	same
m40a.fsb.txt	2867	751	セブン	M40a_110_040_01_00	セブン	/sound/voice/M40a_110_040_01_00_00.ogg	unique_exact_anchor	exact	selected	1	same
m40a.fsb.txt	2871	752	ニルス２	M40a_110_040_02_00	ニルス２	/sound/voice/M40a_110_040_02_00_00.ogg	unique_exact_anchor	exact	selected	1	same
m40a.fsb.txt	2873	753	セブン	M40a_110_040_03_00	セブン	/sound/voice/M40a_110_040_03_00_00.ogg	unique_exact_anchor	exact	selected	1	same
m40a.fsb.txt	2918	760	セブン	M40a_110_060_01_00	セブン	/sound/voice/M40a_110_060_01_00_00.ogg	unique_exact_anchor	exact	selected	1	same
m40a.fsb.txt	2920	761	ニルス２	M40a_110_060_02_00	ニルス２	/sound/voice/M40a_110_060_02_00_00.ogg	unique_exact_anchor	exact	selected	1	same
m40a.fsb.txt	2922	762	四葉	M40a_110_060_03_00	四葉	/sound/voice/M40a_110_060_03_00_00.ogg	unique_exact_anchor	exact	selected	1	same
m40a.fsb.txt	2929	765	淳平	M40a_110_060_06_00	淳平	/sound/voice/M40a_110_060_06_00_00.ogg	unique_exact_anchor	exact	selected	1	same
m40a.fsb.txt	2938	766	セブン	M40a_110_070_01_00	セブン	/sound/voice/M40a_110_070_01_00_00.ogg	monotonic_tfidf	exact	selected	1	same
m40a.fsb.txt	2940	767	淳平	M40a_110_070_02_00	淳平	/sound/voice/M40a_110_070_02_00_00.ogg	unique_exact_anchor	exact	selected	1	same
m40a.fsb.txt	2948	768	ニルス２	M40a_110_070_03_00	ニルス２	/sound/voice/M40a_110_070_03_00_00.ogg	unique_exact_anchor	exact	selected	1	same
m40a.fsb.txt	2950	769	淳平	M40a_110_070_04_00	淳平	/sound/voice/M40a_110_070_04_00_00.ogg	unique_exact_anchor	exact	selected	1	same
m40a.fsb.txt	2952	770	淳平	M40a_110_070_05_00	淳平	/sound/voice/M40a_110_070_05_00_00.ogg	unique_exact_anchor	exact	selected	1	same
m40a.fsb.txt	2954	771	セブン	M40a_110_070_06_00	セブン	/sound/voice/M40a_110_070_06_00_00.ogg	unique_exact_anchor	exact	selected	1	same
m40a.fsb.txt	2956	772	淳平	M40a_110_070_07_00	淳平	/sound/voice/M40a_110_070_07_00_00.ogg	unique_exact_anchor	exact	selected	1	same
m40a.fsb.txt	2958	773	淳平	M40a_110_070_08_00	淳平	/sound/voice/M40a_110_070_08_00_00.ogg	unique_exact_anchor	exact	selected	1	same
m40a.fsb.txt	2962	775	淳平	M40a_110_070_10_00	淳平	/sound/voice/M40a_110_070_10_00_00.ogg	unique_exact_anchor	exact	selected	1	same
m40a.fsb.txt	2964	776	淳平	M40a_110_070_11_00	淳平	/sound/voice/M40a_110_070_11_00_00.ogg	unique_exact_anchor	exact	selected	1	same
m40a.fsb.txt	2971	779	セブン	M40a_110_070_14_00	セブン	/sound/voice/M40a_110_070_14_00_00.ogg	unique_exact_anchor	exact	selected	1	same
m40a.fsb.txt	2997	784	淳平	M40a_110_080_05_00	淳平	/sound/voice/M40a_110_080_05_00_00.ogg	monotonic_tfidf	high	selected	1	same
m40a.fsb.txt	3005	785	セブン	M40a_110_090_01_00	セブン	/sound/voice/M40a_110_090_01_00_00.ogg	unique_exact_anchor	exact	selected	1	same
m40a.fsb.txt	3007	786	淳平	M40a_110_090_02_00	淳平	/sound/voice/M40a_110_090_02_00_00.ogg	unique_exact_anchor	exact	selected	1	same
m40a.fsb.txt	3009	787	淳平	M40a_110_090_03_00	淳平	/sound/voice/M40a_110_090_03_00_00.ogg	unique_exact_anchor	exact	selected	1	same
m40a.fsb.txt	3011	788	セブン	M40a_110_090_04_00	セブン	/sound/voice/M40a_110_090_04_00_00.ogg	unique_exact_anchor	exact	selected	1	same
m40a.fsb.txt	3013	789	ニルス２	M40a_110_090_05_00	ニルス２	/sound/voice/M40a_110_090_05_00_00.ogg	unique_exact_anchor	exact	selected	1	same
m40a.fsb.txt	3015	790	淳平	M40a_110_090_06_00	淳平	/sound/voice/M40a_110_090_06_00_00.ogg	unique_exact_anchor	exact	selected	1	same
m40a.fsb.txt	3023	792	四葉	M40a_110_100_01_00	四葉	/sound/voice/M40a_110_100_01_00_00.ogg	unique_exact_anchor	exact	selected	1	same
m40a.fsb.txt	3025	793	四葉	M40a_110_100_02_00	四葉	/sound/voice/M40a_110_100_02_00_00.ogg	unique_exact_anchor	exact	selected	1	same
m40a.fsb.txt	3056	796	淳平	M40a_110_120_01_00	淳平	/sound/voice/M40a_110_120_01_00_00.ogg	monotonic_tfidf	high	selected	1	same
m40a.fsb.txt	3058	797	淳平	M40a_110_120_02_00	淳平	/sound/voice/M40a_110_120_02_00_00.ogg	unique_exact_anchor	exact	selected	1	same
m40a.fsb.txt	3060	798	淳平	M40a_110_120_04_10	淳平	/sound/voice/M40a_110_120_04_10_00.ogg	unique_exact_anchor	exact	selected	1	same
m40a.fsb.txt	3067	800	淳平	M40a_110_130_02_10	淳平	/sound/voice/M40a_110_130_02_10_00.ogg	monotonic_tfidf	high	selected	1	same
m40a.fsb.txt	3075	803	淳平	M40a_110_140_02_10	淳平	/sound/voice/M40a_110_140_02_10_00.ogg	monotonic_tfidf	review	selected	1	same
m40a.fsb.txt	3080	804	淳平	M40a_110_140_03_00	淳平	/sound/voice/M40a_110_140_03_00_00.ogg	unique_exact_anchor	exact	selected	1	same
m40a.fsb.txt	3086	805	四葉	M40a_110_140_04_00	四葉	/sound/voice/M40a_110_140_04_00_00.ogg	unique_exact_anchor	exact	selected	1	same
m40a.fsb.txt	3118	810	淳平	M40a_110_160_01_00	淳平	/sound/voice/M40a_110_160_01_00_00.ogg	unique_exact_anchor	exact	selected	1	same
m40a.fsb.txt	3120	811	淳平	M40a_110_160_02_00	淳平	/sound/voice/M40a_110_160_02_00_00.ogg	unique_exact_anchor	exact	selected	1	same
m40a.fsb.txt	3126	812	セブン	M40a_110_160_03_00	セブン	/sound/voice/M40a_110_160_03_00_00.ogg	unique_exact_anchor	exact	selected	1	same
m40a.fsb.txt	3128	813	淳平	M40a_110_160_04_00	淳平	/sound/voice/M40a_110_160_04_00_00.ogg	unique_exact_anchor	exact	selected	1	same
m40a.fsb.txt	3130	814	淳平	M40a_110_160_05_00	淳平	/sound/voice/M40a_110_160_05_00_00.ogg	unique_exact_anchor	exact	selected	1	same
m40a.fsb.txt	3132	815	淳平	M40a_110_160_06_00	淳平	/sound/voice/M40a_110_160_06_00_00.ogg	unique_exact_anchor	exact	selected	1	same
m40a.fsb.txt	3134	816	淳平	M40a_110_160_07_00	淳平	/sound/voice/M40a_110_160_07_00_00.ogg	unique_exact_anchor	exact	selected	1	same
m40a.fsb.txt	3144	819	セブン	M40a_110_170_01_00	セブン	/sound/voice/M40a_110_170_01_00_00.ogg	unique_exact_anchor	exact	selected	1	same
m40a.fsb.txt	3146	820	淳平	M40a_110_170_02_00	淳平	/sound/voice/M40a_110_170_02_00_00.ogg | /sound/voice/M40a_110_170_02_00_01.ogg	monotonic_tfidf	high	selected	1	same
m40a.fsb.txt	3151	821	ニルス２	M40a_110_170_03_00	ニルス２	/sound/voice/M40a_110_170_03_00_00.ogg	unique_exact_anchor	exact	selected	1	same
m40a.fsb.txt	3153	822	ニルス２	M40a_110_170_04_00	ニルス２	/sound/voice/M40a_110_170_04_00_00.ogg	unique_exact_anchor	exact	selected	1	same
m40a.fsb.txt	3155	823	淳平	M40a_110_170_05_00	淳平	/sound/voice/M40a_110_170_05_00_00.ogg	unique_exact_anchor	exact	selected	1	same
m40a.fsb.txt	3163	824	四葉	M40a_110_170_06_00	四葉	/sound/voice/M40a_110_170_06_00_00.ogg	unique_exact_anchor	exact	selected	1	same
m40a.fsb.txt	3165	825	淳平	M40a_110_170_07_00	淳平	/sound/voice/M40a_110_170_07_00_00.ogg	unique_exact_anchor	exact	selected	1	same
m40a.fsb.txt	3470	878	セブン	M40a_110_240_01_00	セブン	/sound/voice/M40a_110_240_01_00_00.ogg	unique_exact_anchor	exact	selected	1	same
m40a.fsb.txt	3472	879	四葉	M40a_110_240_02_00	四葉	/sound/voice/M40a_110_240_02_00_00.ogg	unique_exact_anchor	exact	selected	1	same
m40a.fsb.txt	3489	884	淳平	M40a_110_240_07_00	淳平	/sound/voice/M40a_110_240_07_00_00.ogg	unique_exact_anchor	exact	selected	1	same
m40a.fsb.txt	3491	885	淳平	M40a_110_240_08_00	淳平	/sound/voice/M40a_110_240_08_00_00.ogg	unique_exact_anchor	exact	selected	1	same
m40a.fsb.txt	3505	887	セブン	M40a_110_250_01_00	セブン	/sound/voice/M40a_110_250_01_00_00.ogg	unique_exact_anchor	exact	selected	1	same
m40a.fsb.txt	3507	888	淳平	M40a_110_250_02_00	淳平	/sound/voice/M40a_110_250_02_00_00.ogg	unique_exact_anchor	exact	selected	1	same
m40a.fsb.txt	3509	889	淳平	M40a_110_250_03_00	淳平	/sound/voice/M40a_110_250_03_00_00.ogg	unique_exact_anchor	exact	selected	1	same
m40a.fsb.txt	3511	890	淳平	M40a_110_250_04_00	淳平	/sound/voice/M40a_110_250_04_00_00.ogg	monotonic_tfidf	medium	selected	1	same
m40a.fsb.txt	3513	891	セブン	M40a_110_250_05_00	セブン	/sound/voice/M40a_110_250_05_00_00.ogg	unique_exact_anchor	exact	selected	1	same
m40a.fsb.txt	3527	894	四葉	M40a_110_251_01_00	四葉	/sound/voice/M40a_110_251_01_00_00.ogg	unique_exact_anchor	exact	selected	1	same
m40a.fsb.txt	3529	895	四葉	M40a_110_251_02_00	四葉	/sound/voice/M40a_110_251_02_00_00.ogg	unique_exact_anchor	exact	selected	1	same
m40a.fsb.txt	3531	896	淳平	M40a_110_251_03_00	淳平	/sound/voice/M40a_110_251_03_00_00.ogg	monotonic_tfidf	exact	selected	1	same
m40a.fsb.txt	3533	897	四葉	M40a_110_251_04_00	四葉	/sound/voice/M40a_110_251_04_00_00.ogg	unique_exact_anchor	exact	selected	1	same
m40a.fsb.txt	3540	899	ニルス２	M40a_110_252_01_00	ニルス２	/sound/voice/M40a_110_252_01_00_00.ogg	unique_exact_anchor	exact	selected	1	same
m40a.fsb.txt	3542	900	四葉	M40a_110_252_02_00	四葉	/sound/voice/M40a_110_252_02_00_00.ogg	unique_exact_anchor	exact	selected	1	same
m40a.fsb.txt	3544	901	ニルス２	M40a_110_252_03_00	ニルス２	/sound/voice/M40a_110_252_03_00_00.ogg	unique_exact_anchor	exact	selected	1	same
m40a.fsb.txt	3546	902	ニルス２	M40a_110_252_04_00	ニルス２	/sound/voice/M40a_110_252_04_00_00.ogg	unique_exact_anchor	exact	selected	1	same
m40a.fsb.txt	3561	903	ニルス２	M40a_110_260_01_00	ニルス２	/sound/voice/M40a_110_260_01_00_00.ogg | /sound/voice/M40a_110_260_01_00_01.ogg	monotonic_tfidf	high	selected	1	same
m40a.fsb.txt	3563	904	ニルス２	M40a_110_260_02_00	ニルス２	/sound/voice/M40a_110_260_02_00_00.ogg	unique_exact_anchor	exact	selected	1	same
m40a.fsb.txt	3565	905	ニルス２	M40a_110_260_03_00	ニルス２	/sound/voice/M40a_110_260_03_00_00.ogg	unique_exact_anchor	exact	selected	1	same
m40a.fsb.txt	3575	906	セブン	M40a_110_260_04_00	セブン	/sound/voice/M40a_110_260_04_00_00.ogg	unique_exact_anchor	exact	selected	1	same
m40a.fsb.txt	3577	907	ニルス２	M40a_110_260_05_00	ニルス２	/sound/voice/M40a_110_260_05_00_00.ogg	unique_exact_anchor	exact	selected	1	same
m40a.fsb.txt	3581	908	四葉	M40a_110_260_06_00	四葉	/sound/voice/M40a_110_260_06_00_00.ogg	unique_exact_anchor	exact	selected	1	same
m40a.fsb.txt	3583	909	ニルス２	M40a_110_260_07_00	ニルス２	/sound/voice/M40a_110_260_07_00_00.ogg	unique_exact_anchor	exact	selected	1	same
m40a.fsb.txt	3585	910	四葉	M40a_110_260_08_00	四葉	/sound/voice/M40a_110_260_08_00_00.ogg	unique_exact_anchor	exact	selected	1	same
m40a.fsb.txt	3618	916	四葉	M40a_110_320_04_00	四葉	/sound/voice/M40a_110_320_04_00_00.ogg	monotonic_tfidf	high	selected	1	same
m40a.fsb.txt	3620	917	四葉	M40a_110_320_05_00	四葉	/sound/voice/M40a_110_320_05_00_00.ogg	unique_exact_anchor	exact	selected	1	same
m40a.fsb.txt	3622	918	四葉	M40a_110_320_06_00	四葉	/sound/voice/M40a_110_320_06_00_00.ogg	unique_exact_anchor	exact	selected	1	same
m40a.fsb.txt	3628	919	四葉	M40a_110_370_01_00	四葉	/sound/voice/M40a_110_370_01_00_00.ogg	monotonic_tfidf	high	selected	1	same
m40a.fsb.txt	3630	920	四葉	M40a_110_370_02_00	四葉	/sound/voice/M40a_110_370_02_00_00.ogg	monotonic_tfidf	high	selected	1	same
m40a.fsb.txt	3632	921	ニルス２	M40a_110_370_03_00	ニルス２	/sound/voice/M40a_110_370_03_00_00.ogg	unique_exact_anchor	exact	selected	1	same
m40a.fsb.txt	3634	922	四葉	M40a_110_370_04_00	四葉	/sound/voice/M40a_110_370_04_00_00.ogg	unique_exact_anchor	exact	selected	1	same
m40a.fsb.txt	3636	923	セブン	M40a_110_370_05_00	セブン	/sound/voice/M40a_110_370_05_00_00.ogg	unique_exact_anchor	exact	selected	1	same
m40a.fsb.txt	3638	924	四葉	M40a_110_370_06_00	四葉	/sound/voice/M40a_110_370_06_00_00.ogg	unique_exact_anchor	exact	selected	1	same
m40a.fsb.txt	3640	925	セブン	M40a_110_370_07_00	セブン	/sound/voice/M40a_110_370_07_00_00.ogg	unique_exact_anchor	exact	selected	1	same
m40a.fsb.txt	3642	926	ニルス２	M40a_110_370_08_00	ニルス２	/sound/voice/M40a_110_370_08_00_00.ogg	extended_same_speaker	medium	selected	1	same
m40a.fsb.txt	3644	927	四葉	M40a_110_370_09_00	四葉	/sound/voice/M40a_110_370_09_00_00.ogg	unique_exact_anchor	exact	selected	1	same
m40a.fsb.txt	3651	928	ニルス２	M40a_110_380_01_00	ニルス２	/sound/voice/M40a_110_380_01_00_00.ogg	unique_exact_anchor	exact	selected	1	same
m40a.fsb.txt	3653	929	ニルス２	M40a_110_380_03_00	ニルス２	/sound/voice/M40a_110_380_03_00_00.ogg	monotonic_tfidf	medium	selected	1	same
m40a.fsb.txt	3656	930	ニルス２	M40a_110_390_01_00	ニルス２	/sound/voice/M40a_110_390_01_00_00.ogg	unique_exact_anchor	exact	selected	1	same
m40a.fsb.txt	3658	931	ニルス２	M40a_110_390_02_00	ニルス２	/sound/voice/M40a_110_390_02_00_00.ogg	unique_exact_anchor	exact	selected	1	same
m40a.fsb.txt	3660	932	ニルス２	M40a_110_390_03_00	ニルス２	/sound/voice/M40a_110_390_03_00_00.ogg	monotonic_tfidf	high	selected	1	same
m40a.fsb.txt	3662	933	ニルス２	M40a_110_390_04_00	ニルス２	/sound/voice/M40a_110_390_04_00_00.ogg | /sound/voice/M40a_110_390_04_00_01.ogg	monotonic_tfidf	high	selected	1	same
m40a.fsb.txt	3665	934	ニルス２	M40a_110_390_05_00	ニルス２	/sound/voice/M40a_110_390_05_00_00.ogg	unique_exact_anchor	exact	selected	1	same
m40a.fsb.txt	3667	935	ニルス２	M40a_110_390_06_00	ニルス２	/sound/voice/M40a_110_390_06_00_00.ogg	unique_exact_anchor	exact	selected	1	same
m40a.fsb.txt	3669	936	セブン	M40a_110_390_07_00	セブン	/sound/voice/M40a_110_390_07_00_00.ogg	unique_exact_anchor	exact	selected	1	same
m40a.fsb.txt	3683	938	セブン	M40a_110_440_01_00	セブン	/sound/voice/M40a_110_440_01_00_00.ogg	unique_exact_anchor	exact	selected	1	same
m40a.fsb.txt	3694	941	ニルス２	M40a_110_441_01_00	ニルス２	/sound/voice/M40a_110_441_01_00_00.ogg	unique_exact_anchor	exact	selected	1	same
m40a.fsb.txt	3696	942	ニルス２	M40a_110_441_02_00	ニルス２	/sound/voice/M40a_110_441_02_00_00.ogg	unique_exact_anchor	exact	selected	1	same
m40a.fsb.txt	3699	943	ニルス２	M40a_110_441_03_00	ニルス２	/sound/voice/M40a_110_441_03_00_00.ogg	unique_exact_anchor	exact	selected	1	same
m40a.fsb.txt	3703	944	四葉	M40a_110_441_04_00	四葉	/sound/voice/M40a_110_441_04_00_00.ogg	unique_exact_anchor	exact	selected	1	same
m40a.fsb.txt	3705	945	四葉	M40a_110_441_05_00	四葉	/sound/voice/M40a_110_441_05_00_00.ogg	unique_exact_anchor	exact	selected	1	same
m40a.fsb.txt	3710	946	ニルス２	M40a_110_441_06_00	ニルス２	/sound/voice/M40a_110_441_06_00_00.ogg	unique_exact_anchor	exact	selected	1	same
m40a.fsb.txt	3714	947	ニルス２	M40a_110_441_07_00	ニルス２	/sound/voice/M40a_110_441_07_00_00.ogg	monotonic_tfidf	review	selected	1	same
m40a.fsb.txt	3716	948	ニルス２	M40a_110_441_08_00	ニルス２	/sound/voice/M40a_110_441_08_00_00.ogg	unique_exact_anchor	exact	selected	1	same
m40a.fsb.txt	3718	949	ニルス２	M40a_110_441_09_00	ニルス２	/sound/voice/M40a_110_441_09_00_00.ogg	unique_exact_anchor	exact	selected	1	same
m40a.fsb.txt	3726	951	セブン	M40a_110_441_11_10	セブン	/sound/voice/M40a_110_441_11_10_00.ogg	unique_exact_anchor	exact	selected	1	same
m40a.fsb.txt	3734	952	ニルス２	M40a_110_441_12_10	ニルス２	/sound/voice/M40a_110_441_12_10_00.ogg	unique_exact_anchor	exact	selected	1	same
m40a.fsb.txt	3739	953	四葉	M40a_110_450_01_00	四葉	/sound/voice/M40a_110_450_01_00_00.ogg	unique_exact_anchor	exact	selected	1	same
m40a.fsb.txt	3741	954	ニルス２	M40a_110_450_02_00	ニルス２	/sound/voice/M40a_110_450_02_00_00.ogg	unique_exact_anchor	exact	selected	1	same
m40a.fsb.txt	3743	955	ニルス２	M40a_110_450_03_00	ニルス２	/sound/voice/M40a_110_450_03_00_00.ogg	unique_exact_anchor	exact	selected	1	same
m40a.fsb.txt	3745	956	ニルス２	M40a_110_450_04_00	ニルス２	/sound/voice/M40a_110_450_04_00_00.ogg	unique_exact_anchor	exact	selected	1	same
m40a.fsb.txt	3771	967	ニルス２	M40a_110_460_01_00	ニルス２	/sound/voice/M40a_110_460_01_00_00.ogg	unique_exact_anchor	exact	selected	1	same
m40a.fsb.txt	3773	968	ニルス２	M40a_110_460_02_00	ニルス２	/sound/voice/M40a_110_460_02_00_00.ogg	unique_exact_anchor	exact	selected	1	same
m40a.fsb.txt	3845	974	淳平	M40a_120_010_04_00	淳平	/sound/voice/M40a_120_010_04_00_00.ogg	unique_exact_anchor	exact	selected	1	same
m40a.fsb.txt	3882	985	ニルス２	M40a_120_030_04_00	ニルス２	/sound/voice/M40a_120_030_04_00_00.ogg	unique_exact_anchor	exact	selected	1	same
m40a.fsb.txt	3912	995	淳平	M40a_120_050_01_00	淳平	/sound/voice/M40a_120_050_01_00_00.ogg	unique_exact_anchor	exact	selected	1	same
m40a.fsb.txt	3956	1004	淳平	M40a_130_020_01_00	淳平	/sound/voice/M40a_130_020_01_00_00.ogg	unique_exact_anchor	exact	selected	1	same
m40a.fsb.txt	3958	1005	淳平	M40a_130_020_02_00	淳平	/sound/voice/M40a_130_020_02_00_00.ogg	unique_exact_anchor	exact	selected	1	same
m40a.fsb.txt	3960	1006	四葉	M40a_130_020_03_00	四葉	/sound/voice/M40a_130_020_03_00_00.ogg	unique_exact_anchor	exact	selected	1	same
m40a.fsb.txt	3962	1007	ニルス２	M40a_130_020_04_00	ニルス２	/sound/voice/M40a_130_020_04_00_00.ogg	unique_exact_anchor	exact	selected	1	same
m40a.fsb.txt	3964	1008	セブン	M40a_130_020_05_00	セブン	/sound/voice/M40a_130_020_05_00_00.ogg	unique_exact_anchor	exact	selected	1	same
m40a.fsb.txt	3966	1009	淳平	M40a_130_020_06_00	淳平	/sound/voice/M40a_130_020_06_00_00.ogg	unique_exact_anchor	exact	selected	1	same
